<system>
	<launcher name="RetroArch Nestopia (NES)" os="OSX">
		<launcher_command>%APP_PATH%/Contents/MacOS/RetroArch -- -L "%APP_PATH%/Contents/Resources/cores/nestopia_libretro.dylib" "%ROM_PATH%"</launcher_command>
	</launcher>
	<launcher name="RetroArch mGBA (GBA)" os="OSX">
		<launcher_command>%APP_PATH%/Contents/MacOS/RetroArch -- -L "%APP_PATH%/Contents/Resources/cores/mgba_libretro.dylib" "%ROM_PATH%"</launcher_command>
	</launcher>
	<launcher name="RetroArch SNES9x (SNES)" os="OSX">
		<launcher_command>%APP_PATH%/Contents/MacOS/RetroArch -- -L "%APP_PATH%/Contents/Resources/cores/snes9x_libretro.dylib" "%ROM_PATH%"</launcher_command>
	</launcher>
	<launcher name="RetroArch Mupen64Plus (N64)" os="OSX">
		<launcher_command>%APP_PATH%/Contents/MacOS/RetroArch -- -L "%APP_PATH%/Contents/Resources/cores/mupen64plus_libretro.dylib" "%ROM_PATH%"</launcher_command>
	</launcher>
	<launcher name="RetroArch Genesis Plus (Sega Genesis)" os="OSX">
		<launcher_command>%APP_PATH%/Contents/MacOS/RetroArch -- -L "%APP_PATH%/Contents/Resources/cores/genesis_plus_gx_libretro.dylib" "%ROM_PATH%"</launcher_command>
	</launcher>
	<launcher name="RetroArch Pico Drive (Sega 32X/CD)" os="OSX">
		<launcher_command>%APP_PATH%/Contents/MacOS/RetroArch -- -L "%APP_PATH%/Contents/Resources/cores/picodrive_libretro.dylib" "%ROM_PATH%"</launcher_command>
	</launcher>
	<launcher name="RetroArch Mednafen Supergrafx (TG16)" os="OSX">
		<launcher_command>%APP_PATH%/Contents/MacOS/RetroArch -- -L "%APP_PATH%/Contents/Resources/cores/mednafen_supergrafx_libretro.dylib" "%ROM_PATH%"</launcher_command>
	</launcher>
	<launcher name="RetroArch MAME (Arcade)" os="OSX">
		<launcher_command>%APP_PATH%/Contents/MacOS/RetroArch -- -L "%APP_PATH%/Contents/Resources/cores/mame_libretro.dylib" "%ROM_PATH%"</launcher_command>
	</launcher>
	<launcher name="RetroArch Stella (Atari)" os="OSX">
		<launcher_command>%APP_PATH%/Contents/MacOS/RetroArch -- -L "%APP_PATH%/Contents/Resources/cores/stella_libretro.dylib" "%ROM_PATH%"</launcher_command>
	</launcher>
	<launcher name="RetroArch Hatari (Atari)" os="OSX">
		<launcher_command>%APP_PATH%/Contents/MacOS/RetroArch -- -L "%APP_PATH%/Contents/Resources/cores/hatari_libretro.dylib" "%ROM_PATH%"</launcher_command>
	</launcher>
	<launcher name="RetroArch DOSBox (PC)" os="OSX">
		<launcher_command>%APP_PATH%/Contents/MacOS/RetroArch -- -L "%APP_PATH%/Contents/Resources/cores/dosbox_libretro.dylib" "%ROM_PATH%"</launcher_command>
	</launcher>
	<launcher name="RetroArch PCSX ReArmed (PS1)" os="OSX">
		<launcher_command>%APP_PATH%/Contents/MacOS/RetroArch -- -L "%APP_PATH%/Contents/Resources/cores/pcsx_rearmed_libretro.dylib" "%ROM_PATH%"</launcher_command>
	</launcher>
	<launcher name="RetroArch Mednafen PSX (PS1)" os="OSX">
		<launcher_command>%APP_PATH%/Contents/MacOS/RetroArch -- -L "%APP_PATH%/Contents/Resources/cores/mednafen_psx_libretro.dylib" "%ROM_PATH%"</launcher_command>
	</launcher>
	<launcher name="RetroArch PPSSPP (PSP)" os="OSX">
		<launcher_command>%APP_PATH%/Contents/MacOS/RetroArch -- -L "%APP_PATH%/Contents/Resources/cores/ppsspp_libretro.dylib" "%ROM_PATH%"</launcher_command>
	</launcher>
	<launcher name="RetroArch VirtualJaguar (Atari Jaguar)" os="OSX">
		<launcher_command>%APP_PATH%/Contents/MacOS/RetroArch -- -L "%APP_PATH%/Contents/Resources/cores/virtualjaguar_libretro.dylib" "%ROM_PATH%"</launcher_command>
	</launcher>
	<launcher name="RetroArch 4DO (3DO)" os="Windows">
		<launcher_command>"%APP_PATH%\retroarch.exe" -L "%APP_PATH%\cores\4do_libretro.dll" "%ROM_PATH%"</launcher_command>
	</launcher>
	<launcher name="RetroArch BNES (NES)" os="Windows">
		<launcher_command>"%APP_PATH%\retroarch.exe" -L "%APP_PATH%\cores\bnes_libretro.dll" "%ROM_PATH%"</launcher_command>
	</launcher>
	<launcher name="RetroArch BSNES Accuracy (SNES)" os="Windows">
		<launcher_command>"%APP_PATH%\retroarch.exe" -L "%APP_PATH%\cores\bsnes_accuracy_libretro.dll" "%ROM_PATH%"</launcher_command>
	</launcher>
	<launcher name="RetroArch BSNES Balanced (SNES)" os="Windows">
		<launcher_command>"%APP_PATH%\retroarch.exe" -L "%APP_PATH%\cores\bsnes_balanced_libretro.dll" "%ROM_PATH%"</launcher_command>
	</launcher>
	<launcher name="RetroArch BSNES Performance (SNES)" os="Windows">
		<launcher_command>"%APP_PATH%\retroarch.exe" -L "%APP_PATH%\cores\bsnes_performance_libretro.dll" "%ROM_PATH%"</launcher_command>
	</launcher>
	<launcher name="RetroArch DeSmuME (NDS)" os="Windows">
		<launcher_command>"%APP_PATH%\retroarch.exe" -L "%APP_PATH%\cores\desmume_libretro.dll" "%ROM_PATH%"</launcher_command>
	</launcher>
	<launcher name="RetroArch DOSBox (PC)" os="Windows">
		<launcher_command>"%APP_PATH%\retroarch.exe" -L "%APP_PATH%\cores\dosbox_libretro.dll" "%ROM_PATH%"</launcher_command>
	</launcher>
	<launcher name="RetroArch Emux GB (GB/GBC)" os="Windows">
		<launcher_command>"%APP_PATH%\retroarch.exe" -L "%APP_PATH%\cores\emux_gb_libretro.dll" "%ROM_PATH%"</launcher_command>
	</launcher>
	<launcher name="RetroArch Emux NES (NES)" os="Windows">
		<launcher_command>"%APP_PATH%\retroarch.exe" -L "%APP_PATH%\cores\emux_nes_libretro.dll" "%ROM_PATH%"</launcher_command>
	</launcher>
	<launcher name="RetroArch Emux SMS (Master System)" os="Windows">
		<launcher_command>"%APP_PATH%\retroarch.exe" -L "%APP_PATH%\cores\emux_sms_libretro.dll" "%ROM_PATH%"</launcher_command>
	</launcher>
	<launcher name="RetroArch FCEUmm (NES)" os="Windows">
		<launcher_command>"%APP_PATH%\retroarch.exe" -L "%APP_PATH%\cores\fceumm_libretro.dll" "%ROM_PATH%"</launcher_command>
	</launcher>
	<launcher name="RetroArch Gambatte (GB/GBC)" os="Windows">
		<launcher_command>"%APP_PATH%\retroarch.exe" -L "%APP_PATH%\cores\gambatte_libretro.dll" "%ROM_PATH%"</launcher_command>
	</launcher>
	<launcher name="RetroArch Genesis Plus GX (Sega GG/MS/MD/Gen/PICO/SG-1000)" os="Windows">
		<launcher_command>"%APP_PATH%\retroarch.exe" -L "%APP_PATH%\cores\genesis_plus_gx_libretro.dll" "%ROM_PATH%"</launcher_command>
	</launcher>
	<launcher name="RetroArch GpSP (GBA)" os="Windows">
		<launcher_command>"%APP_PATH%\retroarch.exe" -L "%APP_PATH%\cores\gpsp_libretro.dll" "%ROM_PATH%"</launcher_command>
	</launcher>
	<launcher name="RetroArch Handy (Lynx)" os="Windows">
		<launcher_command>"%APP_PATH%\retroarch.exe" -L "%APP_PATH%\cores\handy_libretro.dll" "%ROM_PATH%"</launcher_command>
	</launcher>
	<launcher name="RetroArch Hatari (Atari ST/STE/TT/Falcon)" os="Windows">
		<launcher_command>"%APP_PATH%\retroarch.exe" -L "%APP_PATH%\cores\hatari_libretro.dll" "%ROM_PATH%"</launcher_command>
	</launcher>
	<launcher name="RetroArch MAME 2014 (Arcade)" os="Windows">
		<launcher_command>"%APP_PATH%\retroarch.exe" -L "%APP_PATH%\cores\mame2014_libretro.dll" "%ROM_PATH%"</launcher_command>
	</launcher>
	<launcher name="RetroArch MAME (Arcade)" os="Windows">
		<launcher_command>"%APP_PATH%\retroarch.exe" -L "%APP_PATH%\cores\mame_libretro.dll" "%ROM_PATH%"</launcher_command>
	</launcher>
	<launcher name="RetroArch Mednafen PCE FAST (TG16)" os="Windows">
		<launcher_command>"%APP_PATH%\retroarch.exe" -L "%APP_PATH%\cores\mednafen_pce_fast_libretro.dll" "%ROM_PATH%"</launcher_command>
	</launcher>
	<launcher name="RetroArch Mednafen SNES (SNES)" os="Windows">
		<launcher_command>"%APP_PATH%\retroarch.exe" -L "%APP_PATH%\cores\mednafen_snes_libretro.dll" "%ROM_PATH%"</launcher_command>
	</launcher>
	<launcher name="RetroArch Mednafen SuperGrafx (PCE)" os="Windows">
		<launcher_command>"%APP_PATH%\retroarch.exe" -L "%APP_PATH%\cores\mednafen_supergrafx_libretro.dll" "%ROM_PATH%"</launcher_command>
	</launcher>
	<launcher name="RetroArch Meteor (GBA)" os="Windows">
		<launcher_command>"%APP_PATH%\retroarch.exe" -L "%APP_PATH%\cores\meteor_libretro.dll" "%ROM_PATH%"</launcher_command>
	</launcher>
	<launcher name="RetroArch mGBA (GBA)" os="Windows">
		<launcher_command>"%APP_PATH%\retroarch.exe" -L "%APP_PATH%\cores\mgba_libretro.dll" "%ROM_PATH%"</launcher_command>
	</launcher>
	<launcher name="RetroArch Mupen64Plus (N64)" os="Windows">
		<launcher_command>"%APP_PATH%\retroarch.exe" -L "%APP_PATH%\cores\mupen64plus_libretro.dll" "%ROM_PATH%"</launcher_command>
	</launcher>
	<launcher name="RetroArch Nestopia (NES)" os="Windows">
		<launcher_command>"%APP_PATH%\retroarch.exe" -L "%APP_PATH%\cores\nestopia_libretro.dll" "%ROM_PATH%"</launcher_command>
	</launcher>
	<launcher name="RetroArch Pico Drive (Sega 32X/CD)" os="Windows">
		<launcher_command>"%APP_PATH%\retroarch.exe" -L "%APP_PATH%\cores\picodrive_libretro.dll" "%ROM_PATH%"</launcher_command>
	</launcher>
	<launcher name="RetroArch PPSSPP (PSP)" os="Windows">
		<launcher_command>"%APP_PATH%\retroarch.exe" -L "%APP_PATH%\cores\ppsspp_libretro.dll" "%ROM_PATH%"</launcher_command>
	</launcher>
	<launcher name="RetroArch SNES9x (SNES)" os="Windows">
		<launcher_command>"%APP_PATH%\retroarch.exe" -L "%APP_PATH%\cores\snes9x_libretro.dll" "%ROM_PATH%"</launcher_command>
	</launcher>
	<launcher name="RetroArch SNES9x Next (SNES)" os="Windows">
		<launcher_command>"%APP_PATH%\retroarch.exe" -L "%APP_PATH%\cores\snes9x_next_libretro.dll" "%ROM_PATH%"</launcher_command>
	</launcher>
	<launcher name="RetroArch Stella (Atari)" os="Windows">
		<launcher_command>"%APP_PATH%\retroarch.exe" -L "%APP_PATH%\cores\stella_libretro.dll" "%ROM_PATH%"</launcher_command>
	</launcher>
	<launcher name="RetroArch VBA-M (GBA)" os="Windows">
		<launcher_command>"%APP_PATH%\retroarch.exe" -L "%APP_PATH%\cores\vbam_libretro.dll" "%ROM_PATH%"</launcher_command>
	</launcher>
	<launcher name="RetroArch VBA Next (GBA)" os="Windows">
		<launcher_command>"%APP_PATH%\retroarch.exe" -L "%APP_PATH%\cores\vba_next_libretro.dll" "%ROM_PATH%"</launcher_command>
	</launcher>
	<launcher name="RetroArch VirtualJaguar (Atari Jaguar)" os="Windows">
		<launcher_command>"%APP_PATH%\retroarch.exe" -L "%APP_PATH%\cores\virtualjaguar_libretro.dll" "%ROM_PATH%"</launcher_command>
	</launcher>
	<launcher name="RetroArch Yabuse (Saturn)" os="Windows">
		<launcher_command>"%APP_PATH%\retroarch.exe" -L "%APP_PATH%\cores\yabause_libretro.dll" "%ROM_PATH%"</launcher_command>
	</launcher>
	<launcher name="RetroArch BSNES (SNES)" os="Android">
		<launcher_command>start --user 0 -a android.intent.action.MAIN -c android.intent.category.LAUNCHER -e ROM "%ROM_PATH%" -e LIBRETRO /data/data/com.retroarch/cores/bsnes_performance_libretro_android.so -e CONFIGFILE /data/data/com.retroarch/retroarch.cfg -e IME com.android.inputmethod.latin/.LatinIME -n com.retroarch/.browser.retroactivity.RetroActivityFuture</launcher_command>
	</launcher>
	<launcher name="RetroArch DeSmuME (NDS)" os="Android">
		<launcher_command>start --user 0 -a android.intent.action.MAIN -c android.intent.category.LAUNCHER -e ROM "%ROM_PATH%" -e LIBRETRO /data/data/com.retroarch/cores/desmume_libretro_android.so -e CONFIGFILE /data/data/com.retroarch/retroarch.cfg -e IME com.android.inputmethod.latin/.LatinIME -n com.retroarch/.browser.retroactivity.RetroActivityFuture</launcher_command>
	</launcher>
	<launcher name="RetroArch FCEUmm (NES)" os="Android">
		<launcher_command>start --user 0 -a android.intent.action.MAIN -c android.intent.category.LAUNCHER -e ROM "%ROM_PATH%" -e LIBRETRO /data/data/com.retroarch/cores/fceumm_libretro_android.so -e CONFIGFILE /data/data/com.retroarch/retroarch.cfg -e IME com.android.inputmethod.latin/.LatinIME -n com.retroarch/.browser.retroactivity.RetroActivityFuture</launcher_command>
	</launcher>
	<launcher name="RetroArch Gambatte (GB/GBC)" os="Android">
		<launcher_command>start --user 0 -a android.intent.action.MAIN -c android.intent.category.LAUNCHER -e ROM "%ROM_PATH%" -e LIBRETRO /data/data/com.retroarch/cores/gambatte_libretro_android.so -e CONFIGFILE /data/data/com.retroarch/retroarch.cfg -e IME com.android.inputmethod.latin/.LatinIME -n com.retroarch/.browser.retroactivity.RetroActivityFuture</launcher_command>
	</launcher>
	<launcher name="RetroArch Genesis Plus GX (Sega GG/MS/MD/Gen/PICO/SG-1000)" os="Android">
		<launcher_command>start --user 0 -a android.intent.action.MAIN -c android.intent.category.LAUNCHER -e ROM "%ROM_PATH%" -e LIBRETRO /data/data/com.retroarch/cores/genesis_plus_gx_libretro_android.so -e CONFIGFILE /data/data/com.retroarch/retroarch.cfg -e IME com.android.inputmethod.latin/.LatinIME -n com.retroarch/.browser.retroactivity.RetroActivityFuture</launcher_command>
	</launcher>
	<launcher name="RetroArch Handy (Lynx)" os="Android">
		<launcher_command>start --user 0 -a android.intent.action.MAIN -c android.intent.category.LAUNCHER -e ROM "%ROM_PATH%" -e LIBRETRO /data/data/com.retroarch/cores/handy_libretro_android.so -e CONFIGFILE /data/data/com.retroarch/retroarch.cfg -e IME com.android.inputmethod.latin/.LatinIME -n com.retroarch/.browser.retroactivity.RetroActivityFuture</launcher_command>
	</launcher>
	<launcher name="RetroArch MAME 2010 (Arcade)" os="Android">
		<launcher_command>start --user 0 -a android.intent.action.MAIN -c android.intent.category.LAUNCHER -e ROM "%ROM_PATH%" -e LIBRETRO /data/data/com.retroarch/cores/mame2010_libretro_android.so -e CONFIGFILE /data/data/com.retroarch/retroarch.cfg -e IME com.android.inputmethod.latin/.LatinIME -n com.retroarch/.browser.retroactivity.RetroActivityFuture</launcher_command>
	</launcher>
	<launcher name="RetroArch MAME 2003 (Arcade)" os="Android">
		<launcher_command>start --user 0 -a android.intent.action.MAIN -c android.intent.category.LAUNCHER -e ROM "%ROM_PATH%" -e LIBRETRO /data/data/com.retroarch/cores/mame078_libretro_android.so -e CONFIGFILE /data/data/com.retroarch/retroarch.cfg -e IME com.android.inputmethod.latin/.LatinIME -n com.retroarch/.browser.retroactivity.RetroActivityFuture</launcher_command>
	</launcher>
	<launcher name="RetroArch Mednafen PCE FAST (TG16)" os="Android">
		<launcher_command>start --user 0 -a android.intent.action.MAIN -c android.intent.category.LAUNCHER -e ROM "%ROM_PATH%" -e LIBRETRO /data/data/com.retroarch/cores/mednafen_pce_fast_libretro_android.so -e CONFIGFILE /data/data/com.retroarch/retroarch.cfg -e IME com.android.inputmethod.latin/.LatinIME -n com.retroarch/.browser.retroactivity.RetroActivityFuture</launcher_command>
	</launcher>
	<launcher name="RetroArch Mupen64Plus (N64)" os="Android">
		<launcher_command>start --user 0 -a android.intent.action.MAIN -c android.intent.category.LAUNCHER -e ROM "%ROM_PATH%" -e LIBRETRO /data/data/com.retroarch/cores/mupen64plus_libretro_android.so -e CONFIGFILE /data/data/com.retroarch/retroarch.cfg -e IME com.android.inputmethod.latin/.LatinIME -n com.retroarch/.browser.retroactivity.RetroActivityFuture</launcher_command>
	</launcher>
	<launcher name="RetroArch Nestopia (NES)" os="Android">
		<launcher_command>start --user 0 -a android.intent.action.MAIN -c android.intent.category.LAUNCHER -e ROM "%ROM_PATH%" -e LIBRETRO /data/data/com.retroarch/cores/nestopia_libretro_android.so -e CONFIGFILE /data/data/com.retroarch/retroarch.cfg -e IME com.android.inputmethod.latin/.LatinIME -n com.retroarch/.browser.retroactivity.RetroActivityFuture</launcher_command>
	</launcher>
	<launcher name="RetroArch Pico Drive (Sega 32X/CD)" os="Android">
		<launcher_command>start --user 0 -a android.intent.action.MAIN -c android.intent.category.LAUNCHER -e ROM "%ROM_PATH%" -e LIBRETRO /data/data/com.retroarch/cores/picodrive_libretro_android.so -e CONFIGFILE /data/data/com.retroarch/retroarch.cfg -e IME com.android.inputmethod.latin/.LatinIME -n com.retroarch/.browser.retroactivity.RetroActivityFuture</launcher_command>
	</launcher>
	<launcher name="RetroArch SNES9x (SNES)" os="Android">
		<launcher_command>start --user 0 -a android.intent.action.MAIN -c android.intent.category.LAUNCHER -e ROM "%ROM_PATH%" -e LIBRETRO /data/data/com.retroarch/cores/snes9x_libretro_android.so -e CONFIGFILE /data/data/com.retroarch/retroarch.cfg -e IME com.android.inputmethod.latin/.LatinIME -n com.retroarch/.browser.retroactivity.RetroActivityFuture</launcher_command>
	</launcher>
	<launcher name="RetroArch SNES9x Next (SNES)" os="Android">
		<launcher_command>start --user 0 -a android.intent.action.MAIN -c android.intent.category.LAUNCHER -e ROM "%ROM_PATH%" -e LIBRETRO /data/data/com.retroarch/cores/snes9x_next_libretro_android.so -e CONFIGFILE /data/data/com.retroarch/retroarch.cfg -e IME com.android.inputmethod.latin/.LatinIME -n com.retroarch/.browser.retroactivity.RetroActivityFuture</launcher_command>
	</launcher>
	<launcher name="RetroArch Stella (Atari 2600)" os="Android">
		<launcher_command>start --user 0 -a android.intent.action.MAIN -c android.intent.category.LAUNCHER -e ROM "%ROM_PATH%" -e LIBRETRO /data/data/com.retroarch/cores/stella_libretro_android.so -e CONFIGFILE /data/data/com.retroarch/retroarch.cfg -e IME com.android.inputmethod.latin/.LatinIME -n com.retroarch/.browser.retroactivity.RetroActivityFuture</launcher_command>
	</launcher>
	<launcher name="RetroArch VBA-M (GBA)" os="Android">
		<launcher_command>start --user 0 -a android.intent.action.MAIN -c android.intent.category.LAUNCHER -e ROM "%ROM_PATH%" -e LIBRETRO /data/data/com.retroarch/cores/vbam_libretro_android.so -e CONFIGFILE /data/data/com.retroarch/retroarch.cfg -e IME com.android.inputmethod.latin/.LatinIME -n com.retroarch/.browser.retroactivity.RetroActivityFuture</launcher_command>
	</launcher>
	<launcher name="RetroArch VBA Next (GBA)" os="Android">
		<launcher_command>start --user 0 -a android.intent.action.MAIN -c android.intent.category.LAUNCHER -e ROM "%ROM_PATH%" -e LIBRETRO /data/data/com.retroarch/cores/vba_next_libretro_android.so -e CONFIGFILE /data/data/com.retroarch/retroarch.cfg -e IME com.android.inputmethod.latin/.LatinIME -n com.retroarch/.browser.retroactivity.RetroActivityFuture</launcher_command>
	</launcher>
	<launcher name="RetroArch Stella (Atari 2600)" os="RetroPie">
		<launcher_command>%APP_PATH% -L /opt/retropie/libretrocores/lr-stella/stella_libretro.so --config /opt/retropie/configs/atari2600/retroarch.cfg %ROM_PATH%</launcher_command>
	</launcher>
	<launcher name="RetroArch ProSystem (Atari 7800)" os="RetroPie">
		<launcher_command>%APP_PATH% -L /opt/retropie/libretrocores/lr-prosystem/prosystem_libretro.so --config /opt/retropie/configs/atari7800/retroarch.cfg %ROM_PATH%</launcher_command>
	</launcher>
	<launcher name="RetroArch Nestopia (NES)" os="RetroPie">
		<launcher_command>%APP_PATH% "/opt/retropie/emulators/retroarch/bin/retroarch -L /opt/retropie/libretrocores/lr-nestopia/nestopia_libretro.so --config /opt/retropie/configs/fds/retroarch.cfg %ROM_PATH%"</launcher_command>
	</launcher>
	<launcher name="RetroArch Stella (Atari 2600)" os="Nix">
		<launcher_command>%APP_PATH% -L /usr/lib/libretro/stella_libretro.so "%ROM_PATH%"</launcher_command>
	</launcher>
	<launcher name="RetroArch ProSystem (Atari 7800)" os="Nix">
		<launcher_command>%APP_PATH% -L /usr/lib/libretro/prosystem_libretro.so "%ROM_PATH%"</launcher_command>
	</launcher>
	<launcher name="RetroArch Handy (Lynx)" os="Nix">
		<launcher_command>%APP_PATH% -L /usr/lib/libretro/handy_libretro.so "%ROM_PATH%"</launcher_command>
	</launcher>
	<launcher name="RetroArch FBA (Arcade)" os="Nix">
		<launcher_command>%APP_PATH% -L /usr/lib/libretro/fb_alpha_libretro.so "%ROM_PATH%"</launcher_command>
	</launcher>
	<launcher name="RetroArch FBA (Arcade)" os="Nix">
		<launcher_command>%APP_PATH% -L /usr/lib/libretro/fb_alpha_libretro.so "%ROM_PATH%"</launcher_command>
	</launcher>
	<launcher name="RetroArch Nestopia (NES)" os="Nix">
		<launcher_command>%APP_PATH% -L /usr/lib/libretro/nestopia_libretro.so "%ROM_PATH%"</launcher_command>
	</launcher>
	<launcher name="RetroArch FCEUmm (NES)" os="Nix">
		<launcher_command>%APP_PATH% -L /usr/lib/libretro/fceumm_libretro.so "%ROM_PATH%"</launcher_command>
	</launcher>
	<launcher name="RetroArch Genesis Plus GX (Sega GG/MS/MD/Gen/PICO/SG-1000)" os="Nix">
		<launcher_command>%APP_PATH% -L /usr/lib/libretro/genesis_plus_gx_libretro.so "%ROM_PATH%"</launcher_command>
	</launcher>
	<launcher name="RetroArch Gambatte (GB/GBC)" os="Nix">
		<launcher_command>%APP_PATH% -L /usr/lib/libretro/gambatte_libretro.so "%ROM_PATH%"</launcher_command>
	</launcher>
	<launcher name="RetroArch TGB Dual (GB/GBC)" os="Nix">
		<launcher_command>%APP_PATH% -L /usr/lib/libretro/tgbdual_libretro.so "%ROM_PATH%"</launcher_command>
	</launcher>
	<launcher name="RetroArch GpSP (GBA)" os="Nix">
		<launcher_command>%APP_PATH% -L /usr/lib/libretro/gpsp_libretro.so "%ROM_PATH%"</launcher_command>
	</launcher>
	<launcher name="RetroArch mGBA (GBA)" os="Nix">
		<launcher_command>%APP_PATH% -L /usr/lib/libretro/mgba_libretro.so "%ROM_PATH%"</launcher_command>
	</launcher>
	<launcher name="RetroArch VBA Next (GBA)" os="Nix">
		<launcher_command>%APP_PATH% -L /usr/lib/libretro/vba_next_libretro.so "%ROM_PATH%"</launcher_command>
	</launcher>
	<launcher name="RetroArch Pico Drive (Sega 32X/CD)" os="Nix">
		<launcher_command>%APP_PATH% -L /usr/lib/libretro/picodrive_libretro.so "%ROM_PATH%"</launcher_command>
	</launcher>
	<launcher name="RetroArch blueMSX (MSX)" os="Nix">
		<launcher_command>%APP_PATH% -L /usr/lib/libretro/bluemsx_libretro.so "%ROM_PATH%"</launcher_command>
	</launcher>
	<launcher name="RetroArch fMSX (MSX)" os="Nix">
		<launcher_command>%APP_PATH% -L /usr/lib/libretro/fmsx_libretro.so  "%ROM_PATH%"</launcher_command>
	</launcher>
	<launcher name="RetroArch Mupen64Plus (N64)" os="Nix">
		<launcher_command>%APP_PATH% -L /usr/lib/libretro/mupen64plus_libretro.so   "%ROM_PATH%"</launcher_command>
	</launcher>
	<launcher name="RetroArch Mednafen NGP (Neo Geo Pocket Color)" os="Nix">
		<launcher_command>%APP_PATH% -L /usr/lib/libretro/mednafen_ngp_libretro.so  "%ROM_PATH%"</launcher_command>
	</launcher>
	<launcher name="RetroArch Mednafen PCE FAST (TG16)" os="Nix">
		<launcher_command>%APP_PATH% -L /usr/lib/libretro/mednafen_pce_fast_libretro.so  "%ROM_PATH%"</launcher_command>
	</launcher>
	<launcher name="RetroArch PCSX ReArmed (PS1)" os="Nix">
		<launcher_command>%APP_PATH% -L /usr/lib/libretro/pcsx-rearmed/libretro.so  "%ROM_PATH%"</launcher_command>
	</launcher>
	<launcher name="RetroArch SNES9x Next (SNES)" os="Nix">
		<launcher_command>%APP_PATH% -L /usr/lib/libretro/snes9x_next_libretro.so "%ROM_PATH%"</launcher_command>
	</launcher>
	<launcher name="RetroArch MAME4All (Arcade)" os="Nix">
		<launcher_command>%APP_PATH% -L /usr/lib/libretro/imame4all/libretro.so "%ROM_PATH%"</launcher_command>
	</launcher>
	<launcher name="RetroArch 4D0 (3DO)" os="OpenElec">
		<launcher_command>%ADDON_DIR%resources/bin/romlaunch_OE.sh 4do "%ROM_PATH%"</launcher_command>
	</launcher>
	<launcher name="RetroArch BlueMSX (MSX)" os="OpenElec">
		<launcher_command>%ADDON_DIR%resources/bin/romlaunch_OE.sh bluemsx "%ROM_PATH%"</launcher_command>
	</launcher>
	<launcher name="RetroArch BSNES Accuracy (SNES)" os="OpenElec">
		<launcher_command>%ADDON_DIR%resources/bin/romlaunch_OE.sh bsnes_accuracy "%ROM_PATH%"</launcher_command>
	</launcher>
	<launcher name="RetroArch BSNES Balanced (SNES)" os="OpenElec">
		<launcher_command>%ADDON_DIR%resources/bin/romlaunch_OE.sh bsnes_balanced "%ROM_PATH%"</launcher_command>
	</launcher>
	<launcher name="RetroArch BSNES Cpp98 (SNES)" os="OpenElec">
		<launcher_command>%ADDON_DIR%resources/bin/romlaunch_OE.sh bsnes_cplusplus98 "%ROM_PATH%"</launcher_command>
	</launcher>
	<launcher name="RetroArch BSNES Mercury Accuracy (SNES)" os="OpenElec">
		<launcher_command>%ADDON_DIR%resources/bin/romlaunch_OE.sh bsnes_mercury_accuracy "%ROM_PATH%"</launcher_command>
	</launcher>
	<launcher name="RetroArch BSNES Mercury Balanced (SNES)" os="OpenElec">
		<launcher_command>%ADDON_DIR%resources/bin/romlaunch_OE.sh bsnes_mercury_balanced "%ROM_PATH%"</launcher_command>
	</launcher>
	<launcher name="RetroArch BSNES Mercury Performance (SNES)" os="OpenElec">
		<launcher_command>%ADDON_DIR%resources/bin/romlaunch_OE.sh bsnes_mercury_performance "%ROM_PATH%"</launcher_command>
	</launcher>
	<launcher name="RetroArch BSNES Performance (SNES)" os="OpenElec">
		<launcher_command>%ADDON_DIR%resources/bin/romlaunch_OE.sh bsnes_performance "%ROM_PATH%"</launcher_command>
	</launcher>
	<launcher name="RetroArch DeSmuME (NDS)" os="OpenElec">
		<launcher_command>%ADDON_DIR%resources/bin/romlaunch_OE.sh desmume "%ROM_PATH%"</launcher_command>
	</launcher>
	<launcher name="RetroArch DOSBox (PC)" os="OpenElec">
		<launcher_command>%ADDON_DIR%resources/bin/romlaunch_OE.sh dosbox "%ROM_PATH%"</launcher_command>
	</launcher>
	<launcher name="RetroArch Emux Chip8 (Chip-8)" os="OpenElec">
		<launcher_command>%ADDON_DIR%resources/bin/romlaunch_OE.sh emux_chip8 "%ROM_PATH%"</launcher_command>
	</launcher>
	<launcher name="RetroArch Emux GB (GB/GBC)" os="OpenElec">
		<launcher_command>%ADDON_DIR%resources/bin/romlaunch_OE.sh emux_gb "%ROM_PATH%"</launcher_command>
	</launcher>
	<launcher name="RetroArch Emux NES (NES)" os="OpenElec">
		<launcher_command>%ADDON_DIR%resources/bin/romlaunch_OE.sh emux_nes "%ROM_PATH%"</launcher_command>
	</launcher>
	<launcher name="RetroArch Emux SMS (Sega Master System)" os="OpenElec">
		<launcher_command>%ADDON_DIR%resources/bin/romlaunch_OE.sh emux_sms "%ROM_PATH%"</launcher_command>
	</launcher>
	<launcher name="RetroArch FBA (Arcade)" os="OpenElec">
		<launcher_command>%ADDON_DIR%resources/bin/romlaunch_OE.sh fb_alpha "%ROM_PATH%"</launcher_command>
	</launcher>
	<launcher name="RetroArch FCEUmm (NES)" os="OpenElec">
		<launcher_command>%ADDON_DIR%resources/bin/romlaunch_OE.sh fceumm "%ROM_PATH%"</launcher_command>
	</launcher>
	<launcher name="RetroArch fMSX (MSX)" os="OpenElec">
		<launcher_command>%ADDON_DIR%resources/bin/romlaunch_OE.sh fmsx "%ROM_PATH%"</launcher_command>
	</launcher>
	<launcher name="RetroArch Fuse (Spectrum)" os="OpenElec">
		<launcher_command>%ADDON_DIR%resources/bin/romlaunch_OE.sh fuse "%ROM_PATH%"</launcher_command>
	</launcher>
	<launcher name="RetroArch Gambatte (GB/GBC)" os="OpenElec">
		<launcher_command>%ADDON_DIR%resources/bin/romlaunch_OE.sh gambatte "%ROM_PATH%"</launcher_command>
	</launcher>
	<launcher name="RetroArch Genesis Plus GX (Sega GG/MS/MD/Gen/PICO/SG-1000)" os="OpenElec">
		<launcher_command>%ADDON_DIR%resources/bin/romlaunch_OE.sh genesis_plus_gx "%ROM_PATH%"</launcher_command>
	</launcher>
	<launcher name="RetroArch GpSP (GBA)" os="OpenElec">
		<launcher_command>%ADDON_DIR%resources/bin/romlaunch_OE.sh gpsp "%ROM_PATH%"</launcher_command>
	</launcher>
	<launcher name="RetroArch Handy (Lynx)" os="OpenElec">
		<launcher_command>%ADDON_DIR%resources/bin/romlaunch_OE.sh handy "%ROM_PATH%"</launcher_command>
	</launcher>
	<launcher name="RetroArch Hatari (Atari)" os="OpenElec">
		<launcher_command>%ADDON_DIR%resources/bin/romlaunch_OE.sh hatari "%ROM_PATH%"</launcher_command>
	</launcher>
	<launcher name="RetroArch MAME 078 (Arcade)" os="OpenElec">
		<launcher_command>%ADDON_DIR%resources/bin/romlaunch_OE.sh mame078 "%ROM_PATH%"</launcher_command>
	</launcher>
	<launcher name="RetroArch MAME (Arcade)" os="OpenElec">
		<launcher_command>%ADDON_DIR%resources/bin/romlaunch_OE.sh mame "%ROM_PATH%"</launcher_command>
	</launcher>
	<launcher name="RetroArch Mednafen GBA (GBA)" os="OpenElec">
		<launcher_command>%ADDON_DIR%resources/bin/romlaunch_OE.sh mednafen_gba "%ROM_PATH%"</launcher_command>
	</launcher>
	<launcher name="RetroArch Mednafen Lynx (Lynx)" os="OpenElec">
		<launcher_command>%ADDON_DIR%resources/bin/romlaunch_OE.sh mednafen_lynx "%ROM_PATH%"</launcher_command>
	</launcher>
	<launcher name="RetroArch Mednafen NGP (Neo Geo Pocket Color)" os="OpenElec">
		<launcher_command>%ADDON_DIR%resources/bin/romlaunch_OE.sh mednafen_ngp "%ROM_PATH%"</launcher_command>
	</launcher>
	<launcher name="RetroArch Mednafen PCE FAST (TG16)" os="OpenElec">
		<launcher_command>%ADDON_DIR%resources/bin/romlaunch_OE.sh mednafen_pce_fast "%ROM_PATH%"</launcher_command>
	</launcher>
	<launcher name="RetroArch Mednafen PCFX (PC-FX)" os="OpenElec">
		<launcher_command>%ADDON_DIR%resources/bin/romlaunch_OE.sh mednafen_pcfx "%ROM_PATH%"</launcher_command>
	</launcher>
	<launcher name="RetroArch Mednafen PSX (PS1)" os="OpenElec">
		<launcher_command>%ADDON_DIR%resources/bin/romlaunch_OE.sh mednafen_psx "%ROM_PATH%"</launcher_command>
	</launcher>
	<launcher name="RetroArch Mednafen SNES (SNES)" os="OpenElec">
		<launcher_command>%ADDON_DIR%resources/bin/romlaunch_OE.sh mednafen_snes "%ROM_PATH%"</launcher_command>
	</launcher>
	<launcher name="RetroArch Mednafen SuperGrafx (PCE)" os="OpenElec">
		<launcher_command>%ADDON_DIR%resources/bin/romlaunch_OE.sh mednafen_supergrafx "%ROM_PATH%"</launcher_command>
	</launcher>
	<launcher name="RetroArch Mednafen VB (Virtual Boy)" os="OpenElec">
		<launcher_command>%ADDON_DIR%resources/bin/romlaunch_OE.sh mednafen_vb "%ROM_PATH%"</launcher_command>
	</launcher>
	<launcher name="RetroArch Mednafen WS (Wonder Swan)" os="OpenElec">
		<launcher_command>%ADDON_DIR%resources/bin/romlaunch_OE.sh mednafen_wswan "%ROM_PATH%"</launcher_command>
	</launcher>
	<launcher name="RetroArch Meteor (GBA)" os="OpenElec">
		<launcher_command>%ADDON_DIR%resources/bin/romlaunch_OE.sh meteor "%ROM_PATH%"</launcher_command>
	</launcher>
	<launcher name="RetroArch mGBA (GBA)" os="OpenElec">
		<launcher_command>%ADDON_DIR%resources/bin/romlaunch_OE.sh mgba "%ROM_PATH%"</launcher_command>
	</launcher>
	<launcher name="RetroArch Mupen64Plus (N64)" os="OpenElec">
		<launcher_command>%ADDON_DIR%resources/bin/romlaunch_OE.sh mupen64plus "%ROM_PATH%"</launcher_command>
	</launcher>
	<launcher name="RetroArch Nestopia (NES)" os="OpenElec">
		<launcher_command>%ADDON_DIR%resources/bin/romlaunch_OE.sh nestopia "%ROM_PATH%"</launcher_command>
	</launcher>
	<launcher name="RetroArch O2EM (Odyssey 2 / VideoPac)" os="OpenElec">
		<launcher_command>%ADDON_DIR%resources/bin/romlaunch_OE.sh o2em "%ROM_PATH%"</launcher_command>
	</launcher>
	<launcher name="RetroArch PCSX ReArmed (PS1)" os="OpenElec">
		<launcher_command>%ADDON_DIR%resources/bin/romlaunch_OE.sh pcsx_rearmed "%ROM_PATH%"</launcher_command>
	</launcher>
	<launcher name="RetroArch Pico Drive (Sega 32X/CD)" os="OpenElec">
		<launcher_command>%ADDON_DIR%resources/bin/romlaunch_OE.sh picodrive "%ROM_PATH%"</launcher_command>
	</launcher>
	<launcher name="RetroArch PPSSPP (PSP)" os="OpenElec">
		<launcher_command>%ADDON_DIR%resources/bin/romlaunch_OE.sh ppsspp "%ROM_PATH%"</launcher_command>
	</launcher>
	<launcher name="RetroArch ProSystem (Atari 7800)" os="OpenElec">
		<launcher_command>%ADDON_DIR%resources/bin/romlaunch_OE.sh prosystem "%ROM_PATH%"</launcher_command>
	</launcher>
	<launcher name="RetroArch QuickNES (NES)" os="OpenElec">
		<launcher_command>%ADDON_DIR%resources/bin/romlaunch_OE.sh quicknes "%ROM_PATH%"</launcher_command>
	</launcher>
	<launcher name="RetroArch ScummVM (PC)" os="OpenElec">
		<launcher_command>%ADDON_DIR%resources/bin/romlaunch_OE.sh scummvm "%ROM_PATH%"</launcher_command>
	</launcher>
	<launcher name="RetroArch SNES9x (SNES)" os="OpenElec">
		<launcher_command>%ADDON_DIR%resources/bin/romlaunch_OE.sh -nes9x "%ROM_PATH%"</launcher_command>
	</launcher>
	<launcher name="RetroArch SNES9x Next (SNES)" os="OpenElec">
		<launcher_command>%ADDON_DIR%resources/bin/romlaunch_OE.sh snes9x_next "%ROM_PATH%"</launcher_command>
	</launcher>
	<launcher name="RetroArch Stella (Atari 2600)" os="OpenElec">
		<launcher_command>%ADDON_DIR%resources/bin/romlaunch_OE.sh stella "%ROM_PATH%"</launcher_command>
	</launcher>
	<launcher name="RetroArch TGB Dual (GB/GBC)" os="OpenElec">
		<launcher_command>%ADDON_DIR%resources/bin/romlaunch_OE.sh tgbdual "%ROM_PATH%"</launcher_command>
	</launcher>
	<launcher name="RetroArch VBA Next (GBA)" os="OpenElec">
		<launcher_command>%ADDON_DIR%resources/bin/romlaunch_OE.sh vba_next "%ROM_PATH%"</launcher_command>
	</launcher>
	<launcher name="RetroArch VBA-M (GBA)" os="OpenElec">
		<launcher_command>%ADDON_DIR%resources/bin/romlaunch_OE.sh vbam "%ROM_PATH%"</launcher_command>
	</launcher>
	<launcher name="RetroArch Vecx (Vectrex)" os="OpenElec">
		<launcher_command>%ADDON_DIR%resources/bin/romlaunch_OE.sh vecx "%ROM_PATH%"</launcher_command>
	</launcher>
	<launcher name="RetroArch VirtualJaguar (Atari Jaguar)" os="OpenElec">
		<launcher_command>%ADDON_DIR%resources/bin/romlaunch_OE.sh virtualjaguar "%ROM_PATH%"</launcher_command>
	</launcher>
	<launcher name="RetroArch Yabuse (Saturn)" os="OpenElec">
		<launcher_command>%ADDON_DIR%resources/bin/romlaunch_OE.sh yabause "%ROM_PATH%"</launcher_command>
	</launcher>
	<launcher name="Mupen64plus OpenElec Addon (N64)" os="OpenElec">
		<launcher_command>/storage/.kodi/addons/emulator.mupen64plus/bin/mupen64plus.sh --nogui --noask --noosd --fullscreen "%ROM_PATH%"</launcher_command>
	</launcher>
	<launcher name ="Dolphin OpenElec Addon (GameCube/Wii)" os="OpenElec">
		<launcher_command>/storage/.kodi/addons/emulator.dolphin/bin/dolphin-emu-CLI.sh "%ROM_PATH%"</launcher_command>
	</launcher>
</system>