<?xml version="1.0" encoding="UTF-8"?>
<datafile>
    <header>
        <emu_name>Nintendo Pokemon Mini</emu_name>
        <emu_description>Nintendo Pokemon Mini</emu_description>
        <emu_category>Handheld, Nintendo, 2000s</emu_category>
        <emu_version>06262019</emu_version>
        <emu_date>06/26/2019</emu_date>
        <emu_author>Zach Morris</emu_author>
        <emu_visibility>visible</emu_visibility>
        <emu_homepage>http://www.no-intro.org</emu_homepage>
        <emu_baseurl>https://archive.org/download/</emu_baseurl>
        <emu_launcher>retroplayer</emu_launcher>
        <emu_default_addon>none</emu_default_addon>
        <emu_ext_launch_cmd>none</emu_ext_launch_cmd>
        <emu_downloadpath>default</emu_downloadpath>
        <emu_postdlaction>unzip_rom</emu_postdlaction>
        <emu_comment>No Intro Pokemon Mini list.  Filtered to remove duplicates, betas, etc.[CR]The Pokemon Mini is a handheld game console that was designed and manufactured by Nintendo and themed around the Pokemon media franchise. It is the smallest game system with interchangeable cartridges ever produced by Nintendo, weighing just under two and a half ounces (70 grams). It was first released in North America on November 16, 2001, then in Japan on December 14, 2001, and in Europe on March 15, 2002. The systems were released in three colors: Wooper Blue, Chikorita Green, and Smoochum Purple.[CR]Manufacturer: Nintendo[CR]Developer: Nintendo[CR]Media Medium: Cartridge[CR]CPU: S1C88 @ 4 MHz[CR]Memory: 4 KB RAM[CR]Display: Monochrome LCD, 96x64 pixels</emu_comment>
        <emu_thumb>PBZXLC6.png</emu_thumb>
        <emu_banner>Zta6UyT.jpg</emu_banner>
        <emu_fanart>r9n2TQl.jpg</emu_fanart>
        <emu_logo>w2rMKwN.png</emu_logo>
        <emu_trailer>td4PyrDg9R0</emu_trailer>
    </header>
  <game name="Pichu Bros. Mini (Japan)">
    <description>Pichu Bros. Mini (Japan)</description>
    <title_clean>Pichu Bros. Mini</title_clean>
    <rom name="PokemonMiniRomCollectionByGhostware/Pichu%20Bros.%20Mini%20%28Japan%29.zip" size="186935"/>
    <rating>4.00</rating>
    <studio>Nintendo</studio>
    <releasedate>09/08/2000</releasedate>
    <plot>Pichu Bros. Mini is a collection of several mini games, similar to Pokemon Party Mini.</plot>
    <ESRB>ESRB - E (Everyone)</ESRB>
    <boxart1>https://github.com/libretro-thumbnails/Nintendo_-_Pokemon_Mini/raw/master/Named_Boxarts/Pichu%20Bros.%20Mini%20(Japan).png</boxart1>
    <clearlogo1>https://images.launchbox-app.com/246e4565-2f50-4dce-b5f2-1bbfa1d68538.png</clearlogo1>
    <snapshot1>https://github.com/libretro-thumbnails/Nintendo_-_Pokemon_Mini/raw/master/Named_Titles/Pichu%20Bros.%20Mini%20(Japan).png</snapshot1>
    <snapshot2>https://github.com/libretro-thumbnails/Nintendo_-_Pokemon_Mini/raw/master/Named_Snaps/Pichu%20Bros.%20Mini%20(Japan).png</snapshot2>
  </game>
  <game name="Pokemon Party Mini (USA)">
    <description>Pokemon Party Mini (USA)</description>
    <title_clean>Pokemon Party Mini</title_clean>
    <rom name="PokemonMiniRomCollectionByGhostware/Pokemon%20Party%20Mini%20%28USA%29.zip" size="174375"/>
    <ESRB>ESRB - E (Everyone)</ESRB>
    <studio>Denyusha Ltd.</studio>
    <plot>Pokemon Party mini is a small collection of various mini-games utilising Pokemon. In Europe and North America, this game came packaged in with the Pokemon mini console.[CR]There are eight different applications within this game to play, some of them being games, some being utilities. Each of them has their own title screen as well as.  They are as follows:[CR]Pikachu's Rocket Start[CR]Slowking's Judge[CR]Chansey's Dribble[CR]Bellossom's Dance[CR]Hitmonchan's Boxing[CR]Sneasel's Fake Out[CR]Battlefield[CR]Celebi's Clock</plot>
    <boxart1>https://github.com/libretro-thumbnails/Nintendo_-_Pokemon_Mini/raw/master/Named_Boxarts/Pokemon%20Party%20Mini%20(Europe).png</boxart1>
    <snapshot1>https://github.com/libretro-thumbnails/Nintendo_-_Pokemon_Mini/raw/master/Named_Titles/Pokemon%20Party%20Mini%20(Europe).png</snapshot1>
    <snapshot2>https://github.com/libretro-thumbnails/Nintendo_-_Pokemon_Mini/raw/master/Named_Snaps/Pokemon%20Party%20Mini%20(Europe).png</snapshot2>
  </game>
  <game name="Pokemon Party Mini - Baseline Judge (USA) (GameCube)">
    <description>Pokemon Party Mini - Baseline Judge (USA) (GameCube)</description>
    <title_clean>Pokemon Party Mini - Baseline Judge</title_clean>
    <rom name="PokemonMiniRomCollectionByGhostware/Pokemon%20Party%20Mini%20-%20Baseline%20Judge%20%28USA%29%20%28GameCube%29.zip" size="174546"/>
    <plot>In this mini game, you have to judge a game of tennis. You press A if the ball lands in the court and B if out.</plot>
    <boxart1>https://github.com/libretro-thumbnails/Nintendo_-_Pokemon_Mini/raw/master/Named_Boxarts/Pokemon%20Party%20Mini%20-%20Baseline%20Judge%20(Japan)%20(GameCube).png</boxart1>
    <snapshot1>https://github.com/libretro-thumbnails/Nintendo_-_Pokemon_Mini/raw/master/Named_Titles/Pokemon%20Party%20Mini%20-%20Baseline%20Judge%20(Japan)%20(GameCube).png</snapshot1>
    <snapshot2>https://github.com/libretro-thumbnails/Nintendo_-_Pokemon_Mini/raw/master/Named_Snaps/Pokemon%20Party%20Mini%20-%20Baseline%20Judge%20(Japan)%20(GameCube).png</snapshot2>
  </game>
  <game name="Pokemon Party Mini - Chansey's Dribble (Europe) (GameCube)">
    <description>Pokemon Party Mini - Chansey's Dribble (Europe) (GameCube)</description>
    <title_clean>Pokemon Party Mini - Chansey's Dribble</title_clean>
    <rom name="PokemonMiniRomCollectionByGhostware/Pokemon%20Party%20Mini%20-%20Chansey%27s%20Dribble%20%28Europe%29%20%28GameCube%29.zip" size="174496"/>
    <plot>The player must kick the ball to the finish line as quickly as possible. The only buttons necessary are the left and right arrows on the D-pad, as you move forward automatically. The player must ensure that whenever they approach the soccer ball, you hit it as close to dead center as possible. If you hit the ball more to the side, it will zigzag wildly and become harder to hit. If you miss the ball, you will dash back behind the ball (the player can shake the game to speed this up), wasting precious seconds.</plot>
    <boxart1>https://github.com/libretro-thumbnails/Nintendo_-_Pokemon_Mini/raw/master/Named_Boxarts/Pokemon%20Party%20Mini%20-%20Chansey's%20Dribble%20(Europe)%20(GameCube).png</boxart1>
    <snapshot1>https://github.com/libretro-thumbnails/Nintendo_-_Pokemon_Mini/raw/master/Named_Titles/Pokemon%20Party%20Mini%20-%20Chansey's%20Dribble%20(Europe)%20(GameCube).png</snapshot1>
    <snapshot2>https://github.com/libretro-thumbnails/Nintendo_-_Pokemon_Mini/raw/master/Named_Snaps/Pokemon%20Party%20Mini%20-%20Chansey's%20Dribble%20(Europe)%20(GameCube).png</snapshot2>
  </game>
  <game name="Pokemon Party Mini - Ricochet Dribble (USA) (GameCube)">
    <description>Pokemon Party Mini - Ricochet Dribble (USA) (GameCube)</description>
    <title_clean>Pokemon Party Mini - Ricochet Dribble</title_clean>
    <rom name="PokemonMiniRomCollectionByGhostware/Pokemon%20Party%20Mini%20-%20Ricochet%20Dribble%20%28USA%29%20%28GameCube%29.zip" size="174559"/>
    <plot>The player must kick the ball to the finish line as quickly as possible. The only buttons necessary are the left and right arrows on the D-pad, as you move forward automatically. The player must ensure that whenever they approach the soccer ball, you hit it as close to dead center as possible. If you hit the ball more to the side, it will zigzag wildly and become harder to hit. If you miss the ball, you will dash back behind the ball (the player can shake the game to speed this up), wasting precious seconds.</plot>
    <boxart1>https://github.com/libretro-thumbnails/Nintendo_-_Pokemon_Mini/raw/master/Named_Boxarts/Pokemon%20Party%20Mini%20-%20Ricochet%20Dribble%20(USA)%20(GameCube).png</boxart1>
    <snapshot1>https://github.com/libretro-thumbnails/Nintendo_-_Pokemon_Mini/raw/master/Named_Titles/Pokemon%20Party%20Mini%20-%20Ricochet%20Dribble%20(USA)%20(GameCube).png</snapshot1>
    <snapshot2>https://github.com/libretro-thumbnails/Nintendo_-_Pokemon_Mini/raw/master/Named_Snaps/Pokemon%20Party%20Mini%20-%20Ricochet%20Dribble%20(USA)%20(GameCube).png</snapshot2>
  </game>
  <game name="Pokemon Party Mini - Rocket Start (USA) (GameCube)">
    <description>Pokemon Party Mini - Rocket Start (USA) (GameCube)</description>
    <title_clean>Pokemon Party Mini - Rocket Start</title_clean>
    <rom name="PokemonMiniRomCollectionByGhostware/Pokemon%20Party%20Mini%20-%20Rocket%20Start%20%28USA%29%20%28GameCube%29.zip" size="174534"/>
    <plot>A game where you must press A when the Elekid starts the race in order for Pikachu to win.</plot>
    <boxart1>https://github.com/libretro-thumbnails/Nintendo_-_Pokemon_Mini/raw/master/Named_Boxarts/Pokemon%20Party%20Mini%20-%20Rocket%20Start%20(USA)%20(GameCube).png</boxart1>
    <snapshot1>https://github.com/libretro-thumbnails/Nintendo_-_Pokemon_Mini/raw/master/Named_Titles/Pokemon%20Party%20Mini%20-%20Rocket%20Start%20(USA)%20(GameCube).png</snapshot1>
    <snapshot2>https://github.com/libretro-thumbnails/Nintendo_-_Pokemon_Mini/raw/master/Named_Snaps/Pokemon%20Party%20Mini%20-%20Rocket%20Start%20(USA)%20(GameCube).png</snapshot2>
  </game>
  <game name="Pokemon Party Mini - Slowking's Judge (Europe) (GameCube)">
    <description>Pokemon Party Mini - Slowking's Judge (Europe) (GameCube)</description>
    <title_clean>Pokemon Party Mini - Slowking's Judge</title_clean>
    <rom name="PokemonMiniRomCollectionByGhostware/Pokemon%20Party%20Mini%20-%20Slowking%27s%20Judge%20%28Europe%29%20%28GameCube%29.zip" size="174496"/>
    <plot>In this mini game, you have to judge a game of tennis. You press A if the ball lands in the court and B if out.</plot>
    <boxart1>https://github.com/libretro-thumbnails/Nintendo_-_Pokemon_Mini/raw/master/Named_Boxarts/Pokemon%20Party%20Mini%20-%20Slowking's%20Judge%20(Europe)%20(GameCube).png</boxart1>
    <snapshot1>https://github.com/libretro-thumbnails/Nintendo_-_Pokemon_Mini/raw/master/Named_Titles/Pokemon%20Party%20Mini%20-%20Slowking's%20Judge%20(Europe)%20(GameCube).png</snapshot1>
    <snapshot2>https://github.com/libretro-thumbnails/Nintendo_-_Pokemon_Mini/raw/master/Named_Snaps/Pokemon%20Party%20Mini%20-%20Slowking's%20Judge%20(Europe)%20(GameCube).png</snapshot2>
  </game>
  <game name="Pokemon Pinball Mini (USA, Europe)">
    <description>Pokemon Pinball Mini (USA, Europe)</description>
    <title_clean>Pokemon Pinball Mini</title_clean>
    <rom name="PokemonMiniRomCollectionByGhostware/Pokemon%20Pinball%20Mini%20%28USA%2C%20Europe%29.zip" size="95369"/>
    <rating>0.62</rating>
    <studio>Nintendo</studio>
    <releasedate>16/11/2001</releasedate>
    <plot>With Pokemon Pinball Mini, the aim is to shoot as many balls as possible into the pockets using the special 'Pokemon Plunger'. The goal is to try and beat the high scores on the different stages and become a genuine Pokemon Pinball Champion.[CR]*Pokemon Pinball Mini has three different play modes, including Quest, Time Attack and Score Attack.[CR]*Quest Mode consists of 70 stages in total, each having a different objective for the player to complete in order to clear the stage.[CR]*Time Attack mode contains 10 stages. In this mode, a limited amount of time is available to complete the stage. The quicker the stage is completed the higher the score earned.[CR]*Score Attack mode also consists of 10 stages. In this mode you must exceed the target score before the time runs out. If there is still time remaining, players can battle on for an even higher score.[CR]An entertaining option is the "Catching Pokemon Stage". Players have a chance to catch Pokemon here to add to their collections and use them when necessary.</plot>
    <genre>Action</genre>
    <ESRB>ESRB - E (Everyone)</ESRB>
    <boxart1>https://github.com/libretro-thumbnails/Nintendo_-_Pokemon_Mini/raw/master/Named_Boxarts/Pokemon%20Pinball%20Mini%20(USA)%20(GameCube%20Preview).png</boxart1>
    <clearlogo1>https://images.launchbox-app.com/8bba1a03-9cab-4633-a6e9-7d7729ab1bf0.png</clearlogo1>
    <snapshot1>https://github.com/libretro-thumbnails/Nintendo_-_Pokemon_Mini/raw/master/Named_Titles/Pokemon%20Pinball%20Mini%20(USA)%20(GameCube%20Preview).png</snapshot1>
    <boxart2>https://images.launchbox-app.com/8ee9a06a-69f1-468b-a6c1-49c6c8cc6171.jpg</boxart2>
    <snapshot2>https://github.com/libretro-thumbnails/Nintendo_-_Pokemon_Mini/raw/master/Named_Snaps/Pokemon%20Pinball%20Mini%20(USA)%20(GameCube%20Preview).png</snapshot2>
    <boxart3>https://images.launchbox-app.com/9111d300-d078-4cac-ad5a-dd05bc7b1621.jpg</boxart3>
  </game>
  <game name="Pokemon Puzzle Collection (USA, Europe)">
    <description>Pokemon Puzzle Collection (USA, Europe)</description>
    <title_clean>Pokemon Puzzle Collection</title_clean>
    <rom name="PokemonMiniRomCollectionByGhostware/Pokemon%20Puzzle%20Collection%20%28USA%2C%20Europe%29.zip" size="108485"/>
    <studio>Nintendo</studio>
    <releasedate>14/12/2001</releasedate>
    <plot>Pokemon Puzzle Collection? is a collection of different puzzle games such as: Shadow Puzzle, where different shapes are put together to make an image of a Pokemon; Motion Puzzle, a sliding game where an image of a Pokemon has to be unscrambled; Escape, where one has to move blocks to let a Pokemon out of a maze; and a bonus for completing most of your Minidex is the game Power On, a 'Pipe Dream'-like game where one has to connect a Pikachu to a light bulb, creating a circuit).</plot>
    <genre>Puzzle</genre>
    <ESRB>ESRB - E (Everyone)</ESRB>
    <boxart1>https://github.com/libretro-thumbnails/Nintendo_-_Pokemon_Mini/raw/master/Named_Boxarts/Pokemon%20Puzzle%20Collection%20(USA)%20(GameCube%20Preview).png</boxart1>
    <clearlogo1>https://images.launchbox-app.com/43bbd09f-049b-47bc-a17f-008eb02424bc.png</clearlogo1>
    <snapshot1>https://github.com/libretro-thumbnails/Nintendo_-_Pokemon_Mini/raw/master/Named_Titles/Pokemon%20Puzzle%20Collection%20(USA)%20(GameCube%20Preview).png</snapshot1>
    <boxart2>https://images.launchbox-app.com/ebad356f-33ce-4c51-bfd3-e0a778557433.jpg</boxart2>
    <snapshot2>https://github.com/libretro-thumbnails/Nintendo_-_Pokemon_Mini/raw/master/Named_Snaps/Pokemon%20Puzzle%20Collection%20(USA)%20(GameCube%20Preview).png</snapshot2>
  </game>
  <game name="Pokemon Puzzle Collection Vol. 2 (Japan)">
    <description>Pokemon Puzzle Collection Vol. 2 (Japan)</description>
    <title_clean>Pokemon Puzzle Collection Vol. 2</title_clean>
    <rom name="PokemonMiniRomCollectionByGhostware/Pokemon%20Puzzle%20Collection%20Vol.%202%20%28Japan%29.zip" size="126457"/>
    <studio>Nintendo</studio>
    <plot>Pokemon Puzzle Collection Vol. 2? is similar to the first puzzle collection, but some games are different and there are 80 new puzzles.</plot>
    <ESRB>ESRB - E (Everyone)</ESRB>
    <boxart1>https://github.com/libretro-thumbnails/Nintendo_-_Pokemon_Mini/raw/master/Named_Boxarts/Pokemon%20Puzzle%20Collection%20Vol.%202%20(Japan).png</boxart1>
    <clearlogo1>https://images.launchbox-app.com/d35039e5-438e-4503-9559-883406e875c4.png</clearlogo1>
    <snapshot1>https://github.com/libretro-thumbnails/Nintendo_-_Pokemon_Mini/raw/master/Named_Titles/Pokemon%20Puzzle%20Collection%20Vol.%202%20(Japan).png</snapshot1>
    <snapshot2>https://github.com/libretro-thumbnails/Nintendo_-_Pokemon_Mini/raw/master/Named_Snaps/Pokemon%20Puzzle%20Collection%20Vol.%202%20(Japan).png</snapshot2>
  </game>
  <game name="Pokemon Race Mini (Japan)">
    <description>Pokemon Race Mini (Japan)</description>
    <title_clean>Pokemon Race Mini</title_clean>
    <rom name="PokemonMiniRomCollectionByGhostware/Pokemon%20Race%20Mini%20%28Japan%29.zip" size="104600"/>
    <ESRB>ESRB - E (Everyone)</ESRB>
    <studio>Jupiter Corp.</studio>
    <plot>Pokemon Race mini is a Japan-exclusive game released for Pokemon mini.[CR]The game is a racing competition, where the player races a Pikachu against other Pokemon, much like Pokemon Dash.</plot>
    <boxart1>https://github.com/libretro-thumbnails/Nintendo_-_Pokemon_Mini/raw/master/Named_Boxarts/Pokemon%20Race%20Mini%20(Japan).png</boxart1>
    <snapshot1>https://github.com/libretro-thumbnails/Nintendo_-_Pokemon_Mini/raw/master/Named_Titles/Pokemon%20Race%20Mini%20(Japan).png</snapshot1>
    <snapshot2>https://github.com/libretro-thumbnails/Nintendo_-_Pokemon_Mini/raw/master/Named_Snaps/Pokemon%20Race%20Mini%20(Japan).png</snapshot2>
  </game>
  <game name="Pokemon Sodateyasan Mini (Japan)">
    <description>Pokemon Sodateyasan Mini (Japan)</description>
    <title_clean>Pokemon Sodateyasan Mini</title_clean>
    <rom name="PokemonMiniRomCollectionByGhostware/Pokemon%20Sodateyasan%20Mini%20%28Japan%29.zip" size="133981"/>
    <plot>Pokemon Sodateyasan mini is a Tamagotchi-style virtual pet simulation for Nintendo's Pokemon mini. Like many games for this system it was released only in Japan.[CR]When you first start the game you will be asked to configure the date (in day/month/year format) and the time. This information is used to calculate your Pokemon's needs. Once you have set this information it is not asked for next time you start the game.</plot>
    <boxart1>https://github.com/libretro-thumbnails/Nintendo_-_Pokemon_Mini/raw/master/Named_Boxarts/Pokemon%20Sodateyasan%20Mini%20(Japan).png</boxart1>
    <snapshot1>https://github.com/libretro-thumbnails/Nintendo_-_Pokemon_Mini/raw/master/Named_Titles/Pokemon%20Sodateyasan%20Mini%20(Japan).png</snapshot1>
    <snapshot2>https://github.com/libretro-thumbnails/Nintendo_-_Pokemon_Mini/raw/master/Named_Snaps/Pokemon%20Sodateyasan%20Mini%20(Japan).png</snapshot2>
  </game>
  <game name="Pokemon Tetris (Europe) (En,Ja,Fr)">
    <description>Pokemon Tetris (Europe) (En,Ja,Fr)</description>
    <title_clean>Pokemon Tetris</title_clean>
    <rom name="PokemonMiniRomCollectionByGhostware/Pokemon%20Tetris%20%28Europe%29%20%28En%2CJa%2CFr%29.zip" size="191377"/>
    <ESRB>ESRB - E (Everyone)</ESRB>
    <studio>Nintendo</studio>
    <plot>Pokemon Tetris is a game released as part of Pokemon mini. It has only been released in Japan and Europe. It was classified by the ESRB as E for Everyone under the title Pokemon Mini Shock Tetris, but was never released in the United States.[CR]The game consists of several variations of the main game of Tetris with varying levels of difficulty. This game also allows most bricks to be Flipped by shaking the Pokemon mini. In all one player and VS. games, a silhouette of a Pokemon will be shown on the right hand side of the screen; if the player can make a match of 4 or more lines, the Pokemon will be captured and added to the in-game Pokedex. The player has a limited time to capture the Pokemon before it is replaced by another one chosen at random.</plot>
    <boxart1>https://github.com/libretro-thumbnails/Nintendo_-_Pokemon_Mini/raw/master/Named_Boxarts/Pokemon%20Tetris%20(Europe)%20(En,Ja,Fr).png</boxart1>
    <snapshot1>https://github.com/libretro-thumbnails/Nintendo_-_Pokemon_Mini/raw/master/Named_Titles/Pokemon%20Tetris%20(Europe)%20(En,Ja,Fr).png</snapshot1>
    <snapshot2>https://github.com/libretro-thumbnails/Nintendo_-_Pokemon_Mini/raw/master/Named_Snaps/Pokemon%20Tetris%20(Europe)%20(En,Ja,Fr).png</snapshot2>
  </game>
  <game name="Pokemon Zany Cards (USA, Europe)">
    <description>Pokemon Zany Cards (USA, Europe)</description>
    <title_clean>Pokemon Zany Cards</title_clean>
    <rom name="PokemonMiniRomCollectionByGhostware/Pokemon%20Zany%20Cards%20%28USA%2C%20Europe%29.zip" size="205126"/>
    <ESRB>ESRB - E (Everyone)</ESRB>
    <studio>Denyusha Ltd.</studio>
    <plot>Pokemon Zany Cards is a Pokemon mini video game released in 2001 by Nintendo. The game features a variety of card games and features characters from the video games (note: the characters are humans instead of Pokemon). The game has many Pokemon cards that the player can collect within the game. This is one of the few multiplayer games that were released on the Pokemon mini.</plot>
    <boxart1>https://github.com/libretro-thumbnails/Nintendo_-_Pokemon_Mini/raw/master/Named_Boxarts/Pokemon%20Zany%20Cards%20(USA,%20Europe).png</boxart1>
    <snapshot1>https://github.com/libretro-thumbnails/Nintendo_-_Pokemon_Mini/raw/master/Named_Titles/Pokemon%20Zany%20Cards%20(USA,%20Europe).png</snapshot1>
    <snapshot2>https://github.com/libretro-thumbnails/Nintendo_-_Pokemon_Mini/raw/master/Named_Snaps/Pokemon%20Zany%20Cards%20(USA,%20Europe).png</snapshot2>
  </game>
  <game name="Snorlax's Lunch Time (Europe) (GameCube)">
    <description>Snorlax's Lunch Time (Europe) (GameCube)</description>
    <title_clean>Snorlax's Lunch Time</title_clean>
    <rom name="PokemonMiniRomCollectionByGhostware/Snorlax%27s%20Lunch%20Time%20%28Europe%29%20%28GameCube%29.zip" size="24191"/>
    <rating>3.67</rating>
    <studio>Nintendo</studio>
    <releasedate>01/12/2003</releasedate>
    <plot>Snorlax's Lunch Time is an unused Pokemon Party Mini mini game that could be found amongst the other mini games in Pokemon Channel for the Nintendo GameCube.</plot>
    <ESRB>ESRB - E (Everyone)</ESRB>
    <boxart1>https://github.com/libretro-thumbnails/Nintendo_-_Pokemon_Mini/raw/master/Named_Boxarts/Snorlax's%20Lunch%20Time%20(Europe)%20(GameCube).png</boxart1>
    <clearlogo1>https://images.launchbox-app.com/198481ed-de35-44cc-9913-bb46c7427997.png</clearlogo1>
    <snapshot1>https://github.com/libretro-thumbnails/Nintendo_-_Pokemon_Mini/raw/master/Named_Titles/Snorlax's%20Lunch%20Time%20(Europe)%20(GameCube).png</snapshot1>
    <boxart2>https://images.launchbox-app.com/2191f3de-40d9-4872-a46f-3f153c34413a.png</boxart2>
    <snapshot2>https://github.com/libretro-thumbnails/Nintendo_-_Pokemon_Mini/raw/master/Named_Snaps/Snorlax's%20Lunch%20Time%20(Europe)%20(GameCube).png</snapshot2>
  </game>
  <game name="Togepi no Daibouken (Japan)">
    <description>Togepi no Daibouken (Japan)</description>
    <title_clean>Togepi no Daibouken</title_clean>
    <rom name="PokemonMiniRomCollectionByGhostware/Togepi%20no%20Daibouken%20%28Japan%29.zip" size="132165"/>
    <rating>5.00</rating>
    <nplayers>1</nplayers>
    <releasedate>18/11/2002</releasedate>
    <plot>Togepi no Daiboken is an action puzzle game similar to Kirby Tilt 'n' Tumble in that the player controls a Togepi who is rolling around like a ball. Traditional controls are used rather than motion controls for movement, though the Pokemon mini system's built-in tilt sensor is occasionally used for escaping when Togepi gets stuck in a hole. Togepi was peacefully walking through the forest when a Fearow noticed it. The Fearow grabs Togepi and takes it to its nest on the top of a tower. Togepi tries to escape, but trips on a pebble, and starts rolling around. The player must guide Togepi down the stairs. Many hazards exist, including bottomless pits, cracked floors, bumpers and many more too numerous to list. Sometimes, the stairs are covered by a door, and puzzles must be solved to open them, such as rolling over floor switches or knocking other Pokemon into holes. At the end each tower is a boss Pokemon, who is fought when they also trip on a pebble and start rolling. Boss arenas are small platforms surrounded by a bottomless pit. They must by rolled into and knocked into the abyss to be defeated.</plot>
    <genre>Action</genre>
    <ESRB>ESRB - E (Everyone)</ESRB>
    <studio>Jupiter Corp.</studio>
    <boxart1>https://github.com/libretro-thumbnails/Nintendo_-_Pokemon_Mini/raw/master/Named_Boxarts/Togepi%20no%20Daibouken%20(Japan)%20(Preview).png</boxart1>
    <clearlogo1>https://images.launchbox-app.com/6380dcc5-9009-47f8-a07a-fa76884d74e5.png</clearlogo1>
    <snapshot1>https://github.com/libretro-thumbnails/Nintendo_-_Pokemon_Mini/raw/master/Named_Titles/Togepi%20no%20Daibouken%20(Japan)%20(Preview).png</snapshot1>
    <boxart2>https://images.launchbox-app.com/f3ff7250-811c-4eed-93e0-0f975b4b4b59.jpg</boxart2>
    <snapshot2>https://github.com/libretro-thumbnails/Nintendo_-_Pokemon_Mini/raw/master/Named_Snaps/Togepi%20no%20Daibouken%20(Japan)%20(Preview).png</snapshot2>
    <videoid>86EfCGm3-1Y</videoid>
  </game>
</datafile>