<datafile>
	<header>
		<emu_name>Nintendo Virtual Boy</emu_name>
		<emu_description>Virtual Boy</emu_description>
		<emu_category>Nintendo, Handheld, 32 Bit, 1990s</emu_category>
		<emu_version>04012018</emu_version>
		<emu_date>03/03/2015</emu_date>
		<emu_author>Zach Morris</emu_author>
		<emu_visibility>visible</emu_visibility>
		<emu_homepage>http://www.no-intro.org</emu_homepage>
		<emu_baseurl>http://archive.org/download/</emu_baseurl>
		<emu_launcher>retroplayer</emu_launcher>
		<emu_default_addon>none</emu_default_addon>
		<emu_ext_launch_cmd>none</emu_ext_launch_cmd>
		<emu_downloadpath>default</emu_downloadpath>
		<emu_postdlaction>unzip_rom</emu_postdlaction>
		<emu_comment>No Intro Virtual Boy list.  Filtered to remove duplicates, betas, etc.[CR]The Virtual Boy was a table-top video game console developed and manufactured by Nintendo. It was the first video game console that was supposed to be capable of displaying "true 3D graphics" out of the box, in a form of virtual reality. Whereas most video games use monocular cues to achieve the illusion of three dimensions on a two-dimensional screen, The Virtual Boy creates an illusion of depth through the effect known as parallax. In a manner similar to using a head-mounted display, the user looks into an eyepiece made of neoprene on the front of the machine, and then an eyeglass-style projector allows viewing of the monochromatic (in this case, red) image. It was released on July 21, 1995 in Japan and August 14, 1995 in North America at a price of around US$180. It then became a commercial failure and it was not released in PAL markets. It met with a lukewarm reception that was unaffected by continued price drops. Nintendo discontinued it the following year.[CR]Developer: Nintendo[CR]Manufacturer: Nintendo[CR]CPU: NEC V810[CR]Memory: 128 KB dual-port VRAM[CR]Sound: 16-bit Stereo[CR]Display: 84 x 224 pixel resolution (produced by scanning a 1 x 224 LED array)[CR]Media: Cartridge[CR]Max Controllers: 1</emu_comment>
		<emu_thumb>f9CKMai.jpg</emu_thumb>
		<emu_banner>k2oVJBX.png</emu_banner>
		<emu_fanart>Km1h0gT.jpg</emu_fanart>
		<emu_logo>1Dygn7e.png</emu_logo>
		<emu_trailer>17euo2DzBZI</emu_trailer>
	</header>
	<game name="3-D Tetris (USA)">
		<description>3-D Tetris (USA)</description>
		<rom crc="BB71B522" md5="ECF1218706E9B547EAB9E4BE58D54E21" name="No-Intro-Collection_2016-09-06/Nintendo-VirtualBoy.zip/3-D%20Tetris%20%28USA%29.zip" sha1="5177015A91442E56BD76AF39447BCA365E06C272" size="292863" />
		<title_clean>3-D Tetris</title_clean>
		<plot>[CR][B]Overview:[/B][CR]3D Tetris was the last official game released for the Virtual Boy on March 22nd 1996. The game was developed by T&amp;E Soft and was exclusive to the United States after the Japanese release, which was scheduled for a February 1996 release, was cancelled due to a lack of interest in the Virtual Boy system.3D Tetris requires the player to completely fill a 3d well with shapes that can be moved in a 2D plane and rotated on a 3D plane using the left and right gamepads respectively. Every time a piece of a shape extends beyond the well, that piece is destroyed along with bottom most level of the well. The game is lost when all levels of the well are destroyed.</plot>
		<releasedate>03/22/1996</releasedate>
		<year>1996</year>
		<genre>Action, Puzzle</genre>
		<studio>Nintendo of America Inc.</studio>
		<nplayers>1</nplayers>
		<rating>10</rating>
		<ESRB>E - Everyone</ESRB>
		<videoid>AUq5d7VQkgM</videoid>
		<thegamesdb_id>14736</thegamesdb_id>
		<mobygames_url>http://www.mobygames.com/game/virtual-boy/3-d-tetris</mobygames_url>
		<giantbomb_url>https://www.giantbomb.com/3d-tetris/3030-17439/</giantbomb_url>
		<boxart1>7FbK29Q.png</boxart1>
		<boxart2>http://thegamesdb.net/banners/boxart/original/back/14736-1.jpg</boxart2>
		<snapshot1>biDbxEY.png</snapshot1>
		<snapshot2>https://raw.githubusercontent.com/libretro/libretro-thumbnails/master/Nintendo%20-%20Virtual%20Boy/Named_Titles/3-D%20Tetris%20(USA).png</snapshot2>
		<snapshot3>http://thegamesdb.net/banners/screenshots/14736-3.jpg</snapshot3>
		<snapshot4>http://thegamesdb.net/banners/screenshots/14736-4.jpg</snapshot4>
		<banner1>XZeDd6J.jpg</banner1>
		<clearlogo1>Icxpoma.png</clearlogo1>
	</game>
	<game name="Bound High (Unknown) (Proto)">
		<description>Bound High (Unknown) (Proto)</description>
		<rom crc="E81A3703" md5="A460E2660FA951E9D4E3B05AEE9F5018" name="No-Intro-Collection_2016-09-06/Nintendo-VirtualBoy.zip/Bound%20High%20%28Unknown%29%20%28Proto%29.zip" sha1="1196EF8B9A96A0FF2F3634F8EB1C4865C0FB6B01" size="386779" />
		<title_clean>Bound High</title_clean>
		<plot>Originally developed by Japan System Supply, Nintendo liked the game idea of Bound High! and took over the project later. The game was, besides Dragon Hopper, going to be one of the games, which should have saved the system with a relaunch, but it was delayed again and again until it was cancelled because of the lack of success of the Virtual Boy. At this time, the game already was completely finished.[CR]In Bound High!, Chalvo, the bouncing robot, travels through space In full 3d-D motion in pursuit of alien invaders that threaten the peaceful inhabitants of Earth. Angling from above, players control rolled up Chalvo, who must destroy all enemies on the playfield by landing on them and throwing them down from the playfield. Falling off the playfield himself, Chalvo will loose a life.[CR]The playfield is in space, or high above the earth, and is made of many little squares, which are composed differently from level to level, once big plain areas, once many small, scattered blocks. Bouncing over the platforms can be quite incalculable and dangerous, while some are solid, other ones vanish after one hit or reveal puzzles, items or other objects and besides a lot of different enemies, Chalvo also has to carefully avoid winds, the deep crevices, sharp spikes and highly charged electric "shockers" that cause his demise. Adding to the difficulty is the rebound angle when you hit a moving enemy - you don't necessarily bounce straight up in the air.[CR]Sometimes blocks lead to an "Another Stage", some kind of mirrored parallel universe with inverted colors and without the dangerous winds.</plot>
		<releasedate>08/26/1996</releasedate>
		<year>1996</year>
		<genre>Action, Puzzle</genre>
		<nplayers>1</nplayers>
		<ESRB>E - Everyone</ESRB>
		<thegamesdb_id>20556</thegamesdb_id>
		<boxart1>lz8peBc.png</boxart1>
		<boxart2>http://thegamesdb.net/banners/boxart/original/back/20556-1.jpg</boxart2>
		<snapshot1>172t4uG.png</snapshot1>
		<snapshot2>https://raw.githubusercontent.com/libretro/libretro-thumbnails/master/Nintendo%20-%20Virtual%20Boy/Named_Titles/Bound%20High%20(Unknown)%20(Proto).png</snapshot2>
		<snapshot3>http://thegamesdb.net/banners/screenshots/20556-3.jpg</snapshot3>
		<snapshot4>http://thegamesdb.net/banners/screenshots/20556-4.jpg</snapshot4>
		<clearlogo1>Vu1dA0X.png</clearlogo1>
	</game>
	<game name="Galactic Pinball (Japan, USA)">
		<description>Galactic Pinball (Japan, USA)</description>
		<rom crc="C9710A36" md5="85260599FDADA2E137053A8647AA0D06" name="No-Intro-Collection_2016-09-06/Nintendo-VirtualBoy.zip/Galactic%20Pinball%20%28Japan%2C%20USA%29.zip" sha1="93A25ABF4F86E71A49C1C3A470140BB40CB693D6" size="427657" />
		<title_clean>Galactic Pinball</title_clean>
		<plot>Prepare to enter the vast expanse of the Milky Way. Put your pinball skills to an interstellar test with four incredible space tables.[CR]Blast your pinball at rotating planets and turn them into dust in the Cosmic world. Send your puck flying through galactic formations in the deep-space Colony. Defeat an evil skeleton and hit the ultimate UFO jackpot! Knock down multiple rings and destroy wicked assailants in an Alien place. Defy arduous obstacles and save the world from impending devastation!</plot>
		<releasedate>08/14/1995</releasedate>
		<year>1995</year>
		<genre>Action</genre>
		<studio>Nintendo Co., Nintendo of America Inc., Playtronic Industrial Ltda.</studio>
		<nplayers>1</nplayers>
		<rating>8</rating>
		<ESRB>E - Everyone</ESRB>
		<videoid>UigxJo8EdRA</videoid>
		<thegamesdb_id>14738</thegamesdb_id>
		<mobygames_url>http://www.mobygames.com/game/virtual-boy/galactic-pinball</mobygames_url>
		<giantbomb_url>https://www.giantbomb.com/galactic-pinball/3030-20180/</giantbomb_url>
		<boxart1>yliAOtV.png</boxart1>
		<boxart2>http://thegamesdb.net/banners/boxart/original/back/14738-1.jpg</boxart2>
		<snapshot1>jv8dx19.png</snapshot1>
		<snapshot2>https://raw.githubusercontent.com/libretro/libretro-thumbnails/master/Nintendo%20-%20Virtual%20Boy/Named_Titles/Galactic%20Pinball%20(Japan%2C%20USA).png</snapshot2>
		<snapshot3>http://thegamesdb.net/banners/screenshots/14738-3.jpg</snapshot3>
		<snapshot4>http://thegamesdb.net/banners/screenshots/14738-4.jpg</snapshot4>
		<snapshot5>http://www.mobygames.com/images/shots/l/116897-galactic-pinball-virtual-boy-screenshot-title-screen.jpg</snapshot5>
		<snapshot6>http://www.mobygames.com/images/shots/l/116898-galactic-pinball-virtual-boy-screenshot-choosing-the-play.jpg</snapshot6>
		<snapshot7>http://www.mobygames.com/images/shots/l/120402-galactic-pinball-virtual-boy-screenshot-cosmic-pinball-field.jpg</snapshot7>
		<snapshot8>http://www.mobygames.com/images/shots/l/525126-galactic-pinball-virtual-boy-screenshot-alien-pinball-field.jpg</snapshot8>
		<snapshot9>http://www.mobygames.com/images/shots/l/525127-galactic-pinball-virtual-boy-screenshot-ufo-pinball-field.jpg</snapshot9>
		<snapshot10>http://www.mobygames.com/images/shots/l/525128-galactic-pinball-virtual-boy-screenshot-colony-pinball-field.jpg</snapshot10>
		<clearlogo1>bmLHTqx.png</clearlogo1>
	</game>
	<game name="Golf (USA)">
		<description>Golf (USA)</description>
		<rom crc="2199AF41" md5="977C4DA800DACFAC1A1402781670F872" name="No-Intro-Collection_2016-09-06/Nintendo-VirtualBoy.zip/Golf%20%28USA%29.zip" sha1="23CE3C174789CDD306497D86CB2C4E76BA8B06E5" size="561971" />
		<title_clean>Golf</title_clean>
		<plot>  </plot>
		<releasedate>11/01/1995</releasedate>
		<year>1995</year>
		<genre>Sports</genre>
		<studio>Nintendo Co., Nintendo of America Inc.</studio>
		<nplayers>1</nplayers>
		<ESRB>E - Everyone</ESRB>
		<thegamesdb_id>14739</thegamesdb_id>
		<mobygames_url>http://www.mobygames.com/game/virtual-boy/golf-</mobygames_url>
		<giantbomb_url>https://www.giantbomb.com/golf/3030-24167/</giantbomb_url>
		<boxart1>aMnFpr6.png</boxart1>
		<boxart2>http://thegamesdb.net/banners/boxart/original/back/14739-1.jpg</boxart2>
		<boxart3>http://www.mobygames.com/images/covers/l/155853-golf-virtual-boy-media.jpg</boxart3>
		<boxart4>http://www.mobygames.com/images/covers/l/44565-golf-virtual-boy-media.jpg</boxart4>
		<snapshot1>aBO8Dpv.png</snapshot1>
		<snapshot2>https://raw.githubusercontent.com/libretro/libretro-thumbnails/master/Nintendo%20-%20Virtual%20Boy/Named_Titles/Golf%20(USA).png</snapshot2>
		<snapshot3>http://thegamesdb.net/banners/screenshots/14739-3.jpg</snapshot3>
		<snapshot4>http://www.mobygames.com/images/shots/l/119455-golf-virtual-boy-screenshot-title-screen.jpg</snapshot4>
		<snapshot5>http://www.mobygames.com/images/shots/l/119453-golf-virtual-boy-screenshot-menu-screen.jpg</snapshot5>
		<snapshot6>http://www.mobygames.com/images/shots/l/119454-golf-virtual-boy-screenshot-hole-selection-briefing.jpg</snapshot6>
		<clearlogo1>rLcQ3Vq.png</clearlogo1>
	</game>
	<game name="Innsmouth no Yakata (Japan)">
		<description>Innsmouth no Yakata (Japan)</description>
		<rom crc="83CB6A00" md5="1EB964D0EAA3223CFEFDCC99A6265C88" name="No-Intro-Collection_2016-09-06/Nintendo-VirtualBoy.zip/Innsmouth%20no%20Yakata%20%28Japan%29.zip" sha1="37E06E53CE2810E870835C48DECDD6C72079BFDA" size="224868" />
		<title_clean>Innsmouth no Yakata</title_clean>
		<plot>Insmouse No Yakata is a video game based on a low-budget Japanese horror film of the same name which has gained a cult following in Japan, which is itself based loosely on H.P. Lovecraft's story "The Shadow Over Innsmouth".  It has the distinction of being not only the only first-person shooter but also the only survival-horror game  in the Virtual Boy's small library.The player will traverse no more than 13 of 45 possible levels per playthrough.  Each level has several enemy creatures, which are killed using a gun from the first-person perspective.  Since ammunition is scarce and the player cannot slip past enemy creatures without killing them, there is a strong survival horror aspect to the gameplay motivating the player to find alternate routes rather than resorting to combat.  Each level is completed by finding a key, which allows the player to progress to the next level or the ending, of which there are four.</plot>
		<releasedate>10/13/1995</releasedate>
		<year>1995</year>
		<genre>Action</genre>
		<studio>I'Max Corp.</studio>
		<nplayers>1</nplayers>
		<thegamesdb_id>19238</thegamesdb_id>
		<mobygames_url>http://www.mobygames.com/game/virtual-boy/insmouse-no-yakata</mobygames_url>
		<giantbomb_url>https://www.giantbomb.com/insmouse-no-yakata/3030-24236/</giantbomb_url>
		<boxart1>YyCh7IF.png</boxart1>
		<boxart2>http://thegamesdb.net/banners/boxart/original/back/19238-1.jpg</boxart2>
		<snapshot1>UlzR981.png</snapshot1>
		<snapshot2>https://raw.githubusercontent.com/libretro/libretro-thumbnails/master/Nintendo%20-%20Virtual%20Boy/Named_Titles/Innsmouth%20no%20Yakata%20(Japan).png</snapshot2>
		<snapshot3>http://thegamesdb.net/banners/screenshots/19238-3.jpg</snapshot3>
		<clearlogo1>ctkhOI7.png</clearlogo1>
	</game>
	<game name="Jack Bros. (USA)">
		<description>Jack Bros. (USA)</description>
		<rom crc="A44DE03C" md5="EE873C9969C15E92CA9A0F689C4CE5EA" name="No-Intro-Collection_2016-09-06/Nintendo-VirtualBoy.zip/Jack%20Bros.%20%28USA%29.zip" sha1="0E086D7EF2BD8B97315196943FD0B71DA07AA8F1" size="385058" />
		<title_clean>Jack Bros.</title_clean>
		<plot>[CR][B]Overview:[/B][CR]Jack Bros. was released by Atlus for the Nintendo Virtual Boy console in 1995. The game stars two mascots of the popular Megami Tensei series of games -- Jack Frost and Pyro Jack -- along with newcomer Jack Skeleton. The gameplay is reminecent of the Gauntlet series. The game has the player navigate mazes, shoot enemies, collects keys, search for exits, and fight endstage bosses across six stages all before time runs out. The game is noteable for being the first Megami Tensei game released in North America. It is highly sought after by Nintendo Virtual Boy game collectors.[CR][B]Story:[/B][CR]Every year on Halloween morning, the portal to the World of Fairies opens, allowing a pathway to form between their world and ours. One year, the impish Jack Brothers decide to venture into our world to cause mischief on Halloween night. Unfortunately, the brothers lose track of time and must pass through the portal again by midnight or else be banished from the World of Fairies.</plot>
		<releasedate>10/01/1995</releasedate>
		<year>1995</year>
		<genre>Action</genre>
		<studio>Atlus Co., Atlus Software Inc.</studio>
		<nplayers>1</nplayers>
		<rating>8</rating>
		<ESRB>E - Everyone</ESRB>
		<thegamesdb_id>14740</thegamesdb_id>
		<mobygames_url>http://www.mobygames.com/game/virtual-boy/jack-bros</mobygames_url>
		<giantbomb_url>https://www.giantbomb.com/jack-bros/3030-7506/</giantbomb_url>
		<boxart1>SfNbRpU.png</boxart1>
		<boxart2>http://thegamesdb.net/banners/boxart/original/back/14740-1.jpg</boxart2>
		<boxart3>http://www.mobygames.com/images/covers/l/158129-jack-bros-virtual-boy-media.jpg</boxart3>
		<snapshot1>iFHzoQ3.png</snapshot1>
		<snapshot2>https://raw.githubusercontent.com/libretro/libretro-thumbnails/master/Nintendo%20-%20Virtual%20Boy/Named_Titles/Jack%20Bros.%20(USA).png</snapshot2>
		<snapshot3>http://thegamesdb.net/banners/screenshots/14740-3.jpg</snapshot3>
		<snapshot4>http://thegamesdb.net/banners/screenshots/14740-4.jpg</snapshot4>
		<snapshot5>http://www.mobygames.com/images/shots/l/119320-jack-bros-virtual-boy-screenshot-title-screen.jpg</snapshot5>
		<snapshot6>http://www.mobygames.com/images/shots/l/119322-jack-bros-virtual-boy-screenshot-choose-your-favorite-jack.jpg</snapshot6>
		<snapshot7>http://www.mobygames.com/images/shots/l/119325-jack-bros-virtual-boy-screenshot-introduction-scene-some-children.jpg</snapshot7>
		<snapshot8>http://www.mobygames.com/images/shots/l/119323-jack-bros-virtual-boy-screenshot-map-screen.jpg</snapshot8>
		<snapshot9>http://www.mobygames.com/images/shots/l/119324-jack-bros-virtual-boy-screenshot-for-a-safe-adventure-listen.jpg</snapshot9>
		<snapshot10>http://www.mobygames.com/images/shots/l/121403-jack-bros-virtual-boy-screenshot-to-prevent-fast-deaths-find.jpg</snapshot10>
		<clearlogo1>BoBTNMo.png</clearlogo1>
	</game>
	<game name="Jack Bros. no Meiro de Hiihoo! (Japan)">
		<description>Jack Bros. no Meiro de Hiihoo! (Japan)</description>
		<rom crc="CAB61E8B" md5="1B177FE2DD12EC1D67F6A43502F8D391" name="No-Intro-Collection_2016-09-06/Nintendo-VirtualBoy.zip/Jack%20Bros.%20no%20Meiro%20de%20Hiihoo%21%20%28Japan%29.zip" sha1="A973406590382EE503037271330D68D2834B79DB" size="433208" />
		<title_clean>Jack Bros. no Meiro de Hiihoo!</title_clean>
		<plot>[CR][B]Overview:[/B][CR]Jack Bros. was released by Atlus for the Nintendo Virtual Boy console in 1995. The game stars two mascots of the popular Megami Tensei series of games -- Jack Frost and Pyro Jack -- along with newcomer Jack Skeleton. The gameplay is reminecent of the Gauntlet series. The game has the player navigate mazes, shoot enemies, collects keys, search for exits, and fight endstage bosses across six stages all before time runs out. The game is noteable for being the first Megami Tensei game released in North America. It is highly sought after by Nintendo Virtual Boy game collectors.[CR][B]Story:[/B][CR]Every year on Halloween morning, the portal to the World of Fairies opens, allowing a pathway to form between their world and ours. One year, the impish Jack Brothers decide to venture into our world to cause mischief on Halloween night. Unfortunately, the brothers lose track of time and must pass through the portal again by midnight or else be banished from the World of Fairies.</plot>
		<releasedate>1995-10-29 00:00:00</releasedate>
		<year>1995</year>
		<genre>Action</genre>
		<studio>Atlus Co., Atlus Software Inc.</studio>
		<nplayers>1</nplayers>
		<mobygames_url>http://www.mobygames.com/game/virtual-boy/jack-bros</mobygames_url>
		<giantbomb_url>https://www.giantbomb.com/jack-bros/3030-7506/</giantbomb_url>
		<boxart1>uiVJtnb.png</boxart1>
		<boxart2>http://thegamesdb.net/banners/boxart/original/back/14740-1.jpg</boxart2>
		<boxart3>http://www.mobygames.com/images/covers/l/158129-jack-bros-virtual-boy-media.jpg</boxart3>
		<snapshot1>807qCef.png</snapshot1>
		<snapshot2>https://raw.githubusercontent.com/libretro/libretro-thumbnails/master/Nintendo%20-%20Virtual%20Boy/Named_Titles/Jack%20Bros.%20no%20Meiro%20de%20Hiihoo!%20(Japan).png</snapshot2>
		<snapshot3>http://thegamesdb.net/banners/screenshots/14740-3.jpg</snapshot3>
		<snapshot4>http://thegamesdb.net/banners/screenshots/14740-4.jpg</snapshot4>
		<snapshot5>http://www.mobygames.com/images/shots/l/119320-jack-bros-virtual-boy-screenshot-title-screen.jpg</snapshot5>
		<snapshot6>http://www.mobygames.com/images/shots/l/119322-jack-bros-virtual-boy-screenshot-choose-your-favorite-jack.jpg</snapshot6>
		<snapshot7>http://www.mobygames.com/images/shots/l/119325-jack-bros-virtual-boy-screenshot-introduction-scene-some-children.jpg</snapshot7>
		<snapshot8>http://www.mobygames.com/images/shots/l/119323-jack-bros-virtual-boy-screenshot-map-screen.jpg</snapshot8>
		<snapshot9>http://www.mobygames.com/images/shots/l/119324-jack-bros-virtual-boy-screenshot-for-a-safe-adventure-listen.jpg</snapshot9>
		<snapshot10>http://www.mobygames.com/images/shots/l/121403-jack-bros-virtual-boy-screenshot-to-prevent-fast-deaths-find.jpg</snapshot10>
	</game>
	<game name="Mario Clash (Japan, USA)">
		<description>Mario Clash (Japan, USA)</description>
		<rom crc="A47DE78C" md5="B1B3A25CE8FB4F406BF82B8765D307D0" name="No-Intro-Collection_2016-09-06/Nintendo-VirtualBoy.zip/Mario%20Clash%20%28Japan%2C%20USA%29.zip" sha1="7556A778B60490BDB81774BCBAA7413FC84CB985" size="299974" />
		<title_clean>Mario Clash</title_clean>
		<plot>[CR][B]Story:[/B][CR]Blimps are a villain's vehicle of choice. Mario is attempting to clear  the bad guys  out of the "Clash Tower"  after they take over in their big  evil-looking blimp. He'll have to clear the place out on his own, one floor at a time.[CR][B]Gameplay:[/B][CR]Mario throwing objects indoors. For shame.Mario Clash is a remake of the Mario Bros. arcade game for the Virtual Boy. It features many of the same  enemies as the  original game,  plus a few new additions like Paragoombas  and Boo Buddies. Since the game attempts to show off the 3-D capabilities of the Virtual Boy, Mario is able and often required to attack enemies by tossing Koopa shells at them from opposing sides of the playing field. To make sure this is possible, there are two Koopas on screen at all times. Each stage can only be completed when Mario defeats every single enemy on screen. There is a mushroom counter on the upper-right hand corner of the playing field. It counts down once for every non-Koopa that Mario defeats. If he destroys all of them, he enters "Fever Time," where a hit from any direction with a Koopa shell will defeat any enemy and scoring is doubled.Mini-GameEvery few stages there is an interlude for a mini-game. Mario must collect as many coins as possible to earn extra lives.</plot>
		<releasedate>10/01/1995</releasedate>
		<year>1995</year>
		<genre>Action</genre>
		<studio>Nintendo Co., Nintendo of America Inc.</studio>
		<nplayers>1</nplayers>
		<rating>6.5</rating>
		<ESRB>E - Everyone</ESRB>
		<thegamesdb_id>14743</thegamesdb_id>
		<mobygames_url>http://www.mobygames.com/game/virtual-boy/mario-clash</mobygames_url>
		<giantbomb_url>https://www.giantbomb.com/mario-clash/3030-7638/</giantbomb_url>
		<boxart1>45YL7Ak.png</boxart1>
		<boxart2>http://thegamesdb.net/banners/boxart/original/back/14743-1.jpg</boxart2>
		<snapshot1>kTe7BNM.png</snapshot1>
		<snapshot2>https://raw.githubusercontent.com/libretro/libretro-thumbnails/master/Nintendo%20-%20Virtual%20Boy/Named_Titles/Mario%20Clash%20(Japan%2C%20USA).png</snapshot2>
		<snapshot3>http://thegamesdb.net/banners/screenshots/14743-3.jpg</snapshot3>
		<snapshot4>http://www.mobygames.com/images/shots/l/89842-mario-clash-virtual-boy-screenshot-mario-in-the-introduction.jpg</snapshot4>
		<snapshot5>http://www.mobygames.com/images/shots/l/89843-mario-clash-virtual-boy-screenshot-title-screen.jpg</snapshot5>
		<snapshot6>http://www.mobygames.com/images/shots/l/89844-mario-clash-virtual-boy-screenshot-the-main-menu.jpg</snapshot6>
		<snapshot7>http://www.mobygames.com/images/shots/l/89845-mario-clash-virtual-boy-screenshot-each-level-begins-with-a.jpg</snapshot7>
		<snapshot8>http://www.mobygames.com/images/shots/l/89848-mario-clash-virtual-boy-screenshot-jump-on-top-of-the-non-spikey.jpg</snapshot8>
		<snapshot9>http://www.mobygames.com/images/shots/l/89847-mario-clash-virtual-boy-screenshot-throwing-shells-at-enemies.jpg</snapshot9>
		<snapshot10>http://www.mobygames.com/images/shots/l/89849-mario-clash-virtual-boy-screenshot-level-complete.jpg</snapshot10>
		<banner1>0W7JUTM.jpg</banner1>
		<clearlogo1>lvaJIJg.png</clearlogo1>
	</game>
	<game name="Mario's Tennis (Japan, USA)">
		<description>Mario's Tennis (Japan, USA)</description>
		<rom crc="7CE7460D" md5="38ECC2C5A745A80D32EB9E8E413358C4" name="No-Intro-Collection_2016-09-06/Nintendo-VirtualBoy.zip/Mario%27s%20Tennis%20%28Japan%2C%20USA%29.zip" sha1="5162F7FA9E3EAE4338C53CCBA641BA080C768754" size="311028" />
		<title_clean>Mario's Tennis</title_clean>
		<plot>Mario's Tennis was released on August 14th, 1995 and was the North American pack-in game that came along with the Virtual Boy game system when you bought it. Making it the first game released for the system.Because of the game being a pack-in title, it did not come in a normal Virtual Boy box. Instead the Virtual Boy Mario Tennis cartridge just came with the system loose, along with an instruction manual and black "protector" case that covers the part of the cart that slides into the system. In Japan you could buy the game separately with it's own box since the game wasn't a pack-in game in Japan.Mario's Tennis uses the 3D effects of the Virtual Boy by having the player hit the Tennis Ball with their racket to the other side of the court. The ball thusly looks like it is heading towards you or away from you in a simulated 3D effect. The game contains 7 characters from the Mario universe that you can play as: Mario, Luigi, Yoshi, Toad, Princess Toadstool/Peach, Donkey Kong Jr., and Koopa Troopa.A two-player mode is technically available in the game, but the Virtual Boy Link Cable that you would use to link two Virtual Boy game systems together to play two-player was never released. Thus it is impossible to play two-player Mario's Tennis.Mario's Tennis was a prelude to Nintendo and developer Camelot's series of Mario Sports games that started with Mario Golf, released for the Nintendo 64 in 1999. And was followed up with Mario Tennis for N64 in 2000. Obviously, Mario Tennis wouldn't have existed without the groundwork that Nintendo first-party Mario's Tennis developer R&amp;D1 had laid when they developed Mario's Tennis for the Virtual Boy in 1995.Although Mario Sports games had existed since the NES era with Nintendo's own Tennis and Golf games on NES (complete with Mario as the referee); the groundwork for the modern version of Mario Sports games was given it's birth with the Virtual Boy's Mario's Tennis. It was the first Nintendo Mario Sports game that included the 8 playable Mario universe characters. A tradition that was brought over from the SNES classic and mega-hit kart-racing game, Super Mario Kart. Which had the same 8 playable characters as that game's cast.Mario's Tennis is arguably the most popular, well known and easily found Virtual Boy game, due to the nature of the game being the pack-in title for the system in North America.This generally means that anyone who bought a Virtual Boy game system new at stores at the time the system was being sold, most likely owned a copy of Mario's Tennis which came with the system. Thus it is very easy to find a copy of Mario's Tennis to kick-start your Virtual Boy collection. Although it is rarer to have a "complete" copy of Mario's Tennis with a box, since they were only sold "complete" in Japan and not North America.[CR]Intro (From instruction manual)[CR]On the CourtThere has never been a tennis game like Mario's Tennis. Mario, Yoshi and the whole cast of your favorite characters move freely around a completely three-dimensional tennis court. If you move to the net, and your opponent lobs, the ball seems to actually fly over your head. There has never been a game that was able to realistically create the feeling of depth on the court. You'll find yourself trying to turn around and check the line when your opponent slams a passing shot down the line. It's time to prove that you can serve, volley and rally with the best of them![CR]CAST OF CHARACTERS[CR]MarioHe's an average player whose court speed and leg strength are solid. His racquet contact area is average, and he relies on his skillful groundstrokes, though he will approach the net occasionally.LuigiHis skill level and court strategy are similar to Mario's. He has better court coverage, though, due to being faster than Mario.Princess Toadstool (Peach)The Princess is slow, but her racquet contact area is large. She doesn't' like to approach the net, preferring to instead rally from the baseline.YoshiHe is the fastest of all the players, but his racquet contact area is small. He plays an aggressive type of game by rushing the net at every opportunity.ToadToad is quite quick on the court, but his racquet contact area is not very large. Like Yoshi, he tries to approach the net often. Though he is no strong, he has great court coverage because he can lunge at tough balls.KoopaBeing a turtle, basically, his court speed suffers. he has a large racquet contact area though. He likes to rally from the baseline, and he also can lunge at tough shots like Toad.Donkey Kong Jr.He is slower than all the other players, and also has a smaller racquet contact area. He is however, understandably the most powerful of all the players. His strong groundstorkes allow him to win many points from the baseline.* The racquet contact area only changes when playing on Hard difficulty level. The racquet contact area affects the players ability to return balls that are far away or too close to the player. On any level faster players are faster and powerful players hit strong shots.[CR][B]Controls:[/B][CR]Left Control Pad (D-Pad on Left Side) - Move the player, Control Shot Adjustment, Move through selections.A Button - Hit the Ball (Solid Shot), Toss the Ball, Register a selection, Move to next point.B Button - Hit the Ball (Soft Shot, Lob), Toss the Ball.Select Button - Press when game is Paused to access the adjustment screen.Start Button - Pause the game, advance to the next screen.* Right Control Pad, R Button and L Button not used.Moving the PlayerUse the Left Control Pad and your player moves forward, back, left and right.Serving1. Move the player to the left or right.2. Press either the A or B Button to toss the ball.3. Press the A or B Button again to serve. If you time your swing correctly, the serve will be good. The A Button hits a Hard Serve, and the B Button hits a Soft Serve.Hitting Groundstrokes, Lobs, Volleys and SmashesPress the A Button to hit normal, strong groundstrokes. If the ball is above your head, you will automatically do an overhead smash. When near the net, you automatically volley. Press the B Button to Lob.Using the Left Control PadThe Left Control Pad is used to control the placement of your shots on the court. If you press the Left Control Pad at the same time that you hti the ball, you can direct the shot as follows:* UP on the Left Control Pad = Long Backcourt Shot* DOWN on the Left Control Pad = Short Frontcourt Shot* LEFT or RIGHT on the Left Control Pad = Shot Toward SidelineSpeed Up Between PointsPress the A Button between points to speed up the action. Your character will run to the service line, and point information will not be displayed on screen as long.PausePress the Start Button at any time to Pause game play. While the game is paused, you can adjust the Virtual Boy IPD and focus. If you want to make adjustments, press the Select Button (while paused) to access the IPD and focus screen. After making adjustments, Press Start to return to the pause screen. Press start again to go back to game play. Note: You cannot access the Auto Pause On/Off selection by pausing the game.ResetIf you press Start, Select, the A, B, L and R Buttons simultaneously, the game will reset (this is called a "Soft Reset")Low Battery IndicatorWhen battery power is low, you will see a flashing battery indicator in the corner of the screen. Please change the batteries as soon as possible after the indicator appears.[CR]How to Play[CR]Title ScreenThere are two modes of play in Mario's Tennis. At the Title Screen, you can select between Singles or Doubles with the Left Control Pad, then register your selection with the A Button.Singles PlaySelect either "1P vs COM" (1 player versus the computer AI) or "Tournament" with the Left Control Pad. Next, select the difficulty level and length of the match. Use the Left Control Pad to select your player character, and press the A button to register your selection. Then, select your opponent with the Left Control Pad and press the A button.Doubles PlayMake the selections as indicated for Singles play. Next select your player character, your partner and your two opponents.TournamentWhen playing Tournament, you'll see the bracket screen that shows the player matchups and your opponent is randomly selected. During the tournament, the outcome of matches other than your own is decided by the computer. Enter the tournament by pressing the A Button.Be sure to select the difficulty level and the length of the match before selecting the player characters. If you press Start before selecting player characters, Mario plays Donkey Kong Jr. in the Singles mode. In the Doubles mode, the teams are set as Mario &amp; Yoshi vs Donkey Kong Jr. &amp; Toad if you don't select the players.Court ScreenCourt - Notice that the net is decorated with hearts. The court is used for both Singles and Doubles mode.Lakitu - Lakitu is the Chair Umpire (High and above the court) and score keeper for all of the matches. There is no complaining about line calls allowed with this judge! Mario fans will remember Lakitu as the Koopa Troopa with glasses floating in a cloud who drops Spiney enemies on our heroes.Your Player Character - Your player always appears at the bottom of the screen. Watch the facial expressions of the different characters!Results ScreenExcept for Tournament matches, the Results Screen shown below is displayed at the end of every match. This screen gives you the chance to see how well you played in the match by displaying various statistics. Press the A Button to return to the title screen.Total Points - Total of points won.Baseline Points - Points won from the backcourt.Net Points - Points won at the net.Errors - Total of unforced errors.Service Ace - Total Aces served.1st Serve % - Percentage of good first serves.Double Fault - Number of double faults.Difficulty LevelsStudy the following chart, so that you will select a difficulty level that is appropriate for you.Easy Normal HardBall Speed Slow Slow FastRacquet Contact Area Large Large StandardOpponent Power Weak Strong StrongPlayer's Body Can Obscure Ball No No YesPlayer Speed Slow Slow Fast* Note that the ball won't hit the player character's body.[CR]Mario's Tennis School (How to Play)[CR]ServiceWhen serving, check your opponents location on the court. use this to select the placement and depth of your serve. For the easiest serve, use the B Button without the Left Control Pad.Return of ServeWatch where the opponent stands during service, and try to effectively place a solid return of serve. If an opponent rushes the net just after serving, make sure that you use your lob.Groundstrokes, Volleys and SmashesTiming is very important on these shots. If you press the Left Control Pad too early, your player character will move and you may miss the shot. The placement of your shots can be affected by the timing of your swing of the racket. If you swing early or late it can change where your shot goes. For example, if you press the Left Control Pad and swing early while trying to hit a ball to the left, the ball will fly more sharply to the left. Being able to correctly time the swing of your racquet can directly affect your success on the court.Doubles PositioningWhen playing Doubles, do not stand directly behind or in front of your partner. In Doubles, maximum court coverage requires you and your partner to cover the sidelines effectively.[CR]Mario's Tennis School - THE RULES OF TENNIS[CR]PointsThe basic unit of scoring is the point. Points start from 0 (Love) and the first point scored is called 15. The second point is called 30. The third point is called 40. And the fourth point won wins the game. If the game reaches 40-40, it is called Deuce. The next point won gives that player the Advantage. If that players wins the next point, they win the game. If they lose the point, the score returns to Deuce, and play continues until one side with the Advantage wins a point.GamesA game is normally the first to win four points. Unless the match goes to Deuce. The first player to win six games wins a "Set" though the winner must beat the opponent by at least two games. If each side wins six games, there is a special game played called a Tie Break to determine who wins the set.Tie BreakAs mentioned, a Tie Break is played when the score is 6-6. In the Tie Break, the first person to win seven points, and win by two points, takes the set. The score for the set is recorded as 7-6.SetsReal matches are normally the best-of-three sets or the best-of-five sets. In Mario's Tennis, there is no best-of-five set match. So that matches can be quickly played, you have a choice between a one-set match and a best-of-three set match.Tennis Terms Used in the GameOut - If your shot lands outside the court, you lose that point. A sign appears telling you when a shot is out.Net - If your shot hits the net, and lands on your side of the net, you lose the point. A sign indicates when your shot hits the net and lands on your side.Fault - If your serve does not land in the service area, you "fault". If you fault twice in a row, it is called a "double fault," and you lose the point. During the game "Fault" and "Double Fault" will be indicated. The service area is the square that is near the net, and in front of where you opponent is standing prior to serve.Let - If your serve hits the net and falls in the service area, it is called a "Let". And you get to serve over again. "Let" will be displayed on-screen when this happens. If your serve hits the net but falls outside the service area, it is a fault.Serve - The server stands behind the baseline outside the court, tosses the ball and then hits it into the service are on the other side of the court. The service area is the square in the frontcourt ahead of your opponent. A serve must bounce before it is returned. Service lasts for one game, and it alternates between players.Groundstrokes - Hit the ball back to your opponent after it has bounced once.Overhead Smash - Hit the ball as it flies overhead. The Overhead Smash is a very fast, powerful shot.Volley - While close to the net, hit the ball before it bounces.Lob - Hit the ball over the head of an opponent who is at the net."Try to use the shots and information detailed above to your full advantage. Learning the terminology and rules will get you into the great game of tennis. Now it's time to hit the court!" - Mario</plot>
		<releasedate>08/14/1995</releasedate>
		<year>1995</year>
		<genre>Sports</genre>
		<studio>Nintendo Co., Nintendo of America Inc.</studio>
		<nplayers>1</nplayers>
		<ESRB>E - Everyone</ESRB>
		<thegamesdb_id>14744</thegamesdb_id>
		<mobygames_url>http://www.mobygames.com/game/virtual-boy/marios-tennis</mobygames_url>
		<giantbomb_url>https://www.giantbomb.com/marios-tennis/3030-14178/</giantbomb_url>
		<boxart1>5LMVg2A.png</boxart1>
		<boxart2>http://thegamesdb.net/banners/boxart/original/back/14744-1.jpg</boxart2>
		<boxart3>http://www.mobygames.com/images/covers/l/39176-mario-s-tennis-virtual-boy-media.jpg</boxart3>
		<boxart4>http://www.mobygames.com/images/covers/l/126197-mario-s-tennis-virtual-boy-media.jpg</boxart4>
		<snapshot1>TOJZoTA.png</snapshot1>
		<snapshot2>https://raw.githubusercontent.com/libretro/libretro-thumbnails/master/Nintendo%20-%20Virtual%20Boy/Named_Titles/Mario's%20Tennis%20(Japan%2C%20USA).png</snapshot2>
		<snapshot3>http://thegamesdb.net/banners/screenshots/14744-3.jpg</snapshot3>
		<snapshot4>http://thegamesdb.net/banners/screenshots/14744-4.jpg</snapshot4>
		<snapshot5>http://www.mobygames.com/images/shots/l/244586-mario-s-tennis-virtual-boy-screenshot-mario-s-tennis-title.jpg</snapshot5>
		<snapshot6>http://www.mobygames.com/images/shots/l/244587-mario-s-tennis-virtual-boy-screenshot-starting-a-new-game.jpg</snapshot6>
		<snapshot7>http://www.mobygames.com/images/shots/l/244588-mario-s-tennis-virtual-boy-screenshot-nil-nil-mario-to-serve.jpg</snapshot7>
		<snapshot8>https://static.giantbomb.com/uploads/scale_large/1/13157/401609-1186001966_01.png</snapshot8>
		<snapshot9>https://static.giantbomb.com/uploads/scale_large/1/13157/401607-1186001966_00.png</snapshot9>
		<snapshot10>https://static.giantbomb.com/uploads/scale_large/1/13157/401606-1186001965_00.png</snapshot10>
		<banner1>Y1xEYv2.jpg</banner1>
		<clearlogo1>ILnFWGn.png</clearlogo1>
	</game>
	<game name="Nester's Funky Bowling (USA)">
		<description>Nester's Funky Bowling (USA)</description>
		<rom crc="DF4D56B4" md5="0285DC41D75BE8419D12472F20025305" name="No-Intro-Collection_2016-09-06/Nintendo-VirtualBoy.zip/Nester%27s%20Funky%20Bowling%20%28USA%29.zip" sha1="F4A4C7928F15102CF14C90C5F044E5F7CC7C32F9" size="643792" />
		<title_clean>Nester's Funky Bowling</title_clean>
		<plot>Nester, the one-time bad boy of comic fame, brings you the funkiest game of bowling you'll ever experience in 3-D. Finally fans can throw a strike without putting on ill-fitting shoes![CR]Hester, the unknown twin sister, makes her debut appearance. Watch out as the action picks up and the tensions build for these hot-headed bowlers. Their egos clash with outlandish gestures and funky expressions.</plot>
		<releasedate>02/26/1996</releasedate>
		<year>1996</year>
		<genre>Sports</genre>
		<studio>Nintendo of America Inc.</studio>
		<nplayers>1-2 Sim</nplayers>
		<ESRB>E - Everyone</ESRB>
		<thegamesdb_id>14745</thegamesdb_id>
		<mobygames_url>http://www.mobygames.com/game/virtual-boy/nesters-funky-bowling</mobygames_url>
		<giantbomb_url>https://www.giantbomb.com/nesters-funky-bowling/3030-19789/</giantbomb_url>
		<boxart1>ukwJNpt.png</boxart1>
		<boxart2>http://thegamesdb.net/banners/boxart/original/back/14745-1.jpg</boxart2>
		<snapshot1>aFoi9h1.png</snapshot1>
		<snapshot2>https://raw.githubusercontent.com/libretro/libretro-thumbnails/master/Nintendo%20-%20Virtual%20Boy/Named_Titles/Nester's%20Funky%20Bowling%20(USA).png</snapshot2>
		<snapshot3>http://www.mobygames.com/images/shots/l/244589-nester-s-funky-bowling-virtual-boy-screenshot-funky-bowling.jpg</snapshot3>
		<snapshot4>http://www.mobygames.com/images/shots/l/244590-nester-s-funky-bowling-virtual-boy-screenshot-main-play-options.jpg</snapshot4>
		<snapshot5>http://www.mobygames.com/images/shots/l/244591-nester-s-funky-bowling-virtual-boy-screenshot-enter-your-name.jpg</snapshot5>
		<snapshot6>http://www.mobygames.com/images/shots/l/244592-nester-s-funky-bowling-virtual-boy-screenshot-time-your-button.jpg</snapshot6>
		<snapshot7>http://www.mobygames.com/images/shots/l/244593-nester-s-funky-bowling-virtual-boy-screenshot-the-view-cuts.jpg</snapshot7>
		<snapshot8>http://www.mobygames.com/images/shots/l/244594-nester-s-funky-bowling-virtual-boy-screenshot-practice-mode.jpg</snapshot8>
		<snapshot9>http://www.mobygames.com/images/shots/l/244595-nester-s-funky-bowling-virtual-boy-screenshot-top-singleplayer.jpg</snapshot9>
		<snapshot10>http://www.mobygames.com/images/shots/l/244596-nester-s-funky-bowling-virtual-boy-screenshot-the-character.jpg</snapshot10>
		<clearlogo1>l5CN2dD.png</clearlogo1>
	</game>
	<game name="Panic Bomber (USA)">
		<description>Panic Bomber (USA)</description>
		<rom crc="19BB2DFB" md5="467247D5E3383D066005565BF8218436" name="No-Intro-Collection_2016-09-06/Nintendo-VirtualBoy.zip/Panic%20Bomber%20%28USA%29.zip" sha1="80216B2874CF162F301D571BB8AEBC98D80B4F3E" size="300290" />
		<title_clean>Panic Bomber</title_clean>
		<plot>[CR][B]Overview:[/B][CR]Panic Bomber, or Tobidase! Panibon, is a falling blocks puzzle game for various systems. It features characters and concepts from the Bomberman franchise; the falling pieces are mostly Bomberman heads and bombs.The goal is to line up same-colored Bomberman heads in lines of three or more horizontally, vertically or diagonally to remove them. Getting hit by multiple bombs, each of which projects an explosion in all four cardinal directions similar to their appearances in Bomberman, will also remove the heads. As the player drops and removes the Bomberman heads, the level of the stage increases and so too does the speed of the falling blocks.The game was originally released in 1994 for the PC Engine CD-ROM: a system that Panic Bomber developers Hudson co-created with NEC. It was later ported to the Neo Geo, the Super Famicom (as "Super Bomberman: Panic Bomber W", where the W stands for World), the Virtual Boy (where it saw its only North American release) and, eventually, the PlayStation Portable. A version of the game also appears in Bomberman Land 2 for the GameCube and PS2. The PC Engine CD-ROM version was added to the Japanese Wii's Virtual Console in 2008.</plot>
		<releasedate>01/01/1995</releasedate>
		<year>1995</year>
		<genre>Puzzle</genre>
		<studio>Hudson Soft Company, Nintendo of America Inc.</studio>
		<nplayers>1</nplayers>
		<ESRB>E - Everyone</ESRB>
		<thegamesdb_id>14737</thegamesdb_id>
		<mobygames_url>http://www.mobygames.com/game/virtual-boy/panic-bomber</mobygames_url>
		<giantbomb_url>https://www.giantbomb.com/panic-bomber/3030-3117/</giantbomb_url>
		<boxart1>E1t0CCw.png</boxart1>
		<boxart2>http://thegamesdb.net/banners/boxart/original/back/14737-1.jpg</boxart2>
		<snapshot1>IZmHEwn.png</snapshot1>
		<snapshot2>https://raw.githubusercontent.com/libretro/libretro-thumbnails/master/Nintendo%20-%20Virtual%20Boy/Named_Titles/Panic%20Bomber%20(USA).png</snapshot2>
		<snapshot3>http://thegamesdb.net/banners/screenshots/14737-3.jpg</snapshot3>
		<snapshot4>http://thegamesdb.net/banners/screenshots/14737-4.jpg</snapshot4>
		<snapshot5>http://www.mobygames.com/images/shots/l/160956-panic-bomber-virtual-boy-screenshot-title-screen.jpg</snapshot5>
		<snapshot6>http://www.mobygames.com/images/shots/l/160957-panic-bomber-virtual-boy-screenshot-main-menu.jpg</snapshot6>
		<snapshot7>http://www.mobygames.com/images/shots/l/244599-panic-bomber-virtual-boy-screenshot-the-game-progresses-through.jpg</snapshot7>
		<snapshot8>http://www.mobygames.com/images/shots/l/244601-panic-bomber-virtual-boy-screenshot-the-challenge-and-play.jpg</snapshot8>
		<snapshot9>http://www.mobygames.com/images/shots/l/244600-panic-bomber-virtual-boy-screenshot-play-starts-much-like.jpg</snapshot9>
		<snapshot10>http://www.mobygames.com/images/shots/l/244603-panic-bomber-virtual-boy-screenshot-but-includes-bombs-which.jpg</snapshot10>
		<clearlogo1>uX8Lrvg.png</clearlogo1>
	</game>
	<game name="Red Alarm (Japan)">
		<description>Red Alarm (Japan)</description>
		<rom crc="7E85C45D" md5="BC469BF797F4774BBB1678C7F500853B" name="No-Intro-Collection_2016-09-06/Nintendo-VirtualBoy.zip/Red%20Alarm%20%28Japan%29.zip" sha1="F5057FA9BFD9D60B9DCFC004CFDD12AA8EB1CB4A" size="248661" />
		<title_clean>Red Alarm</title_clean>
		<plot>Story  70 years into the future, a devastating world war has destroyed most of humanity. An advanced tactical system  called K.O.S (Killer Operating System) finally brought an end to the war. The people rejoiced as the system eliminated the enemy and peace  was restored. With a new government in place, the order was placed to  destroy all weapons so as to protect the world from any future threat.  KAOS, as it was later called, was also targeted for elimination.Unknown to the people, KAOS had a plan of its own. It  had become self aware, and had one goal ... to  survive. Unleashing its weapons on the undefended world, true chaos  erupted.  It's up to you, in the last remaining fighter, to take  to the sky and end its destructive reign. Gameplay Players pilot a Tech-Wing Fighter which has the capability to move in all directions.  Unlike its closest cousin Star Fox, in Red Alarm you can come to a full stop, turn your ship completely around, as well as fly in reverse.  However, your freedom is still limited to the corridor-based level structure, and your remaining fuel (which acts like a time limit).  The game uses both directional pads on the Virtual Boy's controller, one for controlling direction and pitch and the other for forward, reverse, and strafing left and right.  The ship's speed is controlled with A and B, allowing the player to cycle through various speeds or stop and go in reverse. Bosses often take place in large rooms, requiring you to pilot within the confined 3d space, while levels consist of corridors with the odd t-junction.  The controls do take some getting used to, as the game makes use of every button on the Virtual Boy controller, however they offer a great degree of control over the player's ship. Presentation Red Alarm is one of the more striking Virtual Boy games released, because of its excellent sense of three-dimensional depth and polygonal graphics.  However, all of the objects and environment are made up of only wire-frames, meaning it can be difficult for some gamers to avoid obstacles such as walls (particularly when up close).  That said, the game makes excellent use of the wire frame lines: a mid-boss in the first level is a mechanical face blocking your path which changes expressions; and even small details like tiny stick-figure people can be seen running around in the hangar bay.    The overall effect is one of looking into a piloting visor typical of many '80s sci-fi movies.  A nice feature is the optional replay after completing a stage, where players are free to adjust the camera angle.  The game also appears to run at a slightly better frame rate than   Star Fox on the  SNES.     Secrets The game contains a number of hidden secrets which appear when you shoot certain areas of the environment.  For example, you can find a 3d line drawing of the Virtual Boy, a woman wearing a bikini, and a tiny house with two people (stick figures) inside.</plot>
		<releasedate>08/14/1995</releasedate>
		<year>1995</year>
		<genre>Action, Simulation</genre>
		<studio>Nintendo Co., Nintendo of America Inc., Playtronic Industrial Ltda.</studio>
		<nplayers>1</nplayers>
		<rating>7</rating>
		<ESRB>E - Everyone</ESRB>
		<thegamesdb_id>14748</thegamesdb_id>
		<mobygames_url>http://www.mobygames.com/game/virtual-boy/red-alarm</mobygames_url>
		<giantbomb_url>https://www.giantbomb.com/red-alarm/3030-12612/</giantbomb_url>
		<boxart1>Fm3Lj0j.png</boxart1>
		<boxart2>http://thegamesdb.net/banners/boxart/original/back/14748-1.jpg</boxart2>
		<boxart3>http://www.mobygames.com/images/covers/l/158261-red-alarm-virtual-boy-media.jpg</boxart3>
		<boxart4>http://www.mobygames.com/images/covers/l/44568-red-alarm-virtual-boy-media.jpg</boxart4>
		<snapshot1>3F0oun6.png</snapshot1>
		<snapshot2>https://raw.githubusercontent.com/libretro/libretro-thumbnails/master/Nintendo%20-%20Virtual%20Boy/Named_Titles/Red%20Alarm%20(Japan).png</snapshot2>
		<snapshot3>http://thegamesdb.net/banners/screenshots/14748-3.jpg</snapshot3>
		<snapshot4>http://www.mobygames.com/images/shots/l/119326-red-alarm-virtual-boy-screenshot-title-screen.jpg</snapshot4>
		<snapshot5>http://www.mobygames.com/images/shots/l/119327-red-alarm-virtual-boy-screenshot-options-menu.jpg</snapshot5>
		<clearlogo1>qbr7lcm.png</clearlogo1>
	</game>
	<game name="Red Alarm (USA)">
		<description>Red Alarm (USA)</description>
		<rom crc="AA10A7B4" md5="E56E85761F52A613B34079D5322088CE" name="No-Intro-Collection_2016-09-06/Nintendo-VirtualBoy.zip/Red%20Alarm%20%28USA%29.zip" sha1="494FA60CB8997880B4E8CD3270B21D6C2768A48A" size="248279" />
		<title_clean>Red Alarm</title_clean>
		<plot>Story  70 years into the future, a devastating world war has destroyed most of humanity. An advanced tactical system  called K.O.S (Killer Operating System) finally brought an end to the war. The people rejoiced as the system eliminated the enemy and peace  was restored. With a new government in place, the order was placed to  destroy all weapons so as to protect the world from any future threat.  KAOS, as it was later called, was also targeted for elimination.Unknown to the people, KAOS had a plan of its own. It  had become self aware, and had one goal ... to  survive. Unleashing its weapons on the undefended world, true chaos  erupted.  It's up to you, in the last remaining fighter, to take  to the sky and end its destructive reign. Gameplay Players pilot a Tech-Wing Fighter which has the capability to move in all directions.  Unlike its closest cousin Star Fox, in Red Alarm you can come to a full stop, turn your ship completely around, as well as fly in reverse.  However, your freedom is still limited to the corridor-based level structure, and your remaining fuel (which acts like a time limit).  The game uses both directional pads on the Virtual Boy's controller, one for controlling direction and pitch and the other for forward, reverse, and strafing left and right.  The ship's speed is controlled with A and B, allowing the player to cycle through various speeds or stop and go in reverse. Bosses often take place in large rooms, requiring you to pilot within the confined 3d space, while levels consist of corridors with the odd t-junction.  The controls do take some getting used to, as the game makes use of every button on the Virtual Boy controller, however they offer a great degree of control over the player's ship. Presentation Red Alarm is one of the more striking Virtual Boy games released, because of its excellent sense of three-dimensional depth and polygonal graphics.  However, all of the objects and environment are made up of only wire-frames, meaning it can be difficult for some gamers to avoid obstacles such as walls (particularly when up close).  That said, the game makes excellent use of the wire frame lines: a mid-boss in the first level is a mechanical face blocking your path which changes expressions; and even small details like tiny stick-figure people can be seen running around in the hangar bay.    The overall effect is one of looking into a piloting visor typical of many '80s sci-fi movies.  A nice feature is the optional replay after completing a stage, where players are free to adjust the camera angle.  The game also appears to run at a slightly better frame rate than   Star Fox on the  SNES.     Secrets The game contains a number of hidden secrets which appear when you shoot certain areas of the environment.  For example, you can find a 3d line drawing of the Virtual Boy, a woman wearing a bikini, and a tiny house with two people (stick figures) inside.</plot>
		<releasedate>08/14/1995</releasedate>
		<year>1995</year>
		<genre>Action, Simulation</genre>
		<studio>Nintendo Co., Nintendo of America Inc., Playtronic Industrial Ltda.</studio>
		<nplayers>1</nplayers>
		<rating>7</rating>
		<ESRB>E - Everyone</ESRB>
		<thegamesdb_id>14748</thegamesdb_id>
		<mobygames_url>http://www.mobygames.com/game/virtual-boy/red-alarm</mobygames_url>
		<giantbomb_url>https://www.giantbomb.com/red-alarm/3030-12612/</giantbomb_url>
		<boxart1>m3o7NBr.png</boxart1>
		<boxart2>http://thegamesdb.net/banners/boxart/original/back/14748-1.jpg</boxart2>
		<boxart3>http://www.mobygames.com/images/covers/l/158261-red-alarm-virtual-boy-media.jpg</boxart3>
		<boxart4>http://www.mobygames.com/images/covers/l/44568-red-alarm-virtual-boy-media.jpg</boxart4>
		<snapshot1>3RPpuNp.png</snapshot1>
		<snapshot2>https://raw.githubusercontent.com/libretro/libretro-thumbnails/master/Nintendo%20-%20Virtual%20Boy/Named_Titles/Red%20Alarm%20(USA).png</snapshot2>
		<snapshot3>http://thegamesdb.net/banners/screenshots/14748-3.jpg</snapshot3>
		<snapshot4>http://www.mobygames.com/images/shots/l/119326-red-alarm-virtual-boy-screenshot-title-screen.jpg</snapshot4>
		<snapshot5>http://www.mobygames.com/images/shots/l/119327-red-alarm-virtual-boy-screenshot-options-menu.jpg</snapshot5>
		<clearlogo1>qbr7lcm.png</clearlogo1>
	</game>
	<game name="SD Gundam - Dimension War (Japan)">
		<description>SD Gundam - Dimension War (Japan)</description>
		<rom crc="44788197" md5="1CF8C69D8A740D6EF3AAB54DECED31C4" name="No-Intro-Collection_2016-09-06/Nintendo-VirtualBoy.zip/SD%20Gundam%20-%20Dimension%20War%20%28Japan%29.zip" sha1="1A67F6BDB45DB46E22B8AADEA754A68AD379AE29" size="352459" />
		<title_clean>SD Gundam - Dimension War</title_clean>
		<plot>SD Gundam Dimension War is a Strategy game, developed by Locomotive Corporation and published by Bandai, which was released in Japan in 1995.</plot>
		<releasedate>12/22/1995</releasedate>
		<year>1995</year>
		<genre>Action, Strategy</genre>
		<studio>Bandai Co.</studio>
		<nplayers>1</nplayers>
		<thegamesdb_id>19239</thegamesdb_id>
		<mobygames_url>http://www.mobygames.com/game/virtual-boy/sd-gundam-dimension-war</mobygames_url>
		<giantbomb_url>https://www.giantbomb.com/sd-gundam-dimension-war/3030-24224/</giantbomb_url>
		<boxart1>8KArNuy.png</boxart1>
		<boxart2>http://thegamesdb.net/banners/boxart/original/back/19239-1.jpg</boxart2>
		<snapshot1>mVx9oVH.png</snapshot1>
		<snapshot2>https://raw.githubusercontent.com/libretro/libretro-thumbnails/master/Nintendo%20-%20Virtual%20Boy/Named_Titles/SD%20Gundam%20-%20Dimension%20War%20(Japan).png</snapshot2>
		<snapshot3>https://static.giantbomb.com/uploads/scale_large/16/160705/2261543-sdgdwscreen4.jpg</snapshot3>
		<snapshot4>https://static.giantbomb.com/uploads/scale_large/16/160705/2261542-sdgdwscreen3.jpg</snapshot4>
		<snapshot5>https://static.giantbomb.com/uploads/scale_large/16/160705/2261541-sdgdwscreen2.jpg</snapshot5>
		<snapshot6>https://static.giantbomb.com/uploads/scale_large/16/160705/2261540-sdgdwscreen1.jpg</snapshot6>
		<clearlogo1>BYzNeMW.png</clearlogo1>
	</game>
	<game name="Space Invaders - Virtual Collection (Japan)">
		<description>Space Invaders - Virtual Collection (Japan)</description>
		<rom crc="FA44402D" md5="7607F6F918615263512B17E56797C9AA" name="No-Intro-Collection_2016-09-06/Nintendo-VirtualBoy.zip/Space%20Invaders%20-%20Virtual%20Collection%20%28Japan%29.zip" sha1="16AD904FAAFD24642DFD056D10A768E81F0D9BFA" size="282087" />
		<title_clean>Space Invaders - Virtual Collection</title_clean>
		<plot>Space Invaders Virtual Collection (released only in Japan) includes the original Space Invaders and Space Invaders Part II.  The game features 2D modes of each game, as well as a 3D mode where the playing field is tilted 45 degrees.  The game also includes a Challenge Mode that features Score Attack and Time Attack modes that can only be played in 3D.    Time Attack has the player complete a stage from Space Invaders in the quickest time possible, while Score Attack challenges players to get the highest score in a single stage from Space Invaders Part II.   The original Space Invaders retains the sound effects of the original 1978 release, and adds nothing new except for the slight perspective change and 3D view.  Space Invaders Part II also remains very similar to the original 1980 release except for an added background during Stage 1.  Space Invaders Virtual Collection remains as one of the rarest commercially released games, and is by far the rarest  Virtual Boy game.  Although it 's highly sought after by collectors, the Virtual Boy's 3D capabilities don't add much value to the gameplay and Taito neglected to include features to make the Virtual Boy release stand out from the many other Space Invader ports.</plot>
		<releasedate>12/05/1995</releasedate>
		<year>1995</year>
		<genre>Action</genre>
		<studio>Taito Corporation</studio>
		<nplayers>1</nplayers>
		<thegamesdb_id>19240</thegamesdb_id>
		<mobygames_url>http://www.mobygames.com/game/virtual-boy/space-invaders-virtual-collection</mobygames_url>
		<giantbomb_url>https://www.giantbomb.com/space-invaders-virtual-collection/3030-24168/</giantbomb_url>
		<boxart1>UJQnIXi.png</boxart1>
		<boxart2>http://thegamesdb.net/banners/boxart/original/back/19240-1.jpg</boxart2>
		<snapshot1>XYd3YEK.png</snapshot1>
		<snapshot2>https://raw.githubusercontent.com/libretro/libretro-thumbnails/master/Nintendo%20-%20Virtual%20Boy/Named_Titles/Space%20Invaders%20-%20Virtual%20Collection%20(Japan).png</snapshot2>
		<snapshot3>http://thegamesdb.net/banners/screenshots/19240-3.jpg</snapshot3>
		<clearlogo1>IVaPDTb.png</clearlogo1>
	</game>
	<game name="Space Pinball (Unknown) (Proto)">
		<description>Space Pinball (Unknown) (Proto)</description>
		<rom crc="44C2B723" md5="31073126FAD41777357391ECC36D6F7F" name="No-Intro-Collection_2016-09-06/Nintendo-VirtualBoy.zip/Space%20Pinball%20%28Unknown%29%20%28Proto%29.zip" sha1="DC182360C7C8D26323DB8921F09DB76638E81CED" size="289685" />
		<title_clean>Space Pinball</title_clean>
		<plot>Normally you would think that prototypes of released games are not even half as interesting as any unreleased stuff, and I'd say you're right, but in some cases those hardly resemble the final product. You can say the latter about this early version of what would later be released as "Galactic Pinball". What people got to play at Shoshinkai 1994 and CES 1995, where the Virtual Boy was first unveiled to the japanese and later the american people, looks (and feels) very different than the final released product, although, as you might think, many things were changed for good.[CR]When you start up the game, you see an early version of the adjustment screen, after which the game jumps directly to the title. No Precaution or Automatic Pause yet, but that wouldn't have made much sense anyway in an early exhibition software, would it? While the title screen looks a bit different with the different game logo, the following stage select screen has barely been changed for "Galactic Pinball", there are also five options which can be selected by rotating them. Instead of 4 tables and the highscores there are 5 tables in this prototype, though, and here at latest, it is becoming very interesting.[CR]None of the 5 available tables can be found in the final version of the game like they are in the prototype, but some still remind of "Galactic Pinball" more or less.</plot>
		<releasedate>1995-08-14 00:00:00</releasedate>
		<year>1995</year>
		<genre>Action</genre>
		<studio>Nintendo Co., Nintendo of America Inc., Playtronic Industrial Ltda.</studio>
		<nplayers>1</nplayers>
		<thegamesdb_id>36351</thegamesdb_id>
		<mobygames_url>http://www.mobygames.com/game/virtual-boy/galactic-pinball</mobygames_url>
		<giantbomb_url>https://www.giantbomb.com/galactic-pinball/3030-20180/</giantbomb_url>
		<boxart1>EWnz0Pg.png</boxart1>
		<boxart2>http://thegamesdb.net/banners/boxart/original/back/36351-1.jpg</boxart2>
		<boxart3>http://www.mobygames.com/images/covers/l/126199-galactic-pinball-virtual-boy-media.jpg</boxart3>
		<boxart4>http://www.mobygames.com/images/covers/l/44561-galactic-pinball-virtual-boy-media.jpg</boxart4>
		<snapshot1>lmRD3SS.png</snapshot1>
		<snapshot2>https://raw.githubusercontent.com/libretro/libretro-thumbnails/master/Nintendo%20-%20Virtual%20Boy/Named_Titles/Space%20Pinball%20(Unknown)%20(Proto).png</snapshot2>
		<snapshot3>http://www.mobygames.com/images/shots/l/116897-galactic-pinball-virtual-boy-screenshot-title-screen.jpg</snapshot3>
		<snapshot4>http://www.mobygames.com/images/shots/l/116898-galactic-pinball-virtual-boy-screenshot-choosing-the-play.jpg</snapshot4>
		<snapshot5>http://www.mobygames.com/images/shots/l/120402-galactic-pinball-virtual-boy-screenshot-cosmic-pinball-field.jpg</snapshot5>
		<snapshot6>http://www.mobygames.com/images/shots/l/525126-galactic-pinball-virtual-boy-screenshot-alien-pinball-field.jpg</snapshot6>
		<snapshot7>http://www.mobygames.com/images/shots/l/525127-galactic-pinball-virtual-boy-screenshot-ufo-pinball-field.jpg</snapshot7>
		<snapshot8>http://www.mobygames.com/images/shots/l/525128-galactic-pinball-virtual-boy-screenshot-colony-pinball-field.jpg</snapshot8>
		<snapshot9>http://www.mobygames.com/images/shots/l/525129-galactic-pinball-virtual-boy-screenshot-colony-pinball-field.jpg</snapshot9>
		<snapshot10>https://static.giantbomb.com/uploads/scale_large/0/8272/763571-gfs_4601_1_3.jpg</snapshot10>
	</game>
	<game name="Space Squash (Japan)">
		<description>Space Squash (Japan)</description>
		<rom crc="60895693" md5="09C5F3143C25D1D30A3470E571653E48" name="No-Intro-Collection_2016-09-06/Nintendo-VirtualBoy.zip/Space%20Squash%20%28Japan%29.zip" sha1="3F08CAE2B6F9E386529949FF954220860DB1AF64" size="222617" />
		<title_clean>Space Squash</title_clean>
		<plot>  </plot>
		<releasedate>09/09/1995</releasedate>
		<year>1995</year>
		<genre>Action, Sports</genre>
		<studio>Coconuts Japan Entertainment Co.</studio>
		<nplayers>1</nplayers>
		<thegamesdb_id>19179</thegamesdb_id>
		<mobygames_url>http://www.mobygames.com/game/virtual-boy/space-squash</mobygames_url>
		<giantbomb_url>https://www.giantbomb.com/space-squash/3030-16224/</giantbomb_url>
		<boxart1>kSbe85d.png</boxart1>
		<boxart2>http://thegamesdb.net/banners/boxart/original/back/19179-1.jpg</boxart2>
		<snapshot1>mbMCMxY.png</snapshot1>
		<snapshot2>https://raw.githubusercontent.com/libretro/libretro-thumbnails/master/Nintendo%20-%20Virtual%20Boy/Named_Titles/Space%20Squash%20(Japan).png</snapshot2>
		<clearlogo1>lOPH7d6.png</clearlogo1>
	</game>
	<game name="T&amp;E Virtual Golf (Japan)">
		<description>T&amp;E Virtual Golf (Japan)</description>
		<rom crc="6BA07915" md5="C1DC0852AF217146F93D701E1DA233D4" name="No-Intro-Collection_2016-09-06/Nintendo-VirtualBoy.zip/T%26E%20Virtual%20Golf%20%28Japan%29.zip" sha1="C595285D42C69F14B2B418C1EDFBE4A7F9A624B6" size="558889" />
		<title_clean>T&amp;E Virtual Golf</title_clean>
		<plot>  </plot>
		<releasedate>1995-11-01 00:00:00</releasedate>
		<year>1995</year>
		<genre>Sports</genre>
		<studio>Nintendo Co., Nintendo of America Inc.</studio>
		<nplayers>1</nplayers>
		<mobygames_url>http://www.mobygames.com/game/virtual-boy/golf-</mobygames_url>
		<giantbomb_url>https://www.giantbomb.com/golf/3030-24167/</giantbomb_url>
		<boxart1>LQ7XRje.png</boxart1>
		<boxart2>http://www.mobygames.com/images/covers/l/155852-golf-virtual-boy-back-cover.jpg</boxart2>
		<boxart3>http://www.mobygames.com/images/covers/l/155853-golf-virtual-boy-media.jpg</boxart3>
		<boxart4>http://www.mobygames.com/images/covers/l/44565-golf-virtual-boy-media.jpg</boxart4>
		<snapshot1>aARRyKd.png</snapshot1>
		<snapshot2>https://raw.githubusercontent.com/libretro/libretro-thumbnails/master/Nintendo%20-%20Virtual%20Boy/Named_Titles/T_E%20Virtual%20Golf%20(Japan).png</snapshot2>
		<snapshot3>http://www.mobygames.com/images/shots/l/119455-golf-virtual-boy-screenshot-title-screen.jpg</snapshot3>
		<snapshot4>http://www.mobygames.com/images/shots/l/119453-golf-virtual-boy-screenshot-menu-screen.jpg</snapshot4>
		<snapshot5>http://www.mobygames.com/images/shots/l/119454-golf-virtual-boy-screenshot-hole-selection-briefing.jpg</snapshot5>
	</game>
	<game name="Teleroboxer (Japan, USA)">
		<description>Teleroboxer (Japan, USA)</description>
		<rom crc="36103000" md5="0742A861A599FE3361AAC6EBEF6745A7" name="No-Intro-Collection_2016-09-06/Nintendo-VirtualBoy.zip/Teleroboxer%20%28Japan%2C%20USA%29.zip" sha1="C59E020F9674774C5CBC022317EBBA0EB1D744F7" size="411867" />
		<title_clean>Teleroboxer</title_clean>
		<plot>[CR][B]Overview:[/B][CR]Teleroboxer is a game that was developed and published by Nintendo for the Virtual Boy in 1995. The game is a first-person sci-fi boxing title in which the player controls a boxing robot.</plot>
		<releasedate>08/14/1995</releasedate>
		<year>1995</year>
		<genre>Sports</genre>
		<studio>Nintendo Co., Nintendo of America Inc., Playtronic Industrial Ltda.</studio>
		<nplayers>1</nplayers>
		<rating>7</rating>
		<ESRB>E - Everyone</ESRB>
		<thegamesdb_id>14749</thegamesdb_id>
		<mobygames_url>http://www.mobygames.com/game/virtual-boy/teleroboxer</mobygames_url>
		<giantbomb_url>https://www.giantbomb.com/teleroboxer/3030-14650/</giantbomb_url>
		<boxart1>Zf6NQ6r.png</boxart1>
		<boxart2>http://thegamesdb.net/banners/boxart/original/back/14749-1.jpg</boxart2>
		<boxart3>http://www.mobygames.com/images/covers/l/155840-teleroboxer-virtual-boy-media.jpg</boxart3>
		<boxart4>http://www.mobygames.com/images/covers/l/44571-teleroboxer-virtual-boy-media.jpg</boxart4>
		<snapshot1>kbUCjSS.png</snapshot1>
		<snapshot2>https://raw.githubusercontent.com/libretro/libretro-thumbnails/master/Nintendo%20-%20Virtual%20Boy/Named_Titles/Teleroboxer%20(Japan%2C%20USA).png</snapshot2>
		<snapshot3>http://thegamesdb.net/banners/screenshots/14749-3.jpg</snapshot3>
		<snapshot4>http://thegamesdb.net/banners/screenshots/14749-4.jpg</snapshot4>
		<snapshot5>http://www.mobygames.com/images/shots/l/120244-teleroboxer-virtual-boy-screenshot-title-screen.jpg</snapshot5>
		<snapshot6>http://www.mobygames.com/images/shots/l/120247-teleroboxer-virtual-boy-screenshot-select-an-empty-file-to.jpg</snapshot6>
		<snapshot7>http://www.mobygames.com/images/shots/l/120245-teleroboxer-virtual-boy-screenshot-the-first-challenger-to.jpg</snapshot7>
		<snapshot8>http://www.mobygames.com/images/shots/l/120246-teleroboxer-virtual-boy-screenshot-opponent-profile.jpg</snapshot8>
		<snapshot9>http://www.mobygames.com/images/shots/l/244608-teleroboxer-virtual-boy-screenshot-robotic-boxers-facing-off.jpg</snapshot9>
		<snapshot10>http://www.mobygames.com/images/shots/l/244609-teleroboxer-virtual-boy-screenshot-incoming-jab-there-are.jpg</snapshot10>
		<clearlogo1>Elcf5U0.png</clearlogo1>
	</game>
	<game name="Tobidase! Panibon (Japan)">
		<description>Tobidase! Panibon (Japan)</description>
		<rom crc="40498F5E" md5="44039DFAA0F8FCF8ECE03B8CDA267E4A" name="No-Intro-Collection_2016-09-06/Nintendo-VirtualBoy.zip/Tobidase%21%20Panibon%20%28Japan%29.zip" sha1="B8A12A9677AFA5CBCE6ED43EB0EFFB5A02875534" size="299689" />
		<title_clean>Tobidase! Panibon</title_clean>
		<plot>[CR][B]Overview:[/B][CR]Panic Bomber, or Tobidase! Panibon, is a falling blocks puzzle game for various systems. It features characters and concepts from the Bomberman franchise; the falling pieces are mostly Bomberman heads and bombs.The goal is to line up same-colored Bomberman heads in lines of three or more horizontally, vertically or diagonally to remove them. Getting hit by multiple bombs, each of which projects an explosion in all four cardinal directions similar to their appearances in Bomberman, will also remove the heads. As the player drops and removes the Bomberman heads, the level of the stage increases and so too does the speed of the falling blocks.The game was originally released in 1994 for the PC Engine CD-ROM: a system that Panic Bomber developers Hudson co-created with NEC. It was later ported to the Neo Geo, the Super Famicom (as "Super Bomberman: Panic Bomber W", where the W stands for World), the Virtual Boy (where it saw its only North American release) and, eventually, the PlayStation Portable. A version of the game also appears in Bomberman Land 2 for the GameCube and PS2. The PC Engine CD-ROM version was added to the Japanese Wii's Virtual Console in 2008.</plot>
		<releasedate>1994-12-22 00:00:00</releasedate>
		<year>1994</year>
		<nplayers>1</nplayers>
		<giantbomb_url>https://www.giantbomb.com/panic-bomber/3030-3117/</giantbomb_url>
		<boxart1>zJjkey6.png</boxart1>
		<snapshot1>OCf2nNk.png</snapshot1>
		<snapshot2>https://raw.githubusercontent.com/libretro/libretro-thumbnails/master/Nintendo%20-%20Virtual%20Boy/Named_Titles/Tobidase!%20Panibon%20(Japan).png</snapshot2>
		<snapshot3>https://static.giantbomb.com/uploads/scale_large/2/23093/2837252-super+bomberman+-+panic+bomber+w+%28j%29_00007.jpg</snapshot3>
		<snapshot4>https://static.giantbomb.com/uploads/scale_large/2/23093/2837251-super+bomberman+-+panic+bomber+w+%28j%29_00006.jpg</snapshot4>
		<snapshot5>https://static.giantbomb.com/uploads/scale_large/2/23093/2837250-super+bomberman+-+panic+bomber+w+%28j%29_00004.jpg</snapshot5>
		<snapshot6>https://static.giantbomb.com/uploads/scale_large/2/23093/2837249-super+bomberman+-+panic+bomber+w+%28j%29_00003.jpg</snapshot6>
		<snapshot7>https://static.giantbomb.com/uploads/scale_large/2/23093/2837248-super+bomberman+-+panic+bomber+w+%28j%29_00002.jpg</snapshot7>
		<snapshot8>https://static.giantbomb.com/uploads/scale_large/2/23093/2837247-super+bomberman+-+panic+bomber+w+%28j%29_00001.jpg</snapshot8>
		<snapshot9>https://static.giantbomb.com/uploads/scale_large/2/23093/2837246-super+bomberman+-+panic+bomber+w+%28j%29_00000.jpg</snapshot9>
		<snapshot10>https://static.giantbomb.com/uploads/scale_large/0/5709/423004-1186007818_00.png</snapshot10>
	</game>
	<game name="V-Tetris (Japan)">
		<description>V-Tetris (Japan)</description>
		<rom crc="3CCB67AE" md5="262BBAE465F851DED3BB7CF46E375224" name="No-Intro-Collection_2016-09-06/Nintendo-VirtualBoy.zip/V-Tetris%20%28Japan%29.zip" sha1="FF7D4DFC467E6E0D3FE8517102132A65A9D17589" size="100697" />
		<title_clean>V-Tetris</title_clean>
		<plot>V-Tetris is a Miscellaneous game, developed by Locomotive Corporation and published by Bullet Proof Software, which was released in Japan in 1995.</plot>
		<releasedate>08/25/1995</releasedate>
		<year>1995</year>
		<genre>Action, Puzzle</genre>
		<studio>Bullet-Proof Software</studio>
		<nplayers>1</nplayers>
		<rating>6</rating>
		<thegamesdb_id>19241</thegamesdb_id>
		<mobygames_url>http://www.mobygames.com/game/virtual-boy/v-tetris</mobygames_url>
		<giantbomb_url>https://www.giantbomb.com/v-tetris/3030-12407/</giantbomb_url>
		<boxart1>wuX4mnF.png</boxart1>
		<boxart2>http://thegamesdb.net/banners/boxart/original/back/19241-1.jpg</boxart2>
		<boxart3>http://www.mobygames.com/images/covers/l/73111-v-tetris-virtual-boy-media.jpg</boxart3>
		<snapshot1>zJnrGUf.png</snapshot1>
		<snapshot2>https://raw.githubusercontent.com/libretro/libretro-thumbnails/master/Nintendo%20-%20Virtual%20Boy/Named_Titles/V-Tetris%20(Japan).png</snapshot2>
		<snapshot3>http://thegamesdb.net/banners/screenshots/19241-3.jpg</snapshot3>
		<snapshot4>http://thegamesdb.net/banners/screenshots/19241-4.jpg</snapshot4>
		<snapshot5>http://thegamesdb.net/banners/screenshots/19241-5.jpg</snapshot5>
		<snapshot6>http://www.mobygames.com/images/shots/l/119316-v-tetris-virtual-boy-screenshot-title-screen.jpg</snapshot6>
		<snapshot7>http://www.mobygames.com/images/shots/l/119314-v-tetris-virtual-boy-screenshot-selecting-the-initial-level.jpg</snapshot7>
		<snapshot8>http://www.mobygames.com/images/shots/l/119315-v-tetris-virtual-boy-screenshot-v-tetris-a-mode-the-classic.jpg</snapshot8>
		<snapshot9>http://www.mobygames.com/images/shots/l/119317-v-tetris-virtual-boy-screenshot-v-tetris-b-mode-you-must-do.jpg</snapshot9>
		<snapshot10>http://www.mobygames.com/images/shots/l/119318-v-tetris-virtual-boy-screenshot-v-tetris-c-mode-the-game-field.jpg</snapshot10>
		<clearlogo1>Xj3UEP5.png</clearlogo1>
	</game>
	<game name="Vertical Force (Japan)">
		<description>Vertical Force (Japan)</description>
		<rom crc="9E9B8B92" md5="FA50CE1EFFB4CE1D66438F723BE5C788" name="No-Intro-Collection_2016-09-06/Nintendo-VirtualBoy.zip/Vertical%20Force%20%28Japan%29.zip" sha1="C7204BA5CFE7D26394B5E22BADC580C8ED8C0B37" size="399595" />
		<title_clean>Vertical Force</title_clean>
		<plot>,</plot>
		<releasedate>12/01/1995</releasedate>
		<year>1995</year>
		<genre>Action</genre>
		<studio>Hudson Soft Company, Nintendo of America Inc.</studio>
		<nplayers>1</nplayers>
		<ESRB>E - Everyone</ESRB>
		<thegamesdb_id>14750</thegamesdb_id>
		<mobygames_url>http://www.mobygames.com/game/virtual-boy/vertical-force</mobygames_url>
		<giantbomb_url>https://www.giantbomb.com/vertical-force/3030-10822/</giantbomb_url>
		<boxart1>HzBUsQL.png</boxart1>
		<boxart2>http://thegamesdb.net/banners/boxart/original/back/14750-1.jpg</boxart2>
		<boxart3>http://www.mobygames.com/images/covers/l/158131-vertical-force-virtual-boy-media.jpg</boxart3>
		<boxart4>http://www.mobygames.com/images/covers/l/200275-vertical-force-virtual-boy-media.jpg</boxart4>
		<snapshot1>dqt83yK.png</snapshot1>
		<snapshot2>https://raw.githubusercontent.com/libretro/libretro-thumbnails/master/Nintendo%20-%20Virtual%20Boy/Named_Titles/Vertical%20Force%20(Japan).png</snapshot2>
		<snapshot3>http://thegamesdb.net/banners/screenshots/14750-3.jpg</snapshot3>
		<snapshot4>http://thegamesdb.net/banners/screenshots/14750-4.jpg</snapshot4>
		<snapshot5>http://thegamesdb.net/banners/screenshots/14750-5.jpg</snapshot5>
		<snapshot6>http://thegamesdb.net/banners/screenshots/14750-6.jpg</snapshot6>
		<snapshot7>http://thegamesdb.net/banners/screenshots/14750-7.jpg</snapshot7>
		<snapshot8>https://static.giantbomb.com/uploads/scale_large/0/5709/423139-1170702721_01.png</snapshot8>
		<snapshot9>https://static.giantbomb.com/uploads/scale_large/0/5709/423137-1170702721_00.png</snapshot9>
		<snapshot10>https://static.giantbomb.com/uploads/scale_large/0/5709/423136-1170702720_00.png</snapshot10>
		<clearlogo1>MxmzYZL.png</clearlogo1>
	</game>
	<game name="Vertical Force (USA)">
		<description>Vertical Force (USA)</description>
		<rom crc="4C32BA5E" md5="87C38F66D5B9EAD72AF22F515A3A5F51" name="No-Intro-Collection_2016-09-06/Nintendo-VirtualBoy.zip/Vertical%20Force%20%28USA%29.zip" sha1="38F9008F60B09DEEF1151D46B905B090A0338200" size="399782" />
		<title_clean>Vertical Force</title_clean>
		<plot>,</plot>
		<releasedate>12/01/1995</releasedate>
		<year>1995</year>
		<genre>Action</genre>
		<studio>Hudson Soft Company, Nintendo of America Inc.</studio>
		<nplayers>1</nplayers>
		<ESRB>E - Everyone</ESRB>
		<thegamesdb_id>14750</thegamesdb_id>
		<mobygames_url>http://www.mobygames.com/game/virtual-boy/vertical-force</mobygames_url>
		<giantbomb_url>https://www.giantbomb.com/vertical-force/3030-10822/</giantbomb_url>
		<boxart1>wwETR62.png</boxart1>
		<boxart2>http://thegamesdb.net/banners/boxart/original/back/14750-1.jpg</boxart2>
		<boxart3>http://www.mobygames.com/images/covers/l/158131-vertical-force-virtual-boy-media.jpg</boxart3>
		<boxart4>http://www.mobygames.com/images/covers/l/200275-vertical-force-virtual-boy-media.jpg</boxart4>
		<snapshot1>5ONQXQh.png</snapshot1>
		<snapshot2>https://raw.githubusercontent.com/libretro/libretro-thumbnails/master/Nintendo%20-%20Virtual%20Boy/Named_Titles/Vertical%20Force%20(USA).png</snapshot2>
		<snapshot3>http://thegamesdb.net/banners/screenshots/14750-3.jpg</snapshot3>
		<snapshot4>http://thegamesdb.net/banners/screenshots/14750-4.jpg</snapshot4>
		<snapshot5>http://thegamesdb.net/banners/screenshots/14750-5.jpg</snapshot5>
		<snapshot6>http://thegamesdb.net/banners/screenshots/14750-6.jpg</snapshot6>
		<snapshot7>http://thegamesdb.net/banners/screenshots/14750-7.jpg</snapshot7>
		<snapshot8>https://static.giantbomb.com/uploads/scale_large/0/5709/423139-1170702721_01.png</snapshot8>
		<snapshot9>https://static.giantbomb.com/uploads/scale_large/0/5709/423137-1170702721_00.png</snapshot9>
		<snapshot10>https://static.giantbomb.com/uploads/scale_large/0/5709/423136-1170702720_00.png</snapshot10>
		<clearlogo1>MxmzYZL.png</clearlogo1>
	</game>
	<game name="Virtual Bowling (Japan)">
		<description>Virtual Bowling (Japan)</description>
		<rom crc="20688279" md5="5B11D402F7E322C71A7D4FA6503631FA" name="No-Intro-Collection_2016-09-06/Nintendo-VirtualBoy.zip/Virtual%20Bowling%20%28Japan%29.zip" sha1="A5BE7654037050F0A781E70EFEA0191F43D26F06" size="350482" />
		<title_clean>Virtual Bowling</title_clean>
		<plot>  </plot>
		<releasedate>12/22/1995</releasedate>
		<year>1995</year>
		<genre>Sports</genre>
		<studio>Athena Co.</studio>
		<nplayers>1</nplayers>
		<thegamesdb_id>19242</thegamesdb_id>
		<mobygames_url>http://www.mobygames.com/game/virtual-boy/virtual-bowling</mobygames_url>
		<giantbomb_url>https://www.giantbomb.com/virtual-bowling/3030-23176/</giantbomb_url>
		<boxart1>pwHq3dw.png</boxart1>
		<boxart2>http://thegamesdb.net/banners/boxart/original/back/19242-1.jpg</boxart2>
		<snapshot1>5DTDnmN.png</snapshot1>
		<snapshot2>https://raw.githubusercontent.com/libretro/libretro-thumbnails/master/Nintendo%20-%20Virtual%20Boy/Named_Titles/Virtual%20Bowling%20(Japan).png</snapshot2>
		<snapshot3>http://thegamesdb.net/banners/screenshots/19242-3.jpg</snapshot3>
		<clearlogo1>tkOl929.png</clearlogo1>
	</game>
	<game name="Virtual Boy Wario Land (Japan, USA)">
		<description>Virtual Boy Wario Land (Japan, USA)</description>
		<rom crc="133E9372" md5="FB4DC9F4EBD506702EB49E99A62BD803" name="No-Intro-Collection_2016-09-06/Nintendo-VirtualBoy.zip/Virtual%20Boy%20Wario%20Land%20%28Japan%2C%20USA%29.zip" sha1="274C328FBD904F20E69172AB826BF8F94CED1BDB" size="750056" />
		<title_clean>Virtual Boy Wario Land</title_clean>
		<plot>[CR][B]Overview:[/B][CR] Virtual Boy Wario Land in all its 2 color glory.  Virtual Boy Wario Land (known as Virtual Boy Wario Land: Secret Treasure of the Awazon in Japan) was released on November 27, 1995 in North America and December 1, 1995 in Japan. The game was one of fourteen          Virtual Boy games released in North America. The game was published by          Nintendo and developed by          Nintendo R&amp;D1. The game is most similar to         the first Wario Land game on the Nintendo Gameboy (and the engine for Virtual Boy Wario Land is actually a modified Wario Land engine). The game stars          Wario in a new quest to collect various riches and artifacts that have been stolen from him. Wario follows the thieves in to a labyrinth, where he finds himself trapped. The game is generally regarded as one of the best in the Virtual Boy library.[CR][B]Gameplay:[/B][CR] Solving a puzzle by throwing objects in to the background.  The gameplay of Virtual Boy Wario Land borrows heavily from Wario Land: Super Mario Land 3. It is a traditional platformer not to dissimilar to the        Super Mario Bros. games, with coins, breakable bricks, question blocks, and power-ups. The major element that differentiates it from a typical Mario is the game's greater focus on puzzle solving; Wario does not immediately defeat enemies he attacks, but instead stuns them. Stunned enemies and other objects can be picked up and thrown, and other moves in Wario's repertoire are similarly puzzle-focused, with a butt-stomp for destroying bricks below Wario, and a shoulder charge for breaking through walls. Much like Mario, if Wario takes damage, he will revert to a vulnerable "Small Wario" form. Collecting Garlic will bring Small Wario back to normal, and collecting Garlic while normal Wario will upgrade Wario's hat from a traditional       pith helmet to a viking helmet, making his shoulder charge considerably more powerful. Other hats for Wario to wear include an Eagle Helmet that allows Wario to fly, and a Dragon Helmet that breathes fire (within a limited range). In addition, the Eagle and Dragon Helmets can be combined to form a Super Dragon Helmet, which allows Wario to both fly and shoot powerful fireball projectiles simultaneously. Wario on a jump pad leading to a background layer.  Virtual Boy Wario Land uses the unique capabilities of the Virtual Boy to allow Wario to leap back and forth between background layers in the environment using special jump pads. Many levels require Wario to jump back and forth between foreground and background in order to progress or access secret areas. In addition, many of the game's boss encounters utilize foreground and background layers to attack the player. Virtual Boy Wario Land is notoriously short, containing only 10 levels and 4 boss encounters. However, each stage in the game contains at least one hidden treasure.  In addition,          Kazumi Totaka's famous          song  appears in the game. If the player waits on the word "End" at the end  of the game for one minute and fifteen seconds, then the song will play.</plot>
		<releasedate>11/27/1995</releasedate>
		<year>1995</year>
		<genre>Action</genre>
		<studio>Nintendo Co., Nintendo of America Inc.</studio>
		<nplayers>1</nplayers>
		<rating>8</rating>
		<ESRB>E - Everyone</ESRB>
		<thegamesdb_id>14734</thegamesdb_id>
		<mobygames_url>http://www.mobygames.com/game/virtual-boy/virtual-boy-wario-land</mobygames_url>
		<giantbomb_url>https://www.giantbomb.com/virtual-boy-wario-land/3030-2412/</giantbomb_url>
		<boxart1>8wIU3KW.png</boxart1>
		<boxart2>http://thegamesdb.net/banners/boxart/original/back/14734-1.jpg</boxart2>
		<boxart3>http://www.mobygames.com/images/covers/l/126198-virtual-boy-wario-land-virtual-boy-media.jpg</boxart3>
		<boxart4>http://www.mobygames.com/images/covers/l/44552-virtual-boy-wario-land-virtual-boy-media.jpg</boxart4>
		<snapshot1>UhK3BFp.png</snapshot1>
		<snapshot2>https://raw.githubusercontent.com/libretro/libretro-thumbnails/master/Nintendo%20-%20Virtual%20Boy/Named_Titles/Virtual%20Boy%20Wario%20Land%20(Japan%2C%20USA).png</snapshot2>
		<snapshot3>http://www.mobygames.com/images/shots/l/122727-virtual-boy-wario-land-virtual-boy-screenshot-title-screen.jpg</snapshot3>
		<snapshot4>http://www.mobygames.com/images/shots/l/122722-virtual-boy-wario-land-virtual-boy-screenshot-main-menu.jpg</snapshot4>
		<snapshot5>http://www.mobygames.com/images/shots/l/122723-virtual-boy-wario-land-virtual-boy-screenshot-introduction.jpg</snapshot5>
		<snapshot6>http://www.mobygames.com/images/shots/l/122725-virtual-boy-wario-land-virtual-boy-screenshot-wario-exploring.jpg</snapshot6>
		<snapshot7>http://www.mobygames.com/images/shots/l/122726-virtual-boy-wario-land-virtual-boy-screenshot-a-small-wario.jpg</snapshot7>
		<snapshot8>http://www.mobygames.com/images/shots/l/122724-virtual-boy-wario-land-virtual-boy-screenshot-if-you-pause.jpg</snapshot8>
		<snapshot9>https://static.giantbomb.com/uploads/scale_large/0/1486/2118595-vbwario_title.png</snapshot9>
		<snapshot10>https://static.giantbomb.com/uploads/scale_large/0/1486/2118594-wariojump.png</snapshot10>
		<clearlogo1>S12s8Hd.png</clearlogo1>
	</game>
	<game name="Virtual Fishing (Japan)">
		<description>Virtual Fishing (Japan)</description>
		<rom crc="526CC969" md5="C03E792D8628C3C5729FDCAE1620FB9A" name="No-Intro-Collection_2016-09-06/Nintendo-VirtualBoy.zip/Virtual%20Fishing%20%28Japan%29.zip" sha1="583B409B7215159219D08E789DB46140062095F2" size="287060" />
		<title_clean>Virtual Fishing</title_clean>
		<plot>Virtual Fishing is a Sports game, developed by Locomotive Corporation and published by Pack-In-Video, which was released in Japan in 1995.</plot>
		<releasedate>10/06/1995</releasedate>
		<year>1995</year>
		<genre>Sports</genre>
		<studio>Pack-In-Video Co.</studio>
		<nplayers>1</nplayers>
		<thegamesdb_id>19243</thegamesdb_id>
		<mobygames_url>http://www.mobygames.com/game/virtual-boy/virtual-fishing</mobygames_url>
		<giantbomb_url>https://www.giantbomb.com/virtual-fishing/3030-23174/</giantbomb_url>
		<boxart1>RSxp06M.png</boxart1>
		<snapshot1>GLdvd7S.png</snapshot1>
		<snapshot2>https://raw.githubusercontent.com/libretro/libretro-thumbnails/master/Nintendo%20-%20Virtual%20Boy/Named_Titles/Virtual%20Fishing%20(Japan).png</snapshot2>
		<snapshot3>http://thegamesdb.net/banners/screenshots/19243-3.jpg</snapshot3>
		<clearlogo1>U2VFDZj.png</clearlogo1>
	</game>
	<game name="Virtual Lab (Japan)">
		<description>Virtual Lab (Japan)</description>
		<rom crc="8989FE0A" md5="1CEC316ACA8827FDF99C685A1EE49DBC" name="No-Intro-Collection_2016-09-06/Nintendo-VirtualBoy.zip/Virtual%20Lab%20%28Japan%29.zip" sha1="D96C9F8AAC5B4EA012A8FE659BB68FB1159A9C6D" size="49501" />
		<title_clean>Virtual Lab</title_clean>
		<plot>  </plot>
		<releasedate>12/08/1995</releasedate>
		<year>1995</year>
		<genre>Puzzle</genre>
		<studio>J-Wing Co.</studio>
		<nplayers>1</nplayers>
		<thegamesdb_id>19244</thegamesdb_id>
		<mobygames_url>http://www.mobygames.com/game/virtual-boy/virtual-lab</mobygames_url>
		<giantbomb_url>https://www.giantbomb.com/virtual-lab/3030-23175/</giantbomb_url>
		<boxart1>qBcKPlv.png</boxart1>
		<boxart2>http://thegamesdb.net/banners/boxart/original/back/19244-1.jpg</boxart2>
		<snapshot1>tFDGa6u.png</snapshot1>
		<snapshot2>https://raw.githubusercontent.com/libretro/libretro-thumbnails/master/Nintendo%20-%20Virtual%20Boy/Named_Titles/Virtual%20Lab%20(Japan).png</snapshot2>
		<snapshot3>http://thegamesdb.net/banners/screenshots/19244-3.jpg</snapshot3>
		<clearlogo1>zVzNTwg.png</clearlogo1>
	</game>
	<game name="Virtual League Baseball (USA)">
		<description>Virtual League Baseball (USA)</description>
		<rom crc="736B40D6" md5="2BA914C8AA16F2F9230B3C5B7E17E67B" name="No-Intro-Collection_2016-09-06/Nintendo-VirtualBoy.zip/Virtual%20League%20Baseball%20%28USA%29.zip" sha1="266FE615EE3DF1160A20B456824699F16810FA28" size="474886" />
		<title_clean>Virtual League Baseball</title_clean>
		<plot>[CR][B]Gameplay:[/B][CR]There are three game modes to play in:Player vs. Computer All-Star Game Pennant Race</plot>
		<releasedate>09/11/1995</releasedate>
		<year>1995</year>
		<genre>Sports</genre>
		<studio>Kemco</studio>
		<nplayers>1</nplayers>
		<ESRB>E - Everyone</ESRB>
		<thegamesdb_id>14751</thegamesdb_id>
		<mobygames_url>http://www.mobygames.com/game/virtual-boy/virtual-league-baseball</mobygames_url>
		<giantbomb_url>https://www.giantbomb.com/virtual-league-baseball/3030-23177/</giantbomb_url>
		<boxart1>wVHvaTE.png</boxart1>
		<boxart2>http://thegamesdb.net/banners/boxart/original/back/14751-1.jpg</boxart2>
		<boxart3>http://www.mobygames.com/images/covers/l/149003-virtual-league-baseball-virtual-boy-media.jpg</boxart3>
		<snapshot1>qsgMkMw.png</snapshot1>
		<snapshot2>https://raw.githubusercontent.com/libretro/libretro-thumbnails/master/Nintendo%20-%20Virtual%20Boy/Named_Titles/Virtual%20League%20Baseball%20(USA).png</snapshot2>
		<snapshot3>http://thegamesdb.net/banners/screenshots/14751-3.jpg</snapshot3>
		<snapshot4>http://thegamesdb.net/banners/screenshots/14751-4.jpg</snapshot4>
		<snapshot5>http://thegamesdb.net/banners/screenshots/14751-5.jpg</snapshot5>
		<clearlogo1>944V5Jw.png</clearlogo1>
	</game>
	<game name="Waterworld (USA)">
		<description>Waterworld (USA)</description>
		<rom crc="82A95E51" md5="110A83BC070559C5CC5634A8B5CAE274" name="No-Intro-Collection_2016-09-06/Nintendo-VirtualBoy.zip/Waterworld%20%28USA%29.zip" sha1="DCC46484BD0ACAB0AC1EA178F425A0F5CCFB8DC2" size="754888" />
		<title_clean>Waterworld</title_clean>
		<plot>[CR][B]Overview:[/B][CR]Waterworld is an action-adventure game that was originally released on the SNES in 1995. It was developed by Ocean and went on to be released on multiple platforms such as the Virtual Boy. Although it is considered as a licensed game, it's only loosely based on the movie. [CR][B]Story:[/B][CR]The game opens up with a series of stills from the movie with the movie's lore written on top. This is actually one of the only indications that the game has anything to do with the movie: The Sun, for millions of years the source of life, but for one planet the source of it's demise. The temperatures climbed, the vast fields of ice at its poles melted and the oceans rose. Centuries later, few people remained on this planet once called earth. The only remaining pockets of civilisation are floating islands of debris called Atolls.The player assumes the role of the Mariner, the drifter played by Kevin Costner in the movie, and fends off Smokers but that's about all the game has in common with the movie. Note: "it's" in the first line is a spelling mistake that the developers made. [CR][B]Gameplay:[/B][CR]The game alternates between 3 different gameplay phases: some levels have the player piloting a boat, others have them doing some platforming and then there are the bonus stages: Boat levels: The player controls a sail boat and must fend off Smokers who are riding jet skis, planes and motor boats. They're attacking the Atolls and the player must destroy them with their missiles. They must also save drowning civilians. Platforming levels: Here the player takes control of the Mariner and must kill all the Smokers to move on to the next level. He starts off with a machete but can get other weapons, such as a gun, from the enemies he kills. The player always plays on the exact same level as they're always defending the same Atoll. Bonus levels: The player unlocks these after completing a boat level. It consists of the Mariner swimming underwater, trying to get bonus items before they run out of breath. If he runs out of breath while underwater, the player automatically loses all the items they had collected. These items earn points that can then be spent in the in-game shop to upgrade the ship.</plot>
		<releasedate>12/21/1995</releasedate>
		<year>1995</year>
		<genre>Action</genre>
		<studio>Ocean of America</studio>
		<nplayers>1</nplayers>
		<rating>10</rating>
		<ESRB>E - Everyone</ESRB>
		<thegamesdb_id>14752</thegamesdb_id>
		<mobygames_url>http://www.mobygames.com/game/virtual-boy/waterworld_</mobygames_url>
		<giantbomb_url>https://www.giantbomb.com/waterworld/3030-9919/</giantbomb_url>
		<boxart1>fOJC8NG.png</boxart1>
		<boxart2>http://thegamesdb.net/banners/boxart/original/back/14752-1.jpg</boxart2>
		<boxart3>http://www.mobygames.com/images/covers/l/155837-waterworld-virtual-boy-media.jpg</boxart3>
		<snapshot1>wJZ2Gpq.png</snapshot1>
		<snapshot2>https://raw.githubusercontent.com/libretro/libretro-thumbnails/master/Nintendo%20-%20Virtual%20Boy/Named_Titles/Waterworld%20(USA).png</snapshot2>
		<snapshot3>http://www.mobygames.com/images/shots/l/119319-waterworld-virtual-boy-screenshot-title-screen.jpg</snapshot3>
		<snapshot4>http://www.mobygames.com/images/shots/l/244584-waterworld-virtual-boy-screenshot-enemy-jetski-s-and-other.jpg</snapshot4>
		<snapshot5>http://www.mobygames.com/images/shots/l/244585-waterworld-virtual-boy-screenshot-save-the-floating-women.jpg</snapshot5>
		<snapshot6>https://static.giantbomb.com/uploads/scale_large/2/23093/2831452-waterworld001.jpg</snapshot6>
		<snapshot7>https://static.giantbomb.com/uploads/scale_large/2/23093/2831451-waterworld+%28e%29_00010.jpg</snapshot7>
		<snapshot8>https://static.giantbomb.com/uploads/scale_large/2/23093/2831450-waterworld+%28e%29_00009.jpg</snapshot8>
		<snapshot9>https://static.giantbomb.com/uploads/scale_large/2/23093/2831449-waterworld+%28e%29_00008.jpg</snapshot9>
		<snapshot10>https://static.giantbomb.com/uploads/scale_large/2/23093/2831448-waterworld+%28e%29_00007.jpg</snapshot10>
		<clearlogo1>M5zZkrZ.png</clearlogo1>
	</game>
</datafile>