<?xml version="1.0" encoding="UTF-8" standalone="yes"?>
<addon id="plugin.program.iarl" name="Internet Archive ROM Launcher" version="1.5.7" provider-name="Zach Morris">
  <requires>
    <import addon="xbmc.python" version="2.14.0"/>
    <import addon="plugin.video.youtube" version="5.1.9"/>
    <import addon="script.module.dateutil" version="2.4.2"/>
    <import addon="script.module.requests" version="2.9.1"/>
  </requires>
  <extension point="xbmc.python.pluginsource" library="addon.py">
    <provides>video game</provides>
  </extension>
  <extension point="xbmc.addon.metadata">
    <platform>all</platform>
    <language></language>
    <summary>Internet Archive ROM Launcher</summary>
    <description>IARL will download ROMs from the Internet Archive and launch them with Kodi</description>
  </extension>
</addon>