﻿<?xml version="1.0" encoding="UTF-8" standalone="yes"?>
<addon id="repository.zachmorris" name="Zach Morris Add-ons" version="1.0.2" provider-name="zachmorris">
    <extension point="xbmc.addon.repository" name="Zach Morris Add-ons">
        <dir>
            <info compressed="true">https://github.com/zach-morris/repository.zachmorris/raw/master/addons.xml</info>
            <checksum>https://github.com/zach-morris/repository.zachmorris/raw/master/addons.xml.md5</checksum>
            <datadir zip="true">https://github.com/zach-morris/repository.zachmorris/raw/master/</datadir>
        </dir>
    </extension>
    <extension point="xbmc.addon.metadata">
        <summary>Zach Morris Add-ons</summary>
        <platform>all</platform>
    </extension>
</addon>