<system>
	<launcher name="RetroArch Nestopia (NES)" os="OSX">
		<launcher_command>%APP_PATH%/Contents/MacOS/RetroArch -- -L "%APP_PATH%/Contents/Resources/cores/nestopia_libretro.dylib" "%ROM_PATH%"</launcher_command>
	</launcher>
	<launcher name="RetroArch mGBA (GBA)" os="OSX">
		<launcher_command>%APP_PATH%/Contents/MacOS/RetroArch -- -L "%APP_PATH%/Contents/Resources/cores/mgba_libretro.dylib" "%ROM_PATH%"</launcher_command>
	</launcher>
	<launcher name="RetroArch SNES9x (SNES)" os="OSX">
		<launcher_command>%APP_PATH%/Contents/MacOS/RetroArch -- -L "%APP_PATH%/Contents/Resources/cores/snes9x_libretro.dylib" "%ROM_PATH%"</launcher_command>
	</launcher>
	<launcher name="RetroArch Mupen64Plus (N64)" os="OSX">
		<launcher_command>%APP_PATH%/Contents/MacOS/RetroArch -- -L "%APP_PATH%/Contents/Resources/cores/mupen64plus_libretro.dylib" "%ROM_PATH%"</launcher_command>
	</launcher>
	<launcher name="RetroArch Genesis Plus (Sega Genesis)" os="OSX">
		<launcher_command>%APP_PATH%/Contents/MacOS/RetroArch -- -L "%APP_PATH%/Contents/Resources/cores/genesis_plus_gx_libretro.dylib" "%ROM_PATH%"</launcher_command>
	</launcher>
	<launcher name="RetroArch Pico Drive (Sega 32X/CD)" os="OSX">
		<launcher_command>%APP_PATH%/Contents/MacOS/RetroArch -- -L "%APP_PATH%/Contents/Resources/cores/picodrive_libretro.dylib" "%ROM_PATH%"</launcher_command>
	</launcher>
	<launcher name="RetroArch Mednafen Supergrafx (TG16)" os="OSX">
		<launcher_command>%APP_PATH%/Contents/MacOS/RetroArch -- -L "%APP_PATH%/Contents/Resources/cores/mednafen_supergrafx_libretro.dylib" "%ROM_PATH%"</launcher_command>
	</launcher>
	<launcher name="RetroArch MAME (Arcade)" os="OSX">
		<launcher_command>%APP_PATH%/Contents/MacOS/RetroArch -- -L "%APP_PATH%/Contents/Resources/cores/mame_libretro.dylib" "%ROM_PATH%"</launcher_command>
	</launcher>
	<launcher name="RetroArch Stella (Atari)" os="OSX">
		<launcher_command>%APP_PATH%/Contents/MacOS/RetroArch -- -L "%APP_PATH%/Contents/Resources/cores/stella_libretro.dylib" "%ROM_PATH%"</launcher_command>
	</launcher>
	<launcher name="RetroArch Hatari (Atari)" os="OSX">
		<launcher_command>%APP_PATH%/Contents/MacOS/RetroArch -- -L "%APP_PATH%/Contents/Resources/cores/hatari_libretro.dylib" "%ROM_PATH%"</launcher_command>
	</launcher>
	<launcher name="RetroArch DOSBox (PC)" os="OSX">
		<launcher_command>%APP_PATH%/Contents/MacOS/RetroArch -- -L "%APP_PATH%/Contents/Resources/cores/dosbox_libretro.dylib" "%ROM_PATH%"</launcher_command>
	</launcher>
	<launcher name="RetroArch PCSX ReArmed (PS1)" os="OSX">
		<launcher_command>%APP_PATH%/Contents/MacOS/RetroArch -- -L "%APP_PATH%/Contents/Resources/cores/pcsx_rearmed_libretro.dylib" "%ROM_PATH%"</launcher_command>
	</launcher>
	<launcher name="RetroArch Mednafen PSX (PS1)" os="OSX">
		<launcher_command>%APP_PATH%/Contents/MacOS/RetroArch -- -L "%APP_PATH%/Contents/Resources/cores/mednafen_psx_libretro.dylib" "%ROM_PATH%"</launcher_command>
	</launcher>
	<launcher name="RetroArch PPSSPP (PSP)" os="OSX">
		<launcher_command>%APP_PATH%/Contents/MacOS/RetroArch -- -L "%APP_PATH%/Contents/Resources/cores/ppsspp_libretro.dylib" "%ROM_PATH%"</launcher_command>
	</launcher>
	<launcher name="RetroArch VirtualJaguar (Atari Jaguar)" os="OSX">
		<launcher_command>%APP_PATH%/Contents/MacOS/RetroArch -- -L "%APP_PATH%/Contents/Resources/cores/virtualjaguar_libretro.dylib" "%ROM_PATH%"</launcher_command>
	</launcher>
	<launcher name="RetroArch 4DO (3DO)" os="Windows">
		<launcher_command>"%APP_PATH%\retroarch.exe" -L "%APP_PATH%\cores\4do_libretro.dll" "%ROM_PATH%"</launcher_command>
	</launcher>
	<launcher name="RetroArch BNES (NES)" os="Windows">
		<launcher_command>"%APP_PATH%\retroarch.exe" -L "%APP_PATH%\cores\bnes_libretro.dll" "%ROM_PATH%"</launcher_command>
	</launcher>
	<launcher name="RetroArch BSNES Accuracy (SNES)" os="Windows">
		<launcher_command>"%APP_PATH%\retroarch.exe" -L "%APP_PATH%\cores\bsnes_accuracy_libretro.dll" "%ROM_PATH%"</launcher_command>
	</launcher>
	<launcher name="RetroArch BSNES Balanced (SNES)" os="Windows">
		<launcher_command>"%APP_PATH%\retroarch.exe" -L "%APP_PATH%\cores\bsnes_balanced_libretro.dll" "%ROM_PATH%"</launcher_command>
	</launcher>
	<launcher name="RetroArch BSNES Performance (SNES)" os="Windows">
		<launcher_command>"%APP_PATH%\retroarch.exe" -L "%APP_PATH%\cores\bsnes_performance_libretro.dll" "%ROM_PATH%"</launcher_command>
	</launcher>
	<launcher name="RetroArch DeSmuME (NDS)" os="Windows">
		<launcher_command>"%APP_PATH%\retroarch.exe" -L "%APP_PATH%\cores\desmume_libretro.dll" "%ROM_PATH%"</launcher_command>
	</launcher>
	<launcher name="RetroArch DOSBox (PC)" os="Windows">
		<launcher_command>"%APP_PATH%\retroarch.exe" -L "%APP_PATH%\cores\dosbox_libretro.dll" "%ROM_PATH%"</launcher_command>
	</launcher>
	<launcher name="RetroArch Emux GB (GB/GBC)" os="Windows">
		<launcher_command>"%APP_PATH%\retroarch.exe" -L "%APP_PATH%\cores\emux_gb_libretro.dll" "%ROM_PATH%"</launcher_command>
	</launcher>
	<launcher name="RetroArch Emux NES (NES)" os="Windows">
		<launcher_command>"%APP_PATH%\retroarch.exe" -L "%APP_PATH%\cores\emux_nes_libretro.dll" "%ROM_PATH%"</launcher_command>
	</launcher>
	<launcher name="RetroArch Emux SMS (Master System)" os="Windows">
		<launcher_command>"%APP_PATH%\retroarch.exe" -L "%APP_PATH%\cores\emux_sms_libretro.dll" "%ROM_PATH%"</launcher_command>
	</launcher>
	<launcher name="RetroArch FCEUmm (NES)" os="Windows">
		<launcher_command>"%APP_PATH%\retroarch.exe" -L "%APP_PATH%\cores\fceumm_libretro.dll" "%ROM_PATH%"</launcher_command>
	</launcher>
	<launcher name="RetroArch Gambatte (GB/GBC)" os="Windows">
		<launcher_command>"%APP_PATH%\retroarch.exe" -L "%APP_PATH%\cores\gambatte_libretro.dll" "%ROM_PATH%"</launcher_command>
	</launcher>
	<launcher name="RetroArch Genesis Plus GX (Sega GG/MS/MD/Gen/PICO/SG-1000)" os="Windows">
		<launcher_command>"%APP_PATH%\retroarch.exe" -L "%APP_PATH%\cores\genesis_plus_gx_libretro.dll" "%ROM_PATH%"</launcher_command>
	</launcher>
	<launcher name="RetroArch GpSP (GBA)" os="Windows">
		<launcher_command>"%APP_PATH%\retroarch.exe" -L "%APP_PATH%\cores\gpsp_libretro.dll" "%ROM_PATH%"</launcher_command>
	</launcher>
	<launcher name="RetroArch Handy (Lynx)" os="Windows">
		<launcher_command>"%APP_PATH%\retroarch.exe" -L "%APP_PATH%\cores\handy_libretro.dll" "%ROM_PATH%"</launcher_command>
	</launcher>
	<launcher name="RetroArch Hatari (Atari ST/STE/TT/Falcon)" os="Windows">
		<launcher_command>"%APP_PATH%\retroarch.exe" -L "%APP_PATH%\cores\hatari_libretro.dll" "%ROM_PATH%"</launcher_command>
	</launcher>
	<launcher name="RetroArch MAME 2014 (Arcade)" os="Windows">
		<launcher_command>"%APP_PATH%\retroarch.exe" -L "%APP_PATH%\cores\mame2014_libretro.dll" "%ROM_PATH%"</launcher_command>
	</launcher>
	<launcher name="RetroArch MAME (Arcade)" os="Windows">
		<launcher_command>"%APP_PATH%\retroarch.exe" -L "%APP_PATH%\cores\mame_libretro.dll" "%ROM_PATH%"</launcher_command>
	</launcher>
	<launcher name="RetroArch Mednafen PCE FAST (TG16)" os="Windows">
		<launcher_command>"%APP_PATH%\retroarch.exe" -L "%APP_PATH%\cores\mednafen_pce_fast_libretro.dll" "%ROM_PATH%"</launcher_command>
	</launcher>
	<launcher name="RetroArch Mednafen SNES (SNES)" os="Windows">
		<launcher_command>"%APP_PATH%\retroarch.exe" -L "%APP_PATH%\cores\mednafen_snes_libretro.dll" "%ROM_PATH%"</launcher_command>
	</launcher>
	<launcher name="RetroArch Mednafen SuperGrafx (PCE)" os="Windows">
		<launcher_command>"%APP_PATH%\retroarch.exe" -L "%APP_PATH%\cores\mednafen_supergrafx_libretro.dll" "%ROM_PATH%"</launcher_command>
	</launcher>
	<launcher name="RetroArch Meteor (GBA)" os="Windows">
		<launcher_command>"%APP_PATH%\retroarch.exe" -L "%APP_PATH%\cores\meteor_libretro.dll" "%ROM_PATH%"</launcher_command>
	</launcher>
	<launcher name="RetroArch mGBA (GBA)" os="Windows">
		<launcher_command>"%APP_PATH%\retroarch.exe" -L "%APP_PATH%\cores\mgba_libretro.dll" "%ROM_PATH%"</launcher_command>
	</launcher>
	<launcher name="RetroArch Mupen64Plus (N64)" os="Windows">
		<launcher_command>"%APP_PATH%\retroarch.exe" -L "%APP_PATH%\cores\mupen64plus_libretro.dll" "%ROM_PATH%"</launcher_command>
	</launcher>
	<launcher name="RetroArch Nestopia (NES)" os="Windows">
		<launcher_command>"%APP_PATH%\retroarch.exe" -L "%APP_PATH%\cores\nestopia_libretro.dll" "%ROM_PATH%"</launcher_command>
	</launcher>
	<launcher name="RetroArch Pico Drive (Sega 32X/CD)" os="Windows">
		<launcher_command>"%APP_PATH%\retroarch.exe" -L "%APP_PATH%\cores\picodrive_libretro.dll" "%ROM_PATH%"</launcher_command>
	</launcher>
	<launcher name="RetroArch PPSSPP (PSP)" os="Windows">
		<launcher_command>"%APP_PATH%\retroarch.exe" -L "%APP_PATH%\cores\ppsspp_libretro.dll" "%ROM_PATH%"</launcher_command>
	</launcher>
	<launcher name="RetroArch SNES9x (SNES)" os="Windows">
		<launcher_command>"%APP_PATH%\retroarch.exe" -L "%APP_PATH%\cores\snes9x_libretro.dll" "%ROM_PATH%"</launcher_command>
	</launcher>
	<launcher name="RetroArch SNES9x Next (SNES)" os="Windows">
		<launcher_command>"%APP_PATH%\retroarch.exe" -L "%APP_PATH%\cores\snes9x_next_libretro.dll" "%ROM_PATH%"</launcher_command>
	</launcher>
	<launcher name="RetroArch Stella (Atari)" os="Windows">
		<launcher_command>"%APP_PATH%\retroarch.exe" -L "%APP_PATH%\cores\stella_libretro.dll" "%ROM_PATH%"</launcher_command>
	</launcher>
	<launcher name="RetroArch VBA-M (GBA)" os="Windows">
		<launcher_command>"%APP_PATH%\retroarch.exe" -L "%APP_PATH%\cores\vbam_libretro.dll" "%ROM_PATH%"</launcher_command>
	</launcher>
	<launcher name="RetroArch VBA Next (GBA)" os="Windows">
		<launcher_command>"%APP_PATH%\retroarch.exe" -L "%APP_PATH%\cores\vba_next_libretro.dll" "%ROM_PATH%"</launcher_command>
	</launcher>
	<launcher name="RetroArch VirtualJaguar (Atari Jaguar)" os="Windows">
		<launcher_command>"%APP_PATH%\retroarch.exe" -L "%APP_PATH%\cores\virtualjaguar_libretro.dll" "%ROM_PATH%"</launcher_command>
	</launcher>
	<launcher name="RetroArch Yabuse (Saturn)" os="Windows">
		<launcher_command>"%APP_PATH%\retroarch.exe" -L "%APP_PATH%\cores\yabause_libretro.dll" "%ROM_PATH%"</launcher_command>
	</launcher>
	<launcher name="RetroArch BSNES (SNES)" os="Android">
		<launcher_command>start --user 0 -a android.intent.action.MAIN -c android.intent.category.LAUNCHER -e ROM "%ROM_PATH%" -e LIBRETRO /data/data/com.retroarch/cores/bsnes_performance_libretro_android.so -e CONFIGFILE /data/data/com.retroarch/retroarch.cfg -e IME com.android.inputmethod.latin/.LatinIME -n com.retroarch/.browser.retroactivity.RetroActivityFuture</launcher_command>
	</launcher>
	<launcher name="RetroArch DeSmuME (NDS)" os="Android">
		<launcher_command>start --user 0 -a android.intent.action.MAIN -c android.intent.category.LAUNCHER -e ROM "%ROM_PATH%" -e LIBRETRO /data/data/com.retroarch/cores/desmume_libretro_android.so -e CONFIGFILE /data/data/com.retroarch/retroarch.cfg -e IME com.android.inputmethod.latin/.LatinIME -n com.retroarch/.browser.retroactivity.RetroActivityFuture</launcher_command>
	</launcher>
	<launcher name="RetroArch FCEUmm (NES)" os="Android">
		<launcher_command>start --user 0 -a android.intent.action.MAIN -c android.intent.category.LAUNCHER -e ROM "%ROM_PATH%" -e LIBRETRO /data/data/com.retroarch/cores/fceumm_libretro_android.so -e CONFIGFILE /data/data/com.retroarch/retroarch.cfg -e IME com.android.inputmethod.latin/.LatinIME -n com.retroarch/.browser.retroactivity.RetroActivityFuture</launcher_command>
	</launcher>
	<launcher name="RetroArch Gambatte (GB/GBC)" os="Android">
		<launcher_command>start --user 0 -a android.intent.action.MAIN -c android.intent.category.LAUNCHER -e ROM "%ROM_PATH%" -e LIBRETRO /data/data/com.retroarch/cores/gambatte_libretro_android.so -e CONFIGFILE /data/data/com.retroarch/retroarch.cfg -e IME com.android.inputmethod.latin/.LatinIME -n com.retroarch/.browser.retroactivity.RetroActivityFuture</launcher_command>
	</launcher>
	<launcher name="RetroArch Genesis Plus GX (Sega GG/MS/MD/Gen/PICO/SG-1000)" os="Android">
		<launcher_command>start --user 0 -a android.intent.action.MAIN -c android.intent.category.LAUNCHER -e ROM "%ROM_PATH%" -e LIBRETRO /data/data/com.retroarch/cores/genesis_plus_gx_libretro_android.so -e CONFIGFILE /data/data/com.retroarch/retroarch.cfg -e IME com.android.inputmethod.latin/.LatinIME -n com.retroarch/.browser.retroactivity.RetroActivityFuture</launcher_command>
	</launcher>
	<launcher name="RetroArch Handy (Lynx)" os="Android">
		<launcher_command>start --user 0 -a android.intent.action.MAIN -c android.intent.category.LAUNCHER -e ROM "%ROM_PATH%" -e LIBRETRO /data/data/com.retroarch/cores/handy_libretro_android.so -e CONFIGFILE /data/data/com.retroarch/retroarch.cfg -e IME com.android.inputmethod.latin/.LatinIME -n com.retroarch/.browser.retroactivity.RetroActivityFuture</launcher_command>
	</launcher>
	<launcher name="RetroArch MAME 2010 (Arcade)" os="Android">
		<launcher_command>start --user 0 -a android.intent.action.MAIN -c android.intent.category.LAUNCHER -e ROM "%ROM_PATH%" -e LIBRETRO /data/data/com.retroarch/cores/mame2010_libretro_android.so -e CONFIGFILE /data/data/com.retroarch/retroarch.cfg -e IME com.android.inputmethod.latin/.LatinIME -n com.retroarch/.browser.retroactivity.RetroActivityFuture</launcher_command>
	</launcher>
	<launcher name="RetroArch MAME 2003 (Arcade)" os="Android">
		<launcher_command>start --user 0 -a android.intent.action.MAIN -c android.intent.category.LAUNCHER -e ROM "%ROM_PATH%" -e LIBRETRO /data/data/com.retroarch/cores/mame078_libretro_android.so -e CONFIGFILE /data/data/com.retroarch/retroarch.cfg -e IME com.android.inputmethod.latin/.LatinIME -n com.retroarch/.browser.retroactivity.RetroActivityFuture</launcher_command>
	</launcher>
	<launcher name="RetroArch Mednafen PCE FAST (TG16)" os="Android">
		<launcher_command>start --user 0 -a android.intent.action.MAIN -c android.intent.category.LAUNCHER -e ROM "%ROM_PATH%" -e LIBRETRO /data/data/com.retroarch/cores/mednafen_pce_fast_libretro_android.so -e CONFIGFILE /data/data/com.retroarch/retroarch.cfg -e IME com.android.inputmethod.latin/.LatinIME -n com.retroarch/.browser.retroactivity.RetroActivityFuture</launcher_command>
	</launcher>
	<launcher name="RetroArch Mupen64Plus (N64)" os="Android">
		<launcher_command>start --user 0 -a android.intent.action.MAIN -c android.intent.category.LAUNCHER -e ROM "%ROM_PATH%" -e LIBRETRO /data/data/com.retroarch/cores/mupen64plus_libretro_android.so -e CONFIGFILE /data/data/com.retroarch/retroarch.cfg -e IME com.android.inputmethod.latin/.LatinIME -n com.retroarch/.browser.retroactivity.RetroActivityFuture</launcher_command>
	</launcher>
	<launcher name="RetroArch Nestopia (NES)" os="Android">
		<launcher_command>start --user 0 -a android.intent.action.MAIN -c android.intent.category.LAUNCHER -e ROM "%ROM_PATH%" -e LIBRETRO /data/data/com.retroarch/cores/nestopia_libretro_android.so -e CONFIGFILE /data/data/com.retroarch/retroarch.cfg -e IME com.android.inputmethod.latin/.LatinIME -n com.retroarch/.browser.retroactivity.RetroActivityFuture</launcher_command>
	</launcher>
	<launcher name="RetroArch Pico Drive (Sega 32X/CD)" os="Android">
		<launcher_command>start --user 0 -a android.intent.action.MAIN -c android.intent.category.LAUNCHER -e ROM "%ROM_PATH%" -e LIBRETRO /data/data/com.retroarch/cores/picodrive_libretro_android.so -e CONFIGFILE /data/data/com.retroarch/retroarch.cfg -e IME com.android.inputmethod.latin/.LatinIME -n com.retroarch/.browser.retroactivity.RetroActivityFuture</launcher_command>
	</launcher>
	<launcher name="RetroArch SNES9x (SNES)" os="Android">
		<launcher_command>start --user 0 -a android.intent.action.MAIN -c android.intent.category.LAUNCHER -e ROM "%ROM_PATH%" -e LIBRETRO /data/data/com.retroarch/cores/snes9x_libretro_android.so -e CONFIGFILE /data/data/com.retroarch/retroarch.cfg -e IME com.android.inputmethod.latin/.LatinIME -n com.retroarch/.browser.retroactivity.RetroActivityFuture</launcher_command>
	</launcher>
	<launcher name="RetroArch SNES9x Next (SNES)" os="Android">
		<launcher_command>start --user 0 -a android.intent.action.MAIN -c android.intent.category.LAUNCHER -e ROM "%ROM_PATH%" -e LIBRETRO /data/data/com.retroarch/cores/snes9x_next_libretro_android.so -e CONFIGFILE /data/data/com.retroarch/retroarch.cfg -e IME com.android.inputmethod.latin/.LatinIME -n com.retroarch/.browser.retroactivity.RetroActivityFuture</launcher_command>
	</launcher>
	<launcher name="RetroArch Stella (Atari)" os="Android">
		<launcher_command>start --user 0 -a android.intent.action.MAIN -c android.intent.category.LAUNCHER -e ROM "%ROM_PATH%" -e LIBRETRO /data/data/com.retroarch/cores/stella_libretro_android.so -e CONFIGFILE /data/data/com.retroarch/retroarch.cfg -e IME com.android.inputmethod.latin/.LatinIME -n com.retroarch/.browser.retroactivity.RetroActivityFuture</launcher_command>
	</launcher>
	<launcher name="RetroArch VBA-M (GBA)" os="Android">
		<launcher_command>start --user 0 -a android.intent.action.MAIN -c android.intent.category.LAUNCHER -e ROM "%ROM_PATH%" -e LIBRETRO /data/data/com.retroarch/cores/vbam_libretro_android.so -e CONFIGFILE /data/data/com.retroarch/retroarch.cfg -e IME com.android.inputmethod.latin/.LatinIME -n com.retroarch/.browser.retroactivity.RetroActivityFuture</launcher_command>
	</launcher>
	<launcher name="RetroArch VBA Next (GBA)" os="Android">
		<launcher_command>start --user 0 -a android.intent.action.MAIN -c android.intent.category.LAUNCHER -e ROM "%ROM_PATH%" -e LIBRETRO /data/data/com.retroarch/cores/vba_next_libretro_android.so -e CONFIGFILE /data/data/com.retroarch/retroarch.cfg -e IME com.android.inputmethod.latin/.LatinIME -n com.retroarch/.browser.retroactivity.RetroActivityFuture</launcher_command>
	</launcher>
</system>