<datafile>
	<header>
		<emu_name>CaveStory</emu_name>
		<emu_parser>NoIntro_parser.xml</emu_parser>
		<emu_description>CaveStory</emu_description>
		<emu_category>ports</emu_category>
		<emu_version>20151220</emu_version>
		<emu_date>14/08/2016</emu_date>
		<emu_author>Lefty420</emu_author>
		<emu_homepage>http://www.no-intro.org</emu_homepage>
		<emu_baseurl>https://archive.org/download/</emu_baseurl>
		<emu_launcher>retroplayer</emu_launcher>
		<emu_ext_launch_cmd>none</emu_ext_launch_cmd>
		<emu_downloadpath>default</emu_downloadpath>
		<emu_postdlaction>unzip_update_rom_path_dosbox</emu_postdlaction>
		<emu_comment>CaveStory Retroarch port, provided by Lefty420.</emu_comment>
			<emu_thumb>https://i.imgur.com/RvNuT6A.jpg</emu_thumb>
			<emu_banner>https://i.imgur.com/17Bcl4P.jpg</emu_banner>
			<emu_fanart>https://i.imgur.com/5fwtj6a.png</emu_fanart>
			<emu_logo>https://i.imgur.com/TK7Mxew.png</emu_logo>
			<emu_trailer>VQpHejqlzzY</emu_trailer>
		</header>
			<game name="CaveStory">
				<description>CaveStory</description>
				<rom name="tom_bftp_D/cs.zip" size="1646720" />
				<title_clean>CaveStory</title_clean>
				<plot>Cave Story, or Doukutsu Monogatari, is a Japanese freeware PC side-scrolling platformer game developed by Studio Pixel.  It has been translated into English by Aeon Genesis Translations and has an official translation for commercial releases such as Cave Story Plus.[CR]Cave Story is really one of those games that can be considered a masterpiece of game design. There are so many wonderful and classic gaming elements, that I cannot even begin to describe just one quality well enough to say, It is for this one reason alone that Cave Story is a great game.[CR]There is just so much effort, originality and ingenuity behind this game and it really shows more and more as you play through it.</plot>
				<releasedate>20/12/2004</releasedate>
				<year>2004</year>
				<genre>Retro</genre>
				<nplayers>1</nplayers>
				<thegamesdb_id>8333</thegamesdb_id>
				<videoid>VQpHejqlzzY</videoid>
				<giantbomb_url>http://www.giantbomb.com/cave-story/3030-20124/</giantbomb_url>
				<boxart1>http://www.mobygames.com/images/covers/l/97110-cave-story-windows-front-cover.png</boxart1>
				<banner1>http://images.jayisgames.com/cavestoryplus-b.jpg</banner1>
				<emu_command>Doukutsu.exe</emu_command>
			</game>
</datafile>