<datafile>
	<header>
		<emu_name>Dinothawr</emu_name>
		<emu_parser>NoIntro_parser.xml</emu_parser>
		<emu_description>Dinothawr</emu_description>
		<emu_category>ports</emu_category>
		<emu_version>20151220</emu_version>
		<emu_date>16/08/2016</emu_date>
		<emu_author>Lefty420</emu_author>
		<emu_homepage>http://www.no-intro.org</emu_homepage>
		<emu_baseurl>https://archive.org/download/</emu_baseurl>
		<emu_launcher>retroplayer</emu_launcher>
		<emu_ext_launch_cmd>none</emu_ext_launch_cmd>
		<emu_downloadpath>default</emu_downloadpath>
		<emu_postdlaction>unzip_update_rom_path_dosbox</emu_postdlaction>
		<emu_comment>Dinothawr Retroarch port, provided by Lefty420.</emu_comment>
			<emu_thumb>https://i.imgur.com/T5PSkqb.jpg</emu_thumb>
			<emu_banner>https://i.imgur.com/F1y5y5A.jpg</emu_banner>
			<emu_fanart>https://i.imgur.com/NkhqZah.jpg</emu_fanart>
			<emu_logo>https://i.imgur.com/F7IxpAE.png</emu_logo>
			<emu_trailer>VQpHejqlzzY</emu_trailer>
		</header>
			<game name="Dinothawr">
				<description>Dinothawr</description>
				<rom name="tom_bftp_D/dinothawr.zip" size="6728842" />
				<title_clean>Dinothawr</title_clean>
				<plot>Dinothawr is a block pushing puzzle game on slippery surfaces. Our hero is a dinosaur whose friends are trapped in ice. Through puzzles it is your task to free the dinos from their ice prison.</plot>
				<releasedate>21/09/2013</releasedate>
				<year>2013</year>
				<genre>Retro</genre>
				<nplayers>1</nplayers>
				<thegamesdb_id></thegamesdb_id>
				<videoid>d62cb9z6j9M</videoid>
				<giantbomb_url>http://www.giantbomb.com/dinothawr/3030-45105/</giantbomb_url>
				<boxart1>https://i.imgur.com/T5PSkqb.jpg</boxart1>
				<banner1>https://i.imgur.com/F1y5y5A.jpg</banner1>
				<emu_command>dinothawr.game</emu_command>
			</game>
</datafile>