<datafile>
	<header>
		<emu_name>Lutro</emu_name>
		<emu_parser>NoIntro_parser.xml</emu_parser>
		<emu_description>Lotru</emu_description>
		<emu_category>Love</emu_category>
		<emu_version>10132017</emu_version>
		<emu_date>10/13/2017</emu_date>
		<emu_author>Zach Morris</emu_author>
		<emu_homepage>http://www.no-intro.org</emu_homepage>
		<emu_baseurl>https://buildbot.libretro.com/assets/cores/Lutro/</emu_baseurl>
		<emu_launcher>retroplayer</emu_launcher>
		<emu_ext_launch_cmd>none</emu_ext_launch_cmd>
		<emu_downloadpath>default</emu_downloadpath>
		<emu_postdlaction>none</emu_postdlaction>
		<emu_comment>Lutro List by Zach Morris[CR]Lutro is an in-development Love 2D reimplementation written in Lua.  With Lutro, it is possible to easily create Lua games with no knowledge of C being necessary, or having to compile any code.</emu_comment>
			<emu_thumb>https://i.imgur.com/fJKIkXT.png</emu_thumb>
			<emu_banner>https://i.imgur.com/80iRAPM.png</emu_banner>
			<emu_fanart>https://i.imgur.com/M9waixy.png</emu_fanart>
			<emu_logo>https://i.imgur.com/T7QFlwF.png</emu_logo>
			<emu_trailer>Yw4pTtJjZWI</emu_trailer>
		</header>
			<game name="Deep Dungeon">
				<description>Deep Dungeon</description>
				<rom name="Deep%20Dungeon.lutro" size="1056768" />
				<title_clean>Deep Dungeon</title_clean>
				<snapshot1>https://raw.githubusercontent.com/libretro/libretro-thumbnails/master/Lutro/Named_Snaps/Deep%20Dungeon.png</snapshot1>
				<snapshot2>https://raw.githubusercontent.com/libretro/libretro-thumbnails/master/Lutro/Named_Titles/Deep%20Dungeon.png</snapshot2>
			</game>
			<game name="Game of Life">
				<description>Game of Life</description>
				<rom name="Game%20of%20Life.lutro" size="2048" />
				<title_clean>Game of Life</title_clean>
				<snapshot1>https://raw.githubusercontent.com/libretro/libretro-thumbnails/master/Lutro/Named_Snaps/Game%20of%20Life.png</snapshot1>
			</game>
			<game name="In Your Face City Trains">
				<description>In Your Face City Trains</description>
				<rom name="In%20Your%20Face%20City%20Trains.lutro" size="1770496" />
				<title_clean>In Your Face City Trains</title_clean>
				<snapshot1>https://raw.githubusercontent.com/libretro/libretro-thumbnails/master/Lutro/Named_Snaps/In%20Your%20Face%20City%20Trains.png</snapshot1>
				<snapshot2>https://raw.githubusercontent.com/libretro/libretro-thumbnails/master/Lutro/Named_Titles/In%20Your%20Face%20City%20Trains.png</snapshot2>
			</game>
			<game name="Platformer">
				<description>Platformer</description>
				<rom name="Platformer.lutro" size="425984" />
				<title_clean>Platformer</title_clean>
				<snapshot1>https://raw.githubusercontent.com/libretro/libretro-thumbnails/master/Lutro/Named_Snaps/Platformer.png</snapshot1>
			</game>
			<game name="Pong">
				<description>Pong</description>
				<rom name="Pong.lutro" size="59392" />
				<title_clean>Pong</title_clean>
				<snapshot1>https://raw.githubusercontent.com/libretro/libretro-thumbnails/master/Lutro/Named_Snaps/Pong.png</snapshot1>
			</game>
			<game name="Sienna">
				<description>Sienna</description>
				<rom name="Sienna.lutro" size="1685504" />
				<title_clean>Sienna</title_clean>
				<snapshot1>https://raw.githubusercontent.com/libretro/libretro-thumbnails/master/Lutro/Named_Snaps/Sienna.png</snapshot1>
				<snapshot2>https://raw.githubusercontent.com/libretro/libretro-thumbnails/master/Lutro/Named_Titles/Sienna.png</snapshot2>
			</game>
			<game name="Snake">
				<description>Snake</description>
				<rom name="Snake.lutro" size="1024" />
				<title_clean>Snake</title_clean>
				<snapshot1>https://raw.githubusercontent.com/libretro/libretro-thumbnails/master/Lutro/Named_Snaps/Snake.png</snapshot1>
			</game>
			<game name="Spaceship">
				<description>Spaceship</description>
				<rom name="Spaceship.lutro" size="634880" />
				<title_clean>Spaceship</title_clean>
				<snapshot1>https://raw.githubusercontent.com/libretro/libretro-thumbnails/master/Lutro/Named_Snaps/Spaceship.png</snapshot1>
			</game>
			<game name="Tetris">
				<description>Tetris</description>
				<rom name="Tetris.lutro" size="1516544" />
				<title_clean>Tetris</title_clean>
				<snapshot1>https://raw.githubusercontent.com/libretro/libretro-thumbnails/master/Lutro/Named_Snaps/Tetris.png</snapshot1>
			</game>
</datafile>