<datafile>	<header>		<emu_name>Atari Jaguar</emu_name>		<emu_description>Atari Jaguar</emu_description>		<emu_category>Atari, 64 Bit, Console, 1990s</emu_category>		<emu_version>04012017</emu_version>		<emu_date>06/14/2013</emu_date>		<emu_author>Zach Morris</emu_author>		<emu_visibility>visible</emu_visibility>		<emu_homepage>http://www.no-intro.org</emu_homepage>		<emu_baseurl>http://archive.org/download/No-Intro-Collection_2013-06-14/No-Intro-Collection_2013-06-14.zip/</emu_baseurl>		<emu_launcher>retroplayer</emu_launcher>		<emu_default_addon>none</emu_default_addon>		<emu_ext_launch_cmd>none</emu_ext_launch_cmd>		<emu_downloadpath>default</emu_downloadpath>		<emu_postdlaction>unzip_rom</emu_postdlaction>		<emu_comment>The Atari Jaguar is a fifth generation home video game console that was developed by Atari Corporation. The console was the sixth and last programmable console to be developed under the Atari brand, originally released in North America in November 1993. Marketed by Atari as the first 64-bit video game console, the Jaguar was designed to compete with the 16-bit Sega Genesis and Super Nintendo Entertainment System and the 32-bit 3DO Interactive Multiplayer platform.[CR]Developer:  Atari[CR]Manufacturer:  Atari[CR]CPU:  "Jerry" Chip, 26.59 MHz[CR]Graphics:  "Tom" Chip, 26.59 MHz[CR]Sound:  CD-quality sound (16-bit stereo)[CR]Media:  Cartridge[CR]Max. Controllers:  2</emu_comment>		<emu_thumb>kxJCocQ.jpg</emu_thumb>		<emu_banner>8znTEKq.jpg</emu_banner>		<emu_fanart>QjVI71p.jpg</emu_fanart>		<emu_logo>MjCCKDu.png</emu_logo>		<emu_trailer>nxuna944dls</emu_trailer>	</header>	<game name="Air Cars (World)">		<description>Air Cars (World)</description>		<system>Atari - Jaguar</system>		<rom name="Atari%20-%20Jaguar%2FAir%20Cars%20%28World%29.zip" size="1252239"/>		<plot>Designed by Midnight Entertainment Group in 1995, ICD released Air Cars in limited numbers. No real box was made (it came shrinkwrapped inside a box insert), but the cartridge included a label and manual, along with a picture of what the overlay might look like. This is an action/battle game in which you must destroy enemy bases while in your Air Car, and it supports up to 8 players using CatBoxes or 2 players using a JagLink. Although better graphics can be found on the Jaguar and control is a bit sluggish, linking 8 players using CatBoxes can be a unique experience. The hard part will be finding those extra CatBoxes and copies of Air Cars.</plot>		<genre>Action</genre>		<releasedate>05/27/1997</releasedate>		<nplayers>1-4</nplayers>		<videoid>AaOjwss7Pqs</videoid>		<boxart1>6dE0GcD.jpg</boxart1>		<boxart2>zOZdNxw.jpg</boxart2>		<snapshot1>dUUyLDZ.jpg</snapshot1>		<snapshot2>K1wFXBu.jpg</snapshot2>		<snapshot3>sBHTq38.jpg</snapshot3>		<snapshot4>LaADJ21.jpg</snapshot4>		<snapshot5>qJuwfIf.jpg</snapshot5>		<snapshot6>Z7Ecs2W.jpg</snapshot6>		<snapshot7>5pNi49l.jpg</snapshot7>		<snapshot8>1ajarU7.jpg</snapshot8>	</game>	<game name="Alien vs Predator (World)">		<description>Alien vs Predator (World)</description>		<system>Atari - Jaguar</system>		<rom name="Atari%20-%20Jaguar%2FAlien%20vs%20Predator%20%28World%29.zip" size="3102267"/>		<plot>Choose your weapon and brawl with the notorious warriors of the big screen! Commission the Colonial Marine and use your weapons and your wits to destroy the base--and survive. Be an Alien and use your voracious instincts to defend the hive and rescure your Queen. Or play a Predator and use your grisly arsenal to acquire the ultimate trophy...the skull of the Alien Queen.</plot>		<genre>Shooter</genre>		<releasedate>10/20/1994</releasedate>		<nplayers>1</nplayers>		<fanart1>fDm3OCk.jpg</fanart1>		<boxart1>rpyvakw.jpg</boxart1>		<boxart2>o3rMZjd.jpg</boxart2>		<boxart3>iQwjWHT.jpg</boxart3>		<boxart4>NuToa8i.jpg</boxart4>		<boxart5>v8TvLeW.jpg</boxart5>		<boxart6>hbMZ9Ej.jpg</boxart6>		<snapshot1>92sZxu5.jpg</snapshot1>		<snapshot2>i0TF7G2.jpg</snapshot2>		<snapshot3>dfC38vA.jpg</snapshot3>		<snapshot4>xPtjTw6.jpg</snapshot4>		<snapshot5>aDrFjDJ.jpg</snapshot5>		<snapshot6>GXF72qQ.jpg</snapshot6>		<snapshot7>wwXJdib.jpg</snapshot7>		<snapshot8>eXp5nn4.jpg</snapshot8>		<snapshot9>1NNt3GY.jpg</snapshot9>		<snapshot10>iwCAuma.jpg</snapshot10>		<banner1>822Vp1W.jpg</banner1>		<clearlogo1>h1w6qen.png</clearlogo1>	</game>	<game name="Atari Karts (World)">		<description>Atari Karts (World)</description>		<system>Atari - Jaguar</system>		<rom name="Atari%20-%20Jaguar%2FAtari%20Karts%20%28World%29.zip" size="3908417"/>		<plot>A go-cart free for all! In Atari Karts you'll race around the track with some of the craziest creatures around. Watch out for the objects lying on the road. Some are bonuses that will help you get ahead, but those hazards can be nasty. They'll cause you to slow down or mess with your driving controls. Try to outdistance your competition and finish fourth or better to move on to the next course. Kids of all ages will love this game!</plot>		<genre>Racing</genre>		<releasedate>12/20/1995</releasedate>		<nplayers>2</nplayers>		<boxart1>lUhf2mF.jpg</boxart1>		<boxart2>OswlJ40.jpg</boxart2>		<boxart3>ECRRSEx.jpg</boxart3>		<boxart4>xhNXzXo.jpg</boxart4>		<snapshot1>urJ33cS.jpg</snapshot1>		<snapshot2>ljoCrVn.jpg</snapshot2>		<snapshot3>7GQcD46.jpg</snapshot3>		<snapshot4>SxiYiTR.jpg</snapshot4>		<snapshot5>In8mASc.jpg</snapshot5>		<snapshot6>POy24ox.jpg</snapshot6>		<snapshot7>zUaaMxV.jpg</snapshot7>		<snapshot8>W1N9gPv.jpg</snapshot8>		<snapshot9>U56Q62l.jpg</snapshot9>		<snapshot10>OPlf68z.jpg</snapshot10>		<banner1>573i6dX.jpg</banner1>	</game>	<game name="Attack of the Mutant Penguins (World)">		<description>Attack of the Mutant Penguins (World)</description>		<system>Atari - Jaguar</system>		<rom name="Atari%20-%20Jaguar%2FAttack%20of%20the%20Mutant%20Penguins%20%28World%29.zip" size="1841814"/>		<plot>In the distant galaxy of Bleurggh, an evil (but reasonably stupid) band of aliens picked up some of Earth's television signals. Unfortunately for them, they could only tune in a wildlife program. They figured the Earth would be a pushover to invade, so they disguised themselves as its inhabitants -- penguins! Word of the invasion has reached those champions of intergalactic do-goodery, Bernard and Rodney. Now, with their help, you must prevent the alien mutant penguins from triggering the Doomscale and destroying the Earth. Are you up to the challenge?</plot>		<genre>Action, Strategy</genre>		<releasedate>03/01/1996</releasedate>		<nplayers>1</nplayers>		<boxart1>LbEc9nj.jpg</boxart1>		<boxart2>d2HMi3D.jpg</boxart2>		<boxart3>LYF6hEI.jpg</boxart3>		<boxart4>cbMSUDz.jpg</boxart4>		<snapshot1>KM7VP4M.jpg</snapshot1>		<snapshot2>IKODkjk.jpg</snapshot2>		<snapshot3>I68GFfO.jpg</snapshot3>		<snapshot4>zmtPsyC.jpg</snapshot4>		<snapshot5>qgVcz8d.jpg</snapshot5>		<snapshot6>II1XDCt.jpg</snapshot6>		<snapshot7>FtzHXrP.jpg</snapshot7>		<snapshot8>kUp0e8B.jpg</snapshot8>		<snapshot9>QwQTbYj.jpg</snapshot9>		<snapshot10>lYSFfbV.jpg</snapshot10>		<banner1>fAtwF3P.jpg</banner1>	</game>	<game name="Battle Sphere Gold (World)">		<description>Battle Sphere Gold (World)</description>		<system>Atari - Jaguar</system>		<rom name="Atari%20-%20Jaguar%2FBattle%20Sphere%20Gold%20%28World%29.zip" size="2301125"/>		<plot>BattleSphere is a 3D space combat simulator for the Atari Jaguar console by 4Play/ScatoLOGIC Inc., released in 2000. Released after the Jaguar's demise, cartridge components and other supplies needed to manufacture the game were scarce, resulting in not enough copies to meet demand. A second edition of the game, with additional features and improvements, was released as BattleSphere Gold in 2002. Although Scatologic will not release sales figures, a few hundred copies are known to have been manufactured.</plot>		<genre>Shooter</genre>		<releasedate>01/01/2000</releasedate>		<nplayers>1-8 Sim</nplayers>		<boxart1>lKzqmSS.jpg</boxart1>	</game>	<game name="Brutal Sports Football (World)">		<description>Brutal Sports Football (World)</description>		<system>Atari - Jaguar</system>		<rom name="Atari%20-%20Jaguar%2FBrutal%20Sports%20Football%20%28World%29.zip" size="920208"/>		<plot>Do you like action but reckon that chainsaw massacres are for grannies' tea parties? If you do then brutal sports football is for you, league, knockout or unfriendly tournaments.[CR]This is an all action, crunch 'em, stamp 'em, no holds barred game of mutant football where heads roll and where injury time means just that.</plot>		<genre>Sports</genre>		<releasedate>01/01/1994</releasedate>		<nplayers>1-2 Sim</nplayers>		<boxart1>lbsUlEP.jpg</boxart1>		<boxart2>KZVZFtp.jpg</boxart2>		<boxart3>9qpxjmv.jpg</boxart3>		<boxart4>9Ucw4Cb.jpg</boxart4>		<snapshot1>1JKrUf9.jpg</snapshot1>		<snapshot2>GZXR7pE.jpg</snapshot2>		<snapshot3>QqhcFdP.jpg</snapshot3>		<snapshot4>dhmbCuw.jpg</snapshot4>		<snapshot5>tVky2t4.jpg</snapshot5>		<snapshot6>SLH2TgV.jpg</snapshot6>	</game>	<game name="Bubsy in Fractured Furry Tales (World)">		<description>Bubsy in Fractured Furry Tales (World)</description>		<system>Atari - Jaguar</system>		<rom name="Atari%20-%20Jaguar%2FBubsy%20in%20Fractured%20Furry%20Tales%20%28World%29.zip" size="2005583"/>		<plot>Only Bubsy can protect the world's kids from these silly stories and tangled-up tales as he leaps and bounds his way through 15 frantic chapters of fabulous furry fun. In Fairytaleland, Bubsy attends a twisted tea party, climbs a giant beanstalk, voyages under the sea (without getting his paws wet), head to Ali Baba's desert and even meets Hansel and Gretel, who should be up on kidnapping charges.</plot>		<genre>Action</genre>		<releasedate>01/01/1994</releasedate>		<nplayers>1-2 Sim</nplayers>		<boxart1>VONKx0T.jpg</boxart1>		<boxart2>HyhqwsD.jpg</boxart2>		<boxart3>fv33tNl.jpg</boxart3>		<boxart4>hrQrJFn.jpg</boxart4>		<snapshot1>le9mu7a.jpg</snapshot1>		<snapshot2>YRanEdR.jpg</snapshot2>		<snapshot3>LFF9PqU.jpg</snapshot3>		<snapshot4>nvzdFz5.jpg</snapshot4>		<snapshot5>sQcoEXr.jpg</snapshot5>		<snapshot6>RbVwmRW.jpg</snapshot6>		<banner1>4n5BH3N.jpg</banner1>	</game>	<game name="Cannon Fodder (World)">		<description>Cannon Fodder (World)</description>		<system>Atari - Jaguar</system>		<rom name="Atari%20-%20Jaguar%2FCannon%20Fodder%20%28World%29.zip" size="1553907"/>		<plot>&quot;Don't wait 'til you see the whites of their eyes... Don't kid yourself it will be over by Christmas... Don't try to shut out the screams... And don't forget to wash your hand afterwards...&quot;</plot>		<genre>Action, Strategy</genre>		<releasedate>01/01/1995</releasedate>		<nplayers>1</nplayers>		<boxart1>cDJ8axR.jpg</boxart1>		<boxart2>HPzSusy.jpg</boxart2>		<boxart3>e6VJUUQ.jpg</boxart3>		<boxart4>1aH5JvA.jpg</boxart4>		<boxart5>dK99mK5.jpg</boxart5>		<snapshot1>Nc685Dw.jpg</snapshot1>		<snapshot2>1Jx9mjA.jpg</snapshot2>		<snapshot3>gl8eWCn.jpg</snapshot3>		<snapshot4>WTtbYiH.jpg</snapshot4>		<snapshot5>wCe5ivH.jpg</snapshot5>		<banner1>PZyaTWM.jpg</banner1>		<clearlogo1>gxTxWDf.png</clearlogo1>	</game>	<game name="Checkered Flag (World)">		<description>Checkered Flag (World)</description>		<system>Atari - Jaguar</system>		<rom name="Atari%20-%20Jaguar%2FCheckered%20Flag%20%28World%29.zip" size="1222596"/>		<plot>Get ready to burn rubber! Race for the Checkered Flag behind the wheel of a turbo-powered speedway racer in real-time, 3D-rendered action. Choose from 10 high-performance tracks and see the speedway from 6 distinct views. Alter features and attributes on your racer to improve your times or even change the weather conditions. Action is so intense and realistic you'll swear you feel the wind in your hair as your tires screech around the curves. Keep your sweaty palms on the controller!</plot>		<genre>Racing, Driving</genre>		<releasedate>01/01/1994</releasedate>		<nplayers>1</nplayers>		<boxart1>btEA6wI.jpg</boxart1>		<boxart2>yxDKrL3.jpg</boxart2>		<boxart3>ngPCH00.jpg</boxart3>		<boxart4>1jieWLM.jpg</boxart4>		<boxart5>HbUrHHX.jpg</boxart5>		<snapshot1>HB05Gps.jpg</snapshot1>		<snapshot2>KTazjMo.jpg</snapshot2>		<snapshot3>pdLP9qu.jpg</snapshot3>		<snapshot4>tVdMtE5.jpg</snapshot4>		<snapshot5>GQqcAu2.jpg</snapshot5>		<snapshot6>4vmD9D2.jpg</snapshot6>		<snapshot7>W5ZMN73.jpg</snapshot7>		<snapshot8>gE2BJir.jpg</snapshot8>		<snapshot9>A6k5fOG.png</snapshot9>	</game>	<game name="Club Drive (World)">		<description>Club Drive (World)</description>		<system>Atari - Jaguar</system>		<rom name="Atari%20-%20Jaguar%2FClub%20Drive%20%28World%29.zip" size="1827772"/>		<plot>Sure, you've always wanted to blaze down the streets of San Francisco in a souped-up hot rod, just like in those action movies. But have you ever wanted to scramble across the living room floor playing tag in a minature racing car with a buddy? Or plow through an Old West town in a futuristic speed machine picking up randomly placed energy Powerballs? Strap in and join the 64-bit club!</plot>		<genre>Racing</genre>		<releasedate>01/01/1994</releasedate>		<nplayers>2</nplayers>		<boxart1>bOG6Arb.jpg</boxart1>		<boxart2>RiRSJ8b.jpg</boxart2>		<boxart3>D1CKBGn.jpg</boxart3>		<boxart4>EH7OJTN.jpg</boxart4>		<boxart5>n45Luoc.jpg</boxart5>		<snapshot1>J2LxSHg.jpg</snapshot1>		<snapshot2>LMOlKPm.jpg</snapshot2>		<snapshot3>zZQbT7G.jpg</snapshot3>		<snapshot4>dyvIHZ5.jpg</snapshot4>		<snapshot5>2nJcnaf.jpg</snapshot5>		<snapshot6>N15snZz.jpg</snapshot6>		<snapshot7>CLgXOTK.jpg</snapshot7>		<snapshot8>wvJjPtB.jpg</snapshot8>		<banner1>GO4vqpI.jpg</banner1>	</game>	<game name="Cybermorph (World) (Rev 1)">		<description>Cybermorph (World) (Rev 1)</description>		<system>Atari - Jaguar</system>		<rom name="Atari%20-%20Jaguar%2FCybermorph%20%28World%29%20%28Rev%201%29.zip" size="1688991"/>		<plot>Cybermorph was the first game released for Atari's Jaguar console. It's a 3D sci-fi shoot-'em-up. The story goes like this: The evil Pernitia Empire is swallowing up the galaxy's planets left and right. What's worse, the resistance forces have had their secret weapons stolen from them and put into pods spread out on many different planets. You must pilot the T-Griffon morphing attack craft to each planet and recover the pods to stop the Pernitians.[CR]So, in each planet, or level, you must collect a certain number of pods and make it to the exit before the enemies shoot you down. Fortunately, there are power-ups that can strategically enhance the T-Griffon's offensive capabilities. After clearing 8 planets, you take on a boss creature/ship before moving on to the next sector. There are 4 levels like this to clear, each with progressively increasing difficulty.</plot>		<genre>Action</genre>		<releasedate>01/01/1993</releasedate>		<nplayers>1</nplayers>		<boxart1>KC5DCve.jpg</boxart1>		<boxart2>ekyh6bb.jpg</boxart2>		<boxart3>qRSaRF5.jpg</boxart3>		<boxart4>lNiHgj3.jpg</boxart4>		<boxart5>0J1oE5r.jpg</boxart5>		<boxart6>2r2o92m.jpg</boxart6>		<snapshot1>uZOuUOD.jpg</snapshot1>		<snapshot2>2c7MqMX.jpg</snapshot2>		<snapshot3>nz8oU5h.jpg</snapshot3>		<snapshot4>lpZkTap.jpg</snapshot4>		<snapshot5>34oDlOV.jpg</snapshot5>		<snapshot6>8rs9N1j.jpg</snapshot6>		<snapshot7>42oDiUX.jpg</snapshot7>		<snapshot8>u93AN53.jpg</snapshot8>		<snapshot9>mhRUpEv.jpg</snapshot9>		<banner1>5bCnEob.jpg</banner1>	</game>	<game name="Cybermorph (World) (Rev 2)">		<description>Cybermorph (World) (Rev 2)</description>		<system>Atari - Jaguar</system>		<rom name="Atari%20-%20Jaguar%2FCybermorph%20%28World%29%20%28Rev%202%29.zip" size="776721"/>		<plot>Cybermorph was the first game released for Atari's Jaguar console. It's a 3D sci-fi shoot-'em-up. The story goes like this: The evil Pernitia Empire is swallowing up the galaxy's planets left and right. What's worse, the resistance forces have had their secret weapons stolen from them and put into pods spread out on many different planets. You must pilot the T-Griffon morphing attack craft to each planet and recover the pods to stop the Pernitians.[CR]So, in each planet, or level, you must collect a certain number of pods and make it to the exit before the enemies shoot you down. Fortunately, there are power-ups that can strategically enhance the T-Griffon's offensive capabilities. After clearing 8 planets, you take on a boss creature/ship before moving on to the next sector. There are 4 levels like this to clear, each with progressively increasing difficulty.</plot>		<genre>Action</genre>		<releasedate>01/01/1993</releasedate>		<nplayers>1</nplayers>		<boxart1>KC5DCve.jpg</boxart1>		<boxart2>ekyh6bb.jpg</boxart2>		<boxart3>qRSaRF5.jpg</boxart3>		<boxart4>lNiHgj3.jpg</boxart4>		<boxart5>0J1oE5r.jpg</boxart5>		<boxart6>2r2o92m.jpg</boxart6>		<snapshot1>uZOuUOD.jpg</snapshot1>		<snapshot2>2c7MqMX.jpg</snapshot2>		<snapshot3>nz8oU5h.jpg</snapshot3>		<snapshot4>lpZkTap.jpg</snapshot4>		<snapshot5>34oDlOV.jpg</snapshot5>		<snapshot6>8rs9N1j.jpg</snapshot6>		<snapshot7>42oDiUX.jpg</snapshot7>		<snapshot8>u93AN53.jpg</snapshot8>		<snapshot9>mhRUpEv.jpg</snapshot9>		<banner1>5bCnEob.jpg</banner1>	</game>	<game name="Defender 2000 (World)">		<description>Defender 2000 (World)</description>		<system>Atari - Jaguar</system>		<rom name="Atari%20-%20Jaguar%2FDefender%202000%20%28World%29.zip" size="3226321"/>		<plot>You whomped the aliens from the Alpha Proximian Empire in classic Defender and sent them home to cry. Now they want the planets that Earth is mining for desperately needed, life-sustaining minerals. Your job is to protect the space miners as they perform their vital work. The aliens will try to capture them and use their life-energy to turn their ships into hyper-fast mutants. Rescure the captives and destroy the aliens or Earth is history!</plot>		<genre>Shooter</genre>		<releasedate>01/01/1996</releasedate>		<nplayers>1-2 Sim</nplayers>		<boxart1>foaFyxr.jpg</boxart1>		<boxart2>aQM7Qla.jpg</boxart2>		<boxart3>jbSbdeo.jpg</boxart3>		<boxart4>tFpwaZN.jpg</boxart4>		<boxart5>hyoOPBu.jpg</boxart5>		<snapshot1>4FDujXm.jpg</snapshot1>		<snapshot2>3tVgCth.jpg</snapshot2>		<snapshot3>LBDg5cX.jpg</snapshot3>		<snapshot4>lxiXmTH.jpg</snapshot4>		<snapshot5>g2pvSwQ.jpg</snapshot5>		<snapshot6>ybEnqRz.jpg</snapshot6>		<snapshot7>dnUSAEB.jpg</snapshot7>		<snapshot8>8wyKDDp.jpg</snapshot8>		<snapshot9>HPOcthm.jpg</snapshot9>		<snapshot10>qVMJnLd.jpg</snapshot10>	</game>	<game name="Doom (World)">		<description>Doom (World)</description>		<system>Atari - Jaguar</system>		<rom name="Atari%20-%20Jaguar%2FDoom%20%28World%29.zip" size="2624061"/>		<plot>From outside the base you hear the carnage: guns firing, men screaming, bones cracking...then silence. Suddenly you're the last surviving marine thrust into a bloody, gore-ridden underworld 50 million miles into the future. It's Doom to the 64th power with 16-bit true color, advanced lighting effects...and some new parts of Hell you'll wish we didn't include in this version.</plot>		<genre>Shooter</genre>		<releasedate>01/01/1994</releasedate>		<nplayers>1-2 Sim</nplayers>		<fanart1>GvZfJT0.jpg</fanart1>		<boxart1>eCVPoHd.jpg</boxart1>		<boxart2>aQM7Qla.jpg</boxart2>		<boxart3>NM8jU33.jpg</boxart3>		<boxart4>tFpwaZN.jpg</boxart4>		<boxart5>hyoOPBu.jpg</boxart5>		<snapshot1>4FDujXm.jpg</snapshot1>		<snapshot2>3tVgCth.jpg</snapshot2>		<snapshot3>LBDg5cX.jpg</snapshot3>		<snapshot4>lxiXmTH.jpg</snapshot4>		<snapshot5>g2pvSwQ.jpg</snapshot5>		<snapshot6>ybEnqRz.jpg</snapshot6>		<snapshot7>dnUSAEB.jpg</snapshot7>		<snapshot8>8wyKDDp.jpg</snapshot8>		<snapshot9>HPOcthm.jpg</snapshot9>		<snapshot10>qVMJnLd.jpg</snapshot10>		<banner1>0Gc3AGt.jpg</banner1>		<clearlogo1>RQhFCAG.png</clearlogo1>	</game>	<game name="Double Dragon V - The Shadow Falls (World)">		<description>Double Dragon V - The Shadow Falls (World)</description>		<system>Atari - Jaguar</system>		<rom name="Atari%20-%20Jaguar%2FDouble%20Dragon%20V%20-%20The%20Shadow%20Falls%20%28World%29.zip" size="1893004"/>		<plot>Double Dragon is back and better than ever! Featuring 12 BIG, lightning fast characters! Four to six special moves for each fighter, and you can set your own strength, defense and more! Customizable controls and three different fighting modes to choose from. Over 130 sound effects and HOT rock music tracks!</plot>		<genre>Action</genre>		<releasedate>04/01/1995</releasedate>		<nplayers>2</nplayers>		<boxart1>XmcWQiw.jpg</boxart1>		<boxart2>90knMhk.jpg</boxart2>		<snapshot1>dylYtur.jpg</snapshot1>		<snapshot2>uqA0fe0.jpg</snapshot2>		<snapshot3>atgUlOz.jpg</snapshot3>		<snapshot4>BinDkOK.jpg</snapshot4>		<snapshot5>JO7bb7L.jpg</snapshot5>		<snapshot6>pqNyQY4.jpg</snapshot6>		<snapshot7>gixQpTx.jpg</snapshot7>		<snapshot8>cadnJn4.jpg</snapshot8>		<banner1>6AhJWIR.jpg</banner1>	</game>	<game name="Dragon - The Bruce Lee Story (World)">		<description>Dragon - The Bruce Lee Story (World)</description>		<system>Atari - Jaguar</system>		<rom name="Atari%20-%20Jaguar%2FDragon%20-%20The%20Bruce%20Lee%20Story%20%28World%29.zip" size="1853559"/>		<plot>Dragon: The Bruce Lee Story is a action/fighting game in which you play Bruce Lee, the infamous martial arts master.[CR]As you go through the different levels, the game follows the format of the 1993 Universal movie of the same name, but is not identical to it.[CR]As Bruce Lee, you can perform a wide variety of high-flying martial arts moves, roundhouse kicks, flying kicks, flying chops and throws. Defeat a multitude of new opponents and build up your Chi in order to gain special abilities and weapons.</plot>		<genre>Fighting</genre>		<releasedate>11/01/1994</releasedate>		<nplayers>1-2 Sim</nplayers>		<fanart1>7k7rqW4.jpg</fanart1>		<boxart1>f1oPCoW.jpg</boxart1>		<boxart2>8xRdVBY.jpg</boxart2>		<boxart3>Uz74Gzg.jpg</boxart3>		<boxart4>sRucXMW.jpg</boxart4>		<snapshot1>NFGXbgr.jpg</snapshot1>		<snapshot2>8EKxovr.jpg</snapshot2>		<snapshot3>JxN26Wl.jpg</snapshot3>		<snapshot4>Exld8Ea.jpg</snapshot4>		<snapshot5>U9FHWt0.jpg</snapshot5>		<snapshot6>snc70oq.jpg</snapshot6>		<snapshot7>urrSbOx.jpg</snapshot7>		<snapshot8>8BqhmVD.jpg</snapshot8>		<snapshot9>JyL5tKe.jpg</snapshot9>		<banner1>B9tYkrl.jpg</banner1>	</game>	<game name="Evolution - Dino Dudes (World)">		<description>Evolution - Dino Dudes (World)</description>		<system>Atari - Jaguar</system>		<rom name="Atari%20-%20Jaguar%2FEvolution%20-%20Dino%20Dudes%20%28World%29.zip" size="2043021"/>		<plot>The gameplay of The Humans has similarities to Lode Runner and Lemmings. Your job in this action puzzler is to help prehistoric man to evolve by helping them discover tools, the wheel, weapons, or even fire. Each level in the game will have a given task to help in this, and you are allotted a number of characters who must accomplish the task. The player can switch from person to person while moving the characters around each scrolling puzzle, and teamwork is essential to success.</plot>		<genre>Action</genre>		<releasedate>01/01/1994</releasedate>		<nplayers>1-2 Sim</nplayers>		<boxart1>V6MODos.jpg</boxart1>		<boxart2>8xRdVBY.jpg</boxart2>		<boxart3>FyzSZiS.jpg</boxart3>		<boxart4>sRucXMW.jpg</boxart4>		<snapshot1>NFGXbgr.jpg</snapshot1>		<snapshot2>8EKxovr.jpg</snapshot2>		<snapshot3>JxN26Wl.jpg</snapshot3>		<snapshot4>Exld8Ea.jpg</snapshot4>		<snapshot5>U9FHWt0.jpg</snapshot5>		<snapshot6>snc70oq.jpg</snapshot6>		<snapshot7>urrSbOx.jpg</snapshot7>		<snapshot8>8BqhmVD.jpg</snapshot8>		<snapshot9>JyL5tKe.jpg</snapshot9>		<banner1>8FDJPxh.jpg</banner1>	</game>	<game name="Fever Pitch Soccer (World) (En,Fr,De,Es,It)">		<description>Fever Pitch Soccer (World) (En,Fr,De,Es,It)</description>		<system>Atari - Jaguar</system>		<rom name="Atari%20-%20Jaguar%2FFever%20Pitch%20Soccer%20%28World%29%20%28En%2CFr%2CDe%2CEs%2CIt%29.zip" size="1569448"/>		<plot>In this isometric football game, 50 national teams are represented to play in two game modes: Exhibition and Tournament (a series of seven games on four continents, with a final against the World All-Stars), with the ability to set time, difficulty level, see cutscenes after goals and if players are free to kick each other around without (many) fouls.[CR]While the game seems short-featured for 1995 standards, the tournament mode includes a twist: depending on how well the player defeats his opponents, he can trade his &quot;standard players&quot;, who won't do anything spectacular (but at least fill up the ranks) for star players, who not only look different, are able to cross and backheel the ball but also have a unique ability at the disposal of the player.</plot>		<genre>Sports</genre>		<releasedate>12/01/1995</releasedate>		<nplayers>1-2 Sim</nplayers>		<boxart1>2zorSIe.jpg</boxart1>		<boxart2>8xRdVBY.jpg</boxart2>		<boxart3>utO6YJr.jpg</boxart3>		<boxart4>sRucXMW.jpg</boxart4>		<snapshot1>NFGXbgr.jpg</snapshot1>		<snapshot2>8EKxovr.jpg</snapshot2>		<snapshot3>JxN26Wl.jpg</snapshot3>		<snapshot4>Exld8Ea.jpg</snapshot4>		<snapshot5>U9FHWt0.jpg</snapshot5>		<snapshot6>snc70oq.jpg</snapshot6>		<snapshot7>urrSbOx.jpg</snapshot7>		<snapshot8>8BqhmVD.jpg</snapshot8>		<snapshot9>JyL5tKe.jpg</snapshot9>		<banner1>ADuqNqb.jpg</banner1>	</game>	<game name="Fight for Life (World) (Alt 1)">		<description>Fight for Life (World) (Alt 1)</description>		<system>Atari - Jaguar</system>		<rom name="Atari%20-%20Jaguar%2FFight%20for%20Life%20%28World%29%20%28Alt%201%29.zip" size="2654447"/>		<plot>Life in the afterlife can be a nightmare for anybody -- especially if real life was a mess. In the Spectre Zone, eight people compete in the annual Hell Fighting Tournament for the amusement of the Gatekeeper. The prize is a second chance at life! Defeat each opponent and steal two of their special fighting moves to prepare for the final challenge -- a battle against the son of the devil himself. Show no mercy. There will be only one victor, only one new life... it must be yours!</plot>		<genre>Action</genre>		<releasedate>01/01/1996</releasedate>		<nplayers>2</nplayers>		<boxart1>k130Gd7.jpg</boxart1>		<boxart2>w1dkRqI.jpg</boxart2>		<boxart3>QyZTBay.jpg</boxart3>		<boxart4>viqorDZ.jpg</boxart4>		<snapshot1>tQa5RXE.jpg</snapshot1>		<snapshot2>Z6EANfs.jpg</snapshot2>		<snapshot3>F66GYjd.jpg</snapshot3>		<snapshot4>WnHQzTd.jpg</snapshot4>		<snapshot5>JXiu4F6.jpg</snapshot5>		<snapshot6>A4qhsy0.jpg</snapshot6>		<snapshot7>NeCJRoA.jpg</snapshot7>		<snapshot8>zRLwjpC.jpg</snapshot8>		<snapshot9>yc7F4nM.jpg</snapshot9>		<snapshot10>Gy5hn9W.jpg</snapshot10>		<banner1>MttgMxq.jpg</banner1>	</game>	<game name="Fight for Life (World)">		<description>Fight for Life (World)</description>		<system>Atari - Jaguar</system>		<rom name="Atari%20-%20Jaguar%2FFight%20for%20Life%20%28World%29.zip" size="2654431"/>		<plot>Life in the afterlife can be a nightmare for anybody -- especially if real life was a mess. In the Spectre Zone, eight people compete in the annual Hell Fighting Tournament for the amusement of the Gatekeeper. The prize is a second chance at life! Defeat each opponent and steal two of their special fighting moves to prepare for the final challenge -- a battle against the son of the devil himself. Show no mercy. There will be only one victor, only one new life... it must be yours!</plot>		<genre>Action</genre>		<releasedate>01/01/1996</releasedate>		<nplayers>2</nplayers>		<boxart1>k130Gd7.jpg</boxart1>		<boxart2>w1dkRqI.jpg</boxart2>		<boxart3>QyZTBay.jpg</boxart3>		<boxart4>viqorDZ.jpg</boxart4>		<snapshot1>tQa5RXE.jpg</snapshot1>		<snapshot2>Z6EANfs.jpg</snapshot2>		<snapshot3>F66GYjd.jpg</snapshot3>		<snapshot4>WnHQzTd.jpg</snapshot4>		<snapshot5>JXiu4F6.jpg</snapshot5>		<snapshot6>A4qhsy0.jpg</snapshot6>		<snapshot7>NeCJRoA.jpg</snapshot7>		<snapshot8>zRLwjpC.jpg</snapshot8>		<snapshot9>yc7F4nM.jpg</snapshot9>		<snapshot10>Gy5hn9W.jpg</snapshot10>		<banner1>MttgMxq.jpg</banner1>	</game>	<game name="Flashback - The Quest for Identity (World) (En,Fr)">		<description>Flashback - The Quest for Identity (World) (En,Fr)</description>		<system>Atari - Jaguar</system>		<rom name="Atari%20-%20Jaguar%2FFlashback%20-%20The%20Quest%20for%20Identity%20%28World%29%20%28En%2CFr%29.zip" size="1356663"/>		<plot>Flashback is a platform action adventure. You navigate Conrad over the platforms, performing various moves. You can simply jump or do a longer run-and-jump, run, climb, hang off ledges, and pick up objects lying on the ground. To defend yourself, you shoot enemies with your gun and also use various objects (such as stones) to harm or to distract them.</plot>		<genre>Adventure</genre>		<releasedate>07/01/1995</releasedate>		<nplayers>1</nplayers>		<boxart1>nwsAPrU.jpg</boxart1>		<boxart2>XbxK7Q0.jpg</boxart2>		<boxart3>Odjfhlj.jpg</boxart3>		<boxart4>lbf0LZI.jpg</boxart4>		<snapshot1>am3ipXQ.jpg</snapshot1>		<snapshot2>Ugohyon.jpg</snapshot2>		<snapshot3>Fn8TwYp.jpg</snapshot3>		<snapshot4>umjtrC1.jpg</snapshot4>		<snapshot5>En4MMGY.jpg</snapshot5>		<snapshot6>y4ytbIg.jpg</snapshot6>		<snapshot7>5PWiXS4.jpg</snapshot7>		<snapshot8>r5d1a3a.jpg</snapshot8>		<clearlogo1>KJpd9RI.png</clearlogo1>	</game>	<game name="Flip Out! (World)">		<description>Flip Out! (World)</description>		<system>Atari - Jaguar</system>		<rom name="Atari%20-%20Jaguar%2FFlip%20Out%21%20%28World%29.zip" size="3525962"/>		<plot>Congratulations Earthling! The Citizens of Planet Phrohmaj have invited you to join their Great Tile Flipping Festival, an honor of the highest sort. Tile flipping influences their customs, their eating habits, and even their vacations. Solve maddening puzzles while watching for the mishievous aliens who think confusing you is part of the fun. If they weren't so cute you'd wring their necks...if they had them.</plot>		<genre>Strategy</genre>		<releasedate>01/01/1995</releasedate>		<nplayers>1</nplayers>		<boxart1>6WPurg3.jpg</boxart1>		<boxart2>wFIOgi6.jpg</boxart2>		<boxart3>1zWx3hh.jpg</boxart3>		<boxart4>w3cS38U.jpg</boxart4>		<snapshot1>Aj4FlTi.jpg</snapshot1>		<snapshot2>4UCWHMY.jpg</snapshot2>		<snapshot3>cqvihEj.jpg</snapshot3>		<snapshot4>LqaNFFY.jpg</snapshot4>		<snapshot5>tDeygAD.jpg</snapshot5>		<snapshot6>vx0K5xa.jpg</snapshot6>		<snapshot7>xj7roFD.jpg</snapshot7>		<snapshot8>lgEK4An.jpg</snapshot8>		<snapshot9>hGHvhMK.jpg</snapshot9>		<snapshot10>hIJFG4V.jpg</snapshot10>		<banner1>FHOcFhM.jpg</banner1>	</game>	<game name="Hover Strike (World)">		<description>Hover Strike (World)</description>		<system>Atari - Jaguar</system>		<rom name="Atari%20-%20Jaguar%2FHover%20Strike%20%28World%29.zip" size="1429614"/>		<plot>Terrakian Pirates have taken over a colonized planet under Federation control. They've set up an atmospheric cannon, making invasion impossible. Your job, as a hovercraft pilot, is to launch a pre-emptive strike on the planet's surface.[CR]Hover Strike for the Jaguar is a mission-based tank game. In each mission, you will drop to the surface of the planet, destroy some targets, and then return to your ship in orbit. The hovercraft you pilot is heavily armored and includes various weapons systems to take out enemies and targets.</plot>		<genre>Action</genre>		<releasedate>01/01/1995</releasedate>		<nplayers>1-2 Sim</nplayers>		<boxart1>7LoPYUi.jpg</boxart1>		<boxart2>SfepC94.jpg</boxart2>		<boxart3>pgMDfYQ.jpg</boxart3>		<snapshot1>c5VkebY.jpg</snapshot1>		<snapshot2>yGKJotd.jpg</snapshot2>		<snapshot3>Oz3tkCu.jpg</snapshot3>		<snapshot4>quUBxBc.jpg</snapshot4>		<snapshot5>rv4Bhjk.jpg</snapshot5>		<snapshot6>64deThA.jpg</snapshot6>		<snapshot7>EXyVAcK.jpg</snapshot7>		<snapshot8>2TqkiLB.jpg</snapshot8>		<snapshot9>UUNQGMe.jpg</snapshot9>	</game>	<game name="Hyper Force (World)">		<description>Hyper Force (World)</description>		<system>Atari - Jaguar</system>		<rom name="Atari%20-%20Jaguar%2FHyper%20Force%20%28World%29.zip" size="1765903"/>		<plot>HyperForce is an action sci-fi platform game with 2D graphics. You play a warrior who has been sent to destroy Trans Con, a deadly outfit that plans to attack Terran.There is plenty of fighting to do - shooting soldiers, security drones and robots. You'll also be avoiding traps, finding switches to open doors and shooting down breakable walls to find hidden areas with goodies and bonus points. In between levels, spend the money you've found to upgrade your weapon by visiting a shopkeeper.Exploration is a major part of the game, so the levels can be larger than they first appear.</plot>		<genre>Action</genre>		<releasedate>01/01/2000</releasedate>		<nplayers>1</nplayers>		<boxart1>jMobS7O.jpg</boxart1>	</game>	<game name="I-War (World)">		<description>I-War (World)</description>		<system>Atari - Jaguar</system>		<rom name="Atari%20-%20Jaguar%2FI-War%20%28World%29.zip" size="1816866"/>		<plot>The giant supercomputer that controls the world's information has been infected with viruses.  You must enter the virtual world known as the I-Way, and clear them out with your anti-virus tank.I-War is a 3D virtual reality tank game.  In each of the 21 levels, you must find all the data pods and make your way to the exit. Enemy tanks, turrets, and bombers stand in your way, as well as occasional traps or locked doors controlled by hidden switches. Levels are divided into simple, enclosed rooms, linearly connected by one-way teleporters.You can select a fast, medium, or heavy tank at the beginning of the game, with its abilities reflected in the strength of its guns or the amount of punishment it can absorb. Throughout the game, you will also find weapon power-ups and tank upgrades (such as shields, radar, and auto-targeting) to help you stay effective against the increasing numbers of enemy defenders. You can save your progress to the cart at the end of each level.Between levels are bonus rounds where you pilot your tank through a corridor and try to collect a set percentage of data pods. Meeting that percentage earns you an extra life.</plot>		<genre>Action</genre>		<releasedate>01/01/1995</releasedate>		<nplayers>1-2 Sim</nplayers>		<boxart1>cVfEh5g.jpg</boxart1>		<boxart2>ckG2sMT.jpg</boxart2>		<snapshot1>eYej5Oz.jpg</snapshot1>		<snapshot2>x0OqaZl.jpg</snapshot2>		<snapshot3>xkVU2Uu.jpg</snapshot3>		<snapshot4>fxeNo76.jpg</snapshot4>		<snapshot5>dSljmsh.jpg</snapshot5>		<snapshot6>BPoc0UO.jpg</snapshot6>		<snapshot7>F300ubV.jpg</snapshot7>		<snapshot8>ks7emjs.jpg</snapshot8>	</game>	<game name="Iron Soldier (World) (v1.04)">		<description>Iron Soldier (World) (v1.04)</description>		<system>Atari - Jaguar</system>		<rom name="Atari%20-%20Jaguar%2FIron%20Soldier%20%28World%29%20%28v1.04%29.zip" size="1756143"/>		<plot>It is the future, and the earth has been covered with wastelands and cities.  The powerful, faceless Iron First Corporation has replaced the last forms of free government.  Now, they are developing a new, 42-foot, armed robot known as the Iron Soldier.  With the Iron Soldier, no one will be able to stop the Iron First Corporation.  The only hope is the Resistance, a group that has managed to capture one of the Iron Soldier prototypes.  You are a pilot for the Resistance.  It's up to you to pilot the robot and bring down the Iron Fist.Iron Soldier is a mech sim played from an in-cockpit view.  There are 16 single player missions.  Objectives involve taking out certain targets, defending convoys, collecting items, and so on.</plot>		<genre>Action, Simulation</genre>		<releasedate>01/01/1994</releasedate>		<nplayers>1</nplayers>		<boxart1>niaql85.jpg</boxart1>		<boxart2>OV4zLSE.jpg</boxart2>		<boxart3>5pUSaP7.jpg</boxart3>		<boxart4>7WPENND.jpg</boxart4>		<boxart5>Fdd0nMF.jpg</boxart5>		<snapshot1>j8YotWq.jpg</snapshot1>		<snapshot2>jBfakzD.jpg</snapshot2>		<snapshot3>NVPRlFj.jpg</snapshot3>		<snapshot4>qHOSpRJ.jpg</snapshot4>		<snapshot5>oL2lRrw.jpg</snapshot5>		<snapshot6>1eGHEeo.jpg</snapshot6>		<snapshot7>5bLO7ci.jpg</snapshot7>		<snapshot8>nv03kwv.jpg</snapshot8>		<snapshot9>f2LtxkR.jpg</snapshot9>		<banner1>m8Vektj.jpg</banner1>	</game>	<game name="Iron Soldier 2 (World)">		<description>Iron Soldier 2 (World)</description>		<system>Atari - Jaguar</system>		<rom name="Atari%20-%20Jaguar%2FIron%20Soldier%202%20%28World%29.zip" size="1664645"/>		<plot>Iron Soldier 2 is a first-person 3D giant mech game. Players must pilot their building-sized robots in a variety of missions ranging from search-and-destroy to surgical attacks to defending objectives. Starting with a limited set of weapons, players can collect more armaments throughout the game. Each weapon can be mounted on a certain part of the robot's body, but once mounted, no other weapons can be placed there. So, while there is a wide range of weapon configurations, not every weapon can be combined with others. Players can destroy buildings in levels to find crates containing new weapons and extra ammunition for current weapons.</plot>		<genre>Action</genre>		<releasedate>05/27/1997</releasedate>		<nplayers>1</nplayers>		<fanart1>qxHcUR1.jpg</fanart1>		<boxart1>ACt2STM.jpg</boxart1>		<boxart2>Njp3hLB.jpg</boxart2>		<boxart3>MAox9RO.jpg</boxart3>		<boxart4>lifb8MC.jpg</boxart4>		<snapshot1>72ALlFD.jpg</snapshot1>		<snapshot2>PODFlWH.jpg</snapshot2>		<snapshot3>RJYHvwt.jpg</snapshot3>		<snapshot4>KfdaFs8.jpg</snapshot4>		<snapshot5>rqTK18a.jpg</snapshot5>		<snapshot6>Oe1eFsO.jpg</snapshot6>		<snapshot7>xYLesdo.jpg</snapshot7>		<snapshot8>rqzti4C.jpg</snapshot8>		<snapshot9>QTYzkIu.jpg</snapshot9>		<snapshot10>hmLMj2b.jpg</snapshot10>	</game>	<game name="Kasumi Ninja (World)">		<description>Kasumi Ninja (World)</description>		<system>Atari - Jaguar</system>		<rom name="Atari%20-%20Jaguar%2FKasumi%20Ninja%20%28World%29.zip" size="3553911"/>		<plot>On the tiny island of Kasumi, there exists a portal between this world and the Netherworld.  For many centuries, this portal has been kept closed by the balance between good and evil forces.  Now, the dark ninja lord Gyaku has defeated the forces of good, and opened the portal to the netherworld.  It is up to you, a Kasumi ninja, to stop Gyaku and restore balance to the world.Kasumi Ninja is a one-on-one fighting game featuring digitized character graphics.  There are 8 fighters for you to choose from, each with their own fighting environments.</plot>		<genre>Action</genre>		<releasedate>01/01/1994</releasedate>		<nplayers>1-2 Sim</nplayers>		<boxart1>Ori8QH8.jpg</boxart1>		<boxart2>d3FovKc.jpg</boxart2>		<boxart3>D8Vlm6v.jpg</boxart3>		<boxart4>rh0nnHd.jpg</boxart4>		<boxart5>IIHxfjn.jpg</boxart5>		<snapshot1>ACVqa7e.jpg</snapshot1>		<snapshot2>zn5I5Ow.jpg</snapshot2>		<snapshot3>EiR5Sxo.jpg</snapshot3>		<snapshot4>E3CghLz.jpg</snapshot4>		<snapshot5>NFPZIsF.jpg</snapshot5>		<snapshot6>vtebgE4.jpg</snapshot6>		<snapshot7>H8fAFux.jpg</snapshot7>		<snapshot8>B8Jht1N.jpg</snapshot8>		<banner1>K9Yg5rW.jpg</banner1>	</game>	<game name="Missile Command 3D (World)">		<description>Missile Command 3D (World)</description>		<system>Atari - Jaguar</system>		<rom name="Atari%20-%20Jaguar%2FMissile%20Command%203D%20%28World%29.zip" size="1951657"/>		<plot>Missile Command 3D is an update to the classic Atari arcade game. The goal in Missile Command is to defend your cities against an onslaught of missiles coming from the sky. Your arsenal consists of three anti-missile flak cannons. You have to position the anti-missile clouds in the path of the incoming missiles to stop them from impacting.[CR]This Jaguar game has 3 modes. First, there is a port of the original arcade game. There are neat extras for this mode like graphic backdrops and the ability to resize or scale the screen. The second mode is Missile Command 3D. This mode retains the gameplay of the original, but adds 3D graphics to the mix. The final mode, Virtual Missile Command, changes things up quite a lot. Instead of anti-missile flak, your cannons shoot lasers. This means you don't need to lead your targets anymore. You play the game from a first-person perspective, and must switch between the three cannons via buttons on the keypad. There are nine levels in this mode, each with a boss at the end.</plot>		<genre>Action</genre>		<releasedate>01/01/1995</releasedate>		<nplayers>1</nplayers>		<boxart1>TlS6BVn.jpg</boxart1>		<boxart2>GrYp9v7.jpg</boxart2>		<boxart3>xAwfxbY.jpg</boxart3>		<snapshot1>DonEtIR.jpg</snapshot1>		<snapshot2>ofWtOb1.jpg</snapshot2>		<snapshot3>jrmb61z.jpg</snapshot3>		<snapshot4>3sqRTnU.jpg</snapshot4>		<snapshot5>cLq9gTs.jpg</snapshot5>		<snapshot6>KTdsdBk.jpg</snapshot6>		<snapshot7>zOVng5a.jpg</snapshot7>		<snapshot8>o6tpdi5.jpg</snapshot8>		<snapshot9>iX35N1r.jpg</snapshot9>		<snapshot10>1bqJKTE.jpg</snapshot10>	</game>	<game name="NBA Jam - Tournament Edition (World)">		<description>NBA Jam - Tournament Edition (World)</description>		<system>Atari - Jaguar</system>		<rom name="Atari%20-%20Jaguar%2FNBA%20Jam%20-%20Tournament%20Edition%20%28World%29.zip" size="3016926"/>		<plot>Your state-of-the-art system demands a state-of-the-art NBA JAM TE -- and this is it! Arcade-quality player scaling! Updated player rosters! Want more? We've got all-new secret characters! Monster-jamming stereo music and authentic arcade sound F/X -- including voice calls for individual players!</plot>		<genre>Sports</genre>		<releasedate>01/01/1996</releasedate>		<nplayers>1-4 Sim</nplayers>		<fanart1>Uvzu9uQ.jpg</fanart1>		<boxart1>7gEb7pW.jpg</boxart1>		<boxart2>6xoKdIx.jpg</boxart2>		<boxart3>l7UjOMh.jpg</boxart3>		<boxart4>R9vpAoA.jpg</boxart4>		<snapshot1>j4ASIUT.jpg</snapshot1>		<snapshot2>xDAeIM8.jpg</snapshot2>		<snapshot3>6Cd81j3.jpg</snapshot3>		<snapshot4>HSm6eMd.jpg</snapshot4>		<snapshot5>2GwPcf9.jpg</snapshot5>		<snapshot6>wCGJNnw.jpg</snapshot6>		<snapshot7>TThLDrJ.jpg</snapshot7>		<snapshot8>QZ1p7dB.jpg</snapshot8>		<snapshot9>wNAeJjp.jpg</snapshot9>		<snapshot10>8CxP0rS.jpg</snapshot10>		<banner1>F7jQ8Vk.jpg</banner1>		<clearlogo1>naA3EKp.png</clearlogo1>	</game>	<game name="Pinball Fantasies (World)">		<description>Pinball Fantasies (World)</description>		<system>Atari - Jaguar</system>		<rom name="Atari%20-%20Jaguar%2FPinball%20Fantasies%20%28World%29.zip" size="1732456"/>		<plot>Turn your Jaguar into the ultimate amusement arcade with Pinball Fantasies - the greatest pinball simulator ever. This classic game offers four scorchingly addictive tables with the most realistic ball movement you'll ever seen in a video game. If you're looking for instant playability, speed and excitement, Pinball Fantasies is the game for you.</plot>		<genre>Action</genre>		<releasedate>06/01/1995</releasedate>		<nplayers>1-8 Sim</nplayers>		<fanart1>itHrECs.jpg</fanart1>		<boxart1>b6eDUzZ.jpg</boxart1>		<boxart2>DjAxBms.jpg</boxart2>		<boxart3>xDyvcu3.jpg</boxart3>		<boxart4>qT9q5J7.jpg</boxart4>		<snapshot1>mMYtyxl.jpg</snapshot1>		<snapshot2>k3sguzR.jpg</snapshot2>		<snapshot3>Vq7qt19.jpg</snapshot3>		<snapshot4>M00tkO1.jpg</snapshot4>		<snapshot5>pJ3LfmH.jpg</snapshot5>		<snapshot6>foAvD8c.jpg</snapshot6>		<snapshot7>MwxamZc.jpg</snapshot7>		<snapshot8>lF8PEKx.jpg</snapshot8>		<snapshot9>yH7Arfs.jpg</snapshot9>		<snapshot10>fGVkWdn.jpg</snapshot10>		<banner1>nah3gIp.jpg</banner1>		<clearlogo1>4MM5Lbp.png</clearlogo1>	</game>	<game name="Pitfall - The Mayan Adventure (World)">		<description>Pitfall - The Mayan Adventure (World)</description>		<system>Atari - Jaguar</system>		<rom name="Atari%20-%20Jaguar%2FPitfall%20-%20The%20Mayan%20Adventure%20%28World%29.zip" size="2233531"/>		<plot>Pitfall Harry has been captured by the dreaded warrior spirit, Zakelua: Lord of Evil. You, young Harry Jr., must venture into the unknown, armed with only your trusty sling and your father's journal, to attempt his rescue. Keep your eyes peeled for objects that might help you as you sneak through the Mayan jungle.</plot>		<genre>Action</genre>		<releasedate>10/01/1995</releasedate>		<nplayers>1</nplayers>		<videoid>bwdaJKVGJNo</videoid>		<boxart1>7BGyruS.jpg</boxart1>		<boxart2>eyYuWqA.jpg</boxart2>		<boxart3>T01EtsX.jpg</boxart3>		<boxart4>FK17OPP.jpg</boxart4>		<boxart5>Q4Y1eL3.jpg</boxart5>		<snapshot1>lsoTfms.jpg</snapshot1>		<snapshot2>KJsi5C2.jpg</snapshot2>		<snapshot3>TPl2kev.jpg</snapshot3>		<snapshot4>n2bg3x6.jpg</snapshot4>		<snapshot5>uOfabVy.jpg</snapshot5>		<snapshot6>xeg6Bt4.jpg</snapshot6>		<banner1>Btj4gc9.jpg</banner1>	</game>	<game name="Power Drive Rally (World)">		<description>Power Drive Rally (World)</description>		<system>Atari - Jaguar</system>		<rom name="Atari%20-%20Jaguar%2FPower%20Drive%20Rally%20%28World%29.zip" size="1986616"/>		<plot>Fueled by a nitro-burning, 64-bit graphics engine, PowerDrive Rally delivers the sights, sounds and the chaotic intensity of pure Rally racing. You'll actually see the skid marks and icicles fly as you tear across the Italian countryside. Hear the gears grind and your navigator sneer as you rip through the Arizona desert. Feel the heart palpitations and adrenaline overload as you bury the needle along the dust-choked African plains.</plot>		<genre>Racing, Driving</genre>		<releasedate>01/01/1995</releasedate>		<nplayers>1-8 Sim</nplayers>		<boxart1>mriCGrO.jpg</boxart1>		<boxart2>oRFV34H.jpg</boxart2>		<boxart3>8C64pBI.jpg</boxart3>		<snapshot1>he3AmoE.jpg</snapshot1>		<snapshot2>YiS93Nr.jpg</snapshot2>		<snapshot3>c7p3ozv.jpg</snapshot3>		<snapshot4>miz1AFt.jpg</snapshot4>		<snapshot5>0nJWISu.jpg</snapshot5>		<snapshot6>8Ia06TE.jpg</snapshot6>		<snapshot7>h6VOqQL.jpg</snapshot7>		<snapshot8>cbD6KFs.jpg</snapshot8>	</game>	<game name="Protector - Special Edition (World)">		<description>Protector - Special Edition (World)</description>		<system>Atari - Jaguar</system>		<rom name="Atari%20-%20Jaguar%2FProtector%20-%20Special%20Edition%20%28World%29.zip" size="1239936"/>		<plot>Protector SE is an update of Songbird's earlier Protector, which shares many similarities to Defender. The Special Edition version includes many improvements over the original game, including new waves, new enemies, new landscapes, gameplay enhancements, and more. Please visit the Protector SE Page at Songbird Productions for more information.</plot>		<genre>Racing, Driving</genre>		<releasedate>01/01/1995</releasedate>		<nplayers>2</nplayers>		<boxart1>O5rc5yA.jpg</boxart1>		<boxart2>8C64pBI.jpg</boxart2>		<snapshot1>he3AmoE.jpg</snapshot1>		<snapshot2>YiS93Nr.jpg</snapshot2>		<snapshot3>c7p3ozv.jpg</snapshot3>		<snapshot4>miz1AFt.jpg</snapshot4>		<snapshot5>0nJWISu.jpg</snapshot5>		<snapshot6>8Ia06TE.jpg</snapshot6>		<snapshot7>h6VOqQL.jpg</snapshot7>		<snapshot8>cbD6KFs.jpg</snapshot8>	</game>	<game name="Raiden (World)">		<description>Raiden (World)</description>		<system>Atari - Jaguar</system>		<rom name="Atari%20-%20Jaguar%2FRaiden%20%28World%29.zip" size="1863873"/>		<plot>Mother Earth has fallen to deranged aliens. Now, as pilot of the Raiden Supersonic Attack Fighter, you must rip through enemy lines and mount a daring counterattack...in Raiden, the ultimate arcade game conversion. Showcasing the Atari Jaguar's 64-bit capabilities, Raiden enhances the vertical-shooter excitement of an all-time arcade favorite with brilliant sounds and exceptional speed and motion.</plot>		<genre>Action, Shooter</genre>		<releasedate>01/01/1994</releasedate>		<nplayers>1-2 Sim</nplayers>		<boxart1>kYaPMss.jpg</boxart1>		<boxart2>2uuSQW2.jpg</boxart2>		<boxart3>fri216n.jpg</boxart3>		<boxart4>a9vl3Fb.jpg</boxart4>		<boxart5>NwzSUAy.jpg</boxart5>		<snapshot1>pOxcyKb.jpg</snapshot1>		<snapshot2>VFPC84G.jpg</snapshot2>		<snapshot3>AjwljdN.jpg</snapshot3>		<snapshot4>QynbnaH.jpg</snapshot4>		<snapshot5>M9UvQCH.jpg</snapshot5>		<snapshot6>tu0PeCR.jpg</snapshot6>		<snapshot7>zWEns2G.jpg</snapshot7>		<banner1>dttewmV.jpg</banner1>		<clearlogo1>Auc4CBq.png</clearlogo1>	</game>	<game name="Rayman (World)">		<description>Rayman (World)</description>		<system>Atari - Jaguar</system>		<rom name="Atari%20-%20Jaguar%2FRayman%20%28World%29.zip" size="3418561"/>		<plot>Rayman is side-scrolling platformer starring the titular Rayman, a big-nosed chap with no arms or legs. Rayman can jump and use his hair to hover for a short period of time. He can also attack by throwing his fists, or winding up his fists for a more powerful punch. He can occasionally find special power ups that grant him unlimited flying power, giving him the ability to navigate through tricky mazes.</plot>		<genre>Platform</genre>		<releasedate>09/08/1995</releasedate>		<nplayers>1</nplayers>		<boxart1>xrTXMp6.jpg</boxart1>		<boxart2>yDWdNQP.jpg</boxart2>		<boxart3>2vLFx6a.jpg</boxart3>		<boxart4>iRsd4nj.jpg</boxart4>		<snapshot1>iZO9QYn.jpg</snapshot1>		<snapshot2>2A0AoAS.jpg</snapshot2>		<snapshot3>nar8o2E.jpg</snapshot3>		<snapshot4>D07JDtb.jpg</snapshot4>		<snapshot5>m9VIyt6.jpg</snapshot5>		<snapshot6>EEZLsce.jpg</snapshot6>		<snapshot7>d5M4nil.jpg</snapshot7>		<snapshot8>YKlfBKj.jpg</snapshot8>		<snapshot9>PSNxjs3.jpg</snapshot9>		<snapshot10>FtYF8Rt.jpg</snapshot10>		<banner1>ZnexMoI.jpg</banner1>		<clearlogo1>AC3hDYX.png</clearlogo1>	</game>	<game name="Ruiner Pinball (World)">		<description>Ruiner Pinball (World)</description>		<system>Atari - Jaguar</system>		<rom name="Atari%20-%20Jaguar%2FRuiner%20Pinball%20%28World%29.zip" size="1826797"/>		<plot>Ruiner Pinball is two fantastic games in one! In Ruiner, a double-wide table provides challenging gameplay and real classic arcade feel as you strive to defend your country from a foreign attack and prepare a strike of your own. In Tower, the triple-length table is so eerie you'll think you've descended into Hell. The Sorceress and her wicked minions are after you. Casting three spells will bring the tower crashing down, but can you figure them out before it's too late!</plot>		<genre>Action</genre>		<releasedate>01/01/1995</releasedate>		<nplayers>1-4</nplayers>		<boxart1>gLr7T9g.jpg</boxart1>		<boxart2>nlhij2u.jpg</boxart2>		<boxart3>GtOfpur.jpg</boxart3>		<boxart4>PyXhHHZ.jpg</boxart4>		<snapshot1>RSlivAr.jpg</snapshot1>		<snapshot2>RKsq53o.jpg</snapshot2>		<snapshot3>evySuq5.jpg</snapshot3>		<snapshot4>tR1KKSS.jpg</snapshot4>		<snapshot5>PSDf3KX.jpg</snapshot5>		<snapshot6>Rx8IYAe.jpg</snapshot6>		<snapshot7>zFs3hmS.jpg</snapshot7>		<snapshot8>UurIgWs.jpg</snapshot8>		<snapshot9>aig6K4f.jpg</snapshot9>		<banner1>qJJWr6F.jpg</banner1>	</game>	<game name="Sensible Soccer - International Edition (World)">		<description>Sensible Soccer - International Edition (World)</description>		<system>Atari - Jaguar</system>		<rom name="Atari%20-%20Jaguar%2FSensible%20Soccer%20-%20International%20Edition%20%28World%29.zip" size="1236910"/>		<plot>Released alongside the 1994 World Cup, this was the first version of Sensible Soccer to feature teams from outside Europe. The World Cup tournament is featured in full, and you can adjust which 24 teams this features, a particularly crucial feature for English and French fans, as their nations failed to qualify. For the first time in the series an on-screen referee is featured. The club team data has been updated to take into account transfers and kit changes since the previous version. Gameplay is much the same as previous editions, being viewed from above with small sprites and loose ball control.</plot>		<genre>Sports</genre>		<releasedate>05/27/1994</releasedate>		<nplayers>2</nplayers>		<fanart1>UeqC2my.jpg</fanart1>		<boxart1>WtTbZfh.jpg</boxart1>		<boxart2>nI8Pwfy.jpg</boxart2>		<snapshot1>br4Ue31.jpg</snapshot1>		<snapshot2>6JFTaa6.jpg</snapshot2>		<snapshot3>Uuoh7s5.jpg</snapshot3>		<snapshot4>c8ZBoE9.jpg</snapshot4>		<snapshot5>DcKcJov.jpg</snapshot5>		<snapshot6>U6tc04u.jpg</snapshot6>		<snapshot7>NypS2Xu.jpg</snapshot7>	</game>	<game name="Skyhammer (World)">		<description>Skyhammer (World)</description>		<system>Atari - Jaguar</system>		<rom name="Atari%20-%20Jaguar%2FSkyhammer%20%28World%29.zip" size="3132721"/>		<plot>In a futuristic city, you are a mercenary pilot flying a helicopter-like craft in cyberspace. Hired by the large corporation Cytox, you are to defend its corporate holdings from those who seek to destroy all it has accomplished.[CR]The numerous missions involve flying to several large cities and hunting down the renegades who threaten them. You have a cockpit view of the city as you hunt down your enemies and dock at the Cyber Mart for repairs. As you destroy your enemies and complete missions, you can earn credits for buying more supplies, weapons and ship upgrades at the Cyber Mart.[CR]Play in Mission Mode or Battle Mode. To win the game, you must complete each mission successfully. The enemies become more tough as you progress through the &quot;levels&quot; of gameplay.</plot>		<genre>Action</genre>		<releasedate>01/01/2000</releasedate>		<nplayers>1</nplayers>		<boxart1>zOXnPhn.jpg</boxart1>		<boxart2>RT7wFHF.jpg</boxart2>		<boxart3>205CYgI.jpg</boxart3>		<boxart4>vDNh7Ss.jpg</boxart4>		<snapshot1>4hLiw0m.png</snapshot1>		<snapshot2>uUI4rlz.png</snapshot2>		<snapshot3>wdLAsIA.png</snapshot3>		<snapshot4>vOk6yGr.png</snapshot4>		<snapshot5>51mtB6b.png</snapshot5>		<snapshot6>7eRqyY6.jpg</snapshot6>		<snapshot7>a5tfAga.png</snapshot7>		<snapshot8>kxfYyOJ.png</snapshot8>		<snapshot9>j2GpMHa.png</snapshot9>		<snapshot10>15S7UhA.png</snapshot10>	</game>	<game name="Soccer Kid (World)">		<description>Soccer Kid (World)</description>		<system>Atari - Jaguar</system>		<rom name="Atari%20-%20Jaguar%2FSoccer%20Kid%20%28World%29.zip" size="1455030"/>		<plot>Aliens attempting to steal the World Cup have crashed as they tried to flee, and the Cup has been broken, its pieces scattered around the globe. As Soccer Kid, you must retrieve it. During your journey you will visit Britain, Italy, Russia, Japan, and finally the States.[CR]Soccer Kid is a platform game with some unique elements. As the name implies, you have to kill your enemies with your ball. Football-style tricks of keeping the ball in the air and under control are especially useful - headers and overhead kicks can be played with practice. You gain access to the pieces by collecting 11 Player Cards across each world.[CR]There is a saving feature that gives you the ability to save between each country (but not between individual levels).</plot>		<genre>Platform</genre>		<releasedate>01/01/2000</releasedate>		<nplayers>1</nplayers>		<boxart1>2FylyVU.jpg</boxart1>	</game>	<game name="Space War 2000 (World)">		<description>Space War 2000 (World)</description>		<system>Atari - Jaguar</system>		<rom name="Atari%20-%20Jaguar%2FSpace%20War%202000%20%28World%29.zip" size="872561"/>		<plot>As a space knight, you will vie for glory, honor, fame and fortune in this one- or two-player first-person perspective 3D jousting adventure. Procure multiple weapons anhd cool defensive items in your quest to rank with other valiant knights on the High Score Table.</plot>		<genre>Action</genre>		<releasedate>01/01/2000</releasedate>		<nplayers>1</nplayers>		<boxart1>5aIbdMg.jpg</boxart1>	</game>	<game name="Super Burnout (World)">		<description>Super Burnout (World)</description>		<system>Atari - Jaguar</system>		<rom name="Atari%20-%20Jaguar%2FSuper%20Burnout%20%28World%29.zip" size="2000709"/>		<plot>This game will get your adrenaline pumping and pin you to your seat with its 'G' force. As you lean into the first bend you'll feel like you're really there.</plot>		<genre>Racing, Driving</genre>		<releasedate>01/01/1995</releasedate>		<nplayers>1-2 Sim</nplayers>		<boxart1>TZpzw3s.jpg</boxart1>		<boxart2>0OC0S3e.jpg</boxart2>		<boxart3>UxF4St3.jpg</boxart3>		<boxart4>hhEOrGx.jpg</boxart4>		<boxart5>iAjLV6y.jpg</boxart5>		<snapshot1>NbzJi7h.jpg</snapshot1>		<snapshot2>F4rBXwu.jpg</snapshot2>		<snapshot3>FJdfYsv.jpg</snapshot3>		<snapshot4>akkFa04.jpg</snapshot4>		<snapshot5>3aiQoJL.jpg</snapshot5>		<snapshot6>xnbdxtT.jpg</snapshot6>		<snapshot7>GHzyRQG.jpg</snapshot7>		<snapshot8>F5DnaYO.jpg</snapshot8>		<snapshot9>nxyDqnJ.jpg</snapshot9>		<snapshot10>Rp2KRME.jpg</snapshot10>		<banner1>6clqD1p.jpg</banner1>	</game>	<game name="SuperCross 3D (World)">		<description>SuperCross 3D (World)</description>		<system>Atari - Jaguar</system>		<rom name="Atari%20-%20Jaguar%2FSuperCross%203D%20%28World%29.zip" size="1222881"/>		<plot>Supercross 3D brings the excitement of arena supercross racing to the Jaguar.  Not only do you get to race ahead of your competitors, you can catch big air on the huge jumps and perform a few tricks.There are three game modes: Practice, Single Race, and Tournament. In practice mode, you can race around any track for as long as you like.  In single race mode, you compete in one race against the computer.  Finally, in tournament mode, you compete in a series of races to accumulate points and become the Supercross champion.</plot>		<genre>Racing, Driving</genre>		<releasedate>12/01/1995</releasedate>		<nplayers>1</nplayers>		<boxart1>FfluUpn.jpg</boxart1>		<boxart2>47iQNr1.jpg</boxart2>		<boxart3>ZJiUQbC.jpg</boxart3>		<boxart4>JsTnfM0.jpg</boxart4>		<snapshot1>cZOfaPK.jpg</snapshot1>		<snapshot2>FC7fwhj.jpg</snapshot2>		<snapshot3>EIolEIm.jpg</snapshot3>		<snapshot4>CjhVNZ6.jpg</snapshot4>		<snapshot5>Vv9J36f.jpg</snapshot5>		<snapshot6>nfsd7CY.jpg</snapshot6>		<snapshot7>xSJv3no.jpg</snapshot7>		<banner1>qMKoSGi.jpg</banner1>	</game>	<game name="Syndicate (World)">		<description>Syndicate (World)</description>		<system>Atari - Jaguar</system>		<rom name="Atari%20-%20Jaguar%2FSyndicate%20%28World%29.zip" size="1700228"/>		<plot>A rival Syndicate has gained full control of the population via a mind-altering techno-drug known as the CHIP.[CR]You are an ambitious executive in the Syndicate, hand picked to lead a team of CHIP-induced Cyborg mercenaries on a quest to infiltrate and seize opposing Syndicate territories. Your mission: Assassinate, pillage, destroy, do whatever it takes to bring down competing Agents... before they unleash their bloody assault on you!</plot>		<genre>Action, Strategy</genre>		<releasedate>01/01/1995</releasedate>		<nplayers>1</nplayers>		<boxart1>qiXYY3x.jpg</boxart1>		<boxart2>fGyiywE.jpg</boxart2>		<boxart3>syAns24.jpg</boxart3>		<boxart4>XscVDgs.jpg</boxart4>		<boxart5>pYj13j1.jpg</boxart5>		<snapshot1>3Zv2ZXP.jpg</snapshot1>		<snapshot2>29RU7yn.jpg</snapshot2>		<snapshot3>KHbZT4q.jpg</snapshot3>		<snapshot4>ORkvsAx.jpg</snapshot4>		<snapshot5>Mqd6wd2.jpg</snapshot5>		<snapshot6>aGp8dZV.jpg</snapshot6>		<snapshot7>r9lpzIx.jpg</snapshot7>		<banner1>uwvUccT.jpg</banner1>		<clearlogo1>8hZxwB0.png</clearlogo1>	</game>	<game name="Tempest 2000 (World)">		<description>Tempest 2000 (World)</description>		<system>Atari - Jaguar</system>		<rom name="Atari%20-%20Jaguar%2FTempest%202000%20%28World%29.zip" size="1105987"/>		<plot>Turn out the lights, turn up the volume and prepare for a mind-blowing assault on the senses. Once your neurotransmitters get a taste of the hypnotic rhythms of 100% pure techno-rave, you'll be hooked...Unable to escape the rush of blasting Flippers and Demon Heads as enhanced 3D polygons, screaming particle displays and hyperdelic Melt-O-Vision graphics warp you into the ultraviolent 64th Dimension...</plot>		<genre>Action</genre>		<releasedate>04/01/1994</releasedate>		<nplayers>2</nplayers>		<boxart1>UVsqsTs.jpg</boxart1>		<boxart2>zZ4FCBI.jpg</boxart2>		<boxart3>GDuRADs.jpg</boxart3>		<boxart4>EGd1Yhg.jpg</boxart4>		<boxart5>8ROO3vU.jpg</boxart5>		<snapshot1>WZZyPUC.jpg</snapshot1>		<snapshot2>JwMXcAI.jpg</snapshot2>		<snapshot3>umvJ8ge.jpg</snapshot3>		<snapshot4>rUuIafn.jpg</snapshot4>		<snapshot5>sQng1fx.jpg</snapshot5>		<snapshot6>Gw7jScl.jpg</snapshot6>		<snapshot7>Ge9w6yn.jpg</snapshot7>		<snapshot8>wDJzzIl.jpg</snapshot8>		<snapshot9>LmFCKlh.jpg</snapshot9>		<banner1>wNJU3up.jpg</banner1>		<clearlogo1>oRHSf2V.png</clearlogo1>	</game>	<game name="Theme Park (World)">		<description>Theme Park (World)</description>		<system>Atari - Jaguar</system>		<rom name="Atari%20-%20Jaguar%2FTheme%20Park%20%28World%29.zip" size="1738197"/>		<plot>Now you're ready to design and operate your own amusement park. You choose the location, hire the staff, build and repair the rides, manage the cash flow, even decide how much salt to put on the french fries. But make your decisions wisely...there's nothing like a broken Ferris Wheel to turn your customers into an army of marciless vandals.</plot>		<genre>Strategy</genre>		<releasedate>03/01/1995</releasedate>		<nplayers>1</nplayers>		<boxart1>cQ2MwAK.jpg</boxart1>		<boxart2>E8RiGlJ.jpg</boxart2>		<boxart3>hTsdfRm.jpg</boxart3>		<boxart4>9qplsGl.jpg</boxart4>		<boxart5>jWJOVOE.jpg</boxart5>		<snapshot1>4Vb0JaZ.jpg</snapshot1>		<snapshot2>TgMkzxj.jpg</snapshot2>		<snapshot3>2R2tZNE.jpg</snapshot3>		<snapshot4>3aEnWka.jpg</snapshot4>		<snapshot5>Jye4C2M.jpg</snapshot5>		<snapshot6>dH9U2EI.jpg</snapshot6>		<snapshot7>zL1B9AB.jpg</snapshot7>	</game>	<game name="Total Carnage (World)">		<description>Total Carnage (World)</description>		<system>Atari - Jaguar</system>		<rom name="Atari%20-%20Jaguar%2FTotal%20Carnage%20%28World%29.zip" size="2590546"/>		<plot>Total Carnage is the classic arcade game originally ported by Hand Made Software and licensed from long-time game publisher Midway. One or two players assume the roles of Captain Carnage or Major Mayhem in a tongue-in-cheek frantic assault on the dastardly forces of General Ahkboob. There is an unending -- often overwhelming -- number of enemies pursuing the heroes at all times, but thankfully there are also many powerups, bombs, and even missile strikes to assist players in their quest. Player strive to rescue civilians and collect valuable items such as keys, dogtags, and more.[CR]Total Carnage was never commercially released, but is one of the most complete Jaguar prototypes to surface in recent years. Songbird Productions licensed Total Carnage from Midway Games and released the game in cartridge form (complete with box, manual and label) in 2005.</plot>		<genre>Action</genre>		<releasedate>01/01/2005</releasedate>		<nplayers>1-2 Sim</nplayers>		<boxart1>eDXsmV7.jpg</boxart1>		<boxart2>RG0OCs1.jpg</boxart2>		<boxart3>cBWGPS9.jpg</boxart3>	</game>	<game name="Towers II (World)">		<description>Towers II (World)</description>		<system>Atari - Jaguar</system>		<rom name="Atari%20-%20Jaguar%2FTowers%20II%20%28World%29.zip" size="1605350"/>		<plot>Become one of four different characters as you are immersed within the strange happenings in the mystical land of Lamini. You must uncover the secrets as you explore Daggan's tower. Many before you have tried, but none have returned. First person perspective, full screen smooth scrolling, talk to others, refer to maps, collect 100's of items, encounter 100's of creatures, experience challenges in combat and spell casting. Hours and hours of entertainment with appropriate save features.</plot>		<genre>Role-Playing</genre>		<releasedate>12/01/1996</releasedate>		<nplayers>1</nplayers>		<boxart1>WGvzPyB.jpg</boxart1>		<boxart2>RG0OCs1.jpg</boxart2>		<boxart3>LxVwl6O.jpg</boxart3>		<boxart4>cBWGPS9.jpg</boxart4>	</game>	<game name="Trevor McFur in the Crescent Galaxy (World)">		<description>Trevor McFur in the Crescent Galaxy (World)</description>		<system>Atari - Jaguar</system>		<rom name="Atari%20-%20Jaguar%2FTrevor%20McFur%20in%20the%20Crescent%20Galaxy%20%28World%29.zip" size="1681712"/>		<plot>The Crescent Galaxy has been attacked by an entity known as Odd-it. This creatures goal is to make everything odd, like it. You play Trevor McFur, a corporal in the Crescent Galaxy's chapter of the Interplanetary Defense squad and are sent in along with your feline partner Cutter to defeat Odd-it. The game is a side scrolling shooter featuring a wide variety of worlds and enemies to conquer. Throughout the game you can power your ship with newer and better weapons by shooting certain enemies and collecting the bonuses left behind.</plot>		<genre>Action</genre>		<releasedate>01/01/1993</releasedate>		<nplayers>1</nplayers>		<boxart1>WUbKERz.jpg</boxart1>		<boxart2>8UY5vno.jpg</boxart2>		<boxart3>OyX8KSy.jpg</boxart3>		<boxart4>zJqk1h3.jpg</boxart4>		<snapshot1>ipyvHVD.jpg</snapshot1>		<snapshot2>0YWDYjD.jpg</snapshot2>		<snapshot3>QcENdor.jpg</snapshot3>		<snapshot4>r4HQujq.jpg</snapshot4>		<snapshot5>Y7B8rSy.jpg</snapshot5>		<snapshot6>p9mneyM.jpg</snapshot6>		<snapshot7>kSKBjLY.jpg</snapshot7>		<snapshot8>RKwuf59.jpg</snapshot8>		<snapshot9>zioKV2c.jpg</snapshot9>		<snapshot10>9wZOmiI.jpg</snapshot10>	</game>	<game name="Troy Aikman NFL Football (World)">		<description>Troy Aikman NFL Football (World)</description>		<system>Atari - Jaguar</system>		<rom name="Atari%20-%20Jaguar%2FTroy%20Aikman%20NFL%20Football%20%28World%29.zip" size="1679452"/>		<plot>You and a friend can become star NFL players or choose to coach a team in this realistic rendition of the game of American football, endorsed by former Dallas Cowboys quarterback and Super Bowl champ, Troy Aikman. Choose to play alone against the system, or play against each other.[CR]Pick from 3 play modes: Pre-season, Season, or Custom Generated (editable) season. There are also three skill levels: Rookie, Pro and Veteran. You can design your own plays, customize your team, and save your team's stats. True-to-life playing surfaces have an effect on how your team performs and include grass, mud, dirt, snow, rain and turf. Listen to the roar of the crowd and other authentic stadium sounds as your plays are followed through.</plot>		<genre>Sports</genre>		<releasedate>01/01/1995</releasedate>		<nplayers>1-2 Sim</nplayers>		<boxart1>FJOQPxj.jpg</boxart1>		<boxart2>pEDeUIC.jpg</boxart2>		<boxart3>4gaynaa.jpg</boxart3>		<snapshot1>bwyCsr8.jpg</snapshot1>		<snapshot2>t2IUvf2.jpg</snapshot2>		<snapshot3>vNm0Awl.jpg</snapshot3>		<snapshot4>QDBXbO9.jpg</snapshot4>		<snapshot5>DmsaDEM.jpg</snapshot5>		<snapshot6>yrxWVnX.jpg</snapshot6>	</game>	<game name="Ultra Vortek (World)">		<description>Ultra Vortek (World)</description>		<system>Atari - Jaguar</system>		<rom name="Atari%20-%20Jaguar%2FUltra%20Vortek%20%28World%29.zip" size="3248297"/>		<plot>Mankind must prove that it is worthy of the powers of the Ultra Vortek -- the eternal energy source for all life on Earth. Failure to meet this challenge will result in the Earth's destruction. Seven of the planet's mightiest warriors have been chosen to pit strength and cunning against the Guardian for complete control of the Ultra Vortek.</plot>		<genre>Action</genre>		<releasedate>01/01/1995</releasedate>		<nplayers>2</nplayers>		<boxart1>nrKx1w6.jpg</boxart1>		<boxart2>a3HzgXj.jpg</boxart2>		<boxart3>MKdDwvT.jpg</boxart3>		<boxart4>uTPUtl9.jpg</boxart4>		<boxart5>tHxbt2f.jpg</boxart5>		<snapshot1>UGG4Alj.jpg</snapshot1>		<snapshot2>g5q6HJ8.jpg</snapshot2>		<snapshot3>MpYm8my.jpg</snapshot3>		<snapshot4>o93k1YU.jpg</snapshot4>		<snapshot5>dxuCvdG.jpg</snapshot5>		<snapshot6>OoTFo4n.jpg</snapshot6>		<snapshot7>pvu6iUr.jpg</snapshot7>		<snapshot8>Ytc1D6N.jpg</snapshot8>		<snapshot9>qHvCJaL.jpg</snapshot9>		<banner1>L3OJADp.jpg</banner1>	</game>	<game name="Val d'Isere Skiing and Snowboarding (World)">		<description>Val d'Isere Skiing and Snowboarding (World)</description>		<system>Atari - Jaguar</system>		<rom name="Atari%20-%20Jaguar%2FVal%20d%27Isere%20Skiing%20and%20Snowboarding%20%28World%29.zip" size="1608624"/>		<plot>Cut the slopes on some of the steepest mountainsides in SKIING AND SNOWBOARDING, a wild winter challenge where speed in guaranteed! Train and compete on the breathtaking slopes of France's world-famous Vald-Isre Ski Resort. Race against time and friends in slalom, giant slalom and downhill events.[CR]Watch out for trees, snowmobiles and sno-cats as you barrel down windswept mountainsides, black ice, and moguls.</plot>		<genre>Sports</genre>		<releasedate>01/01/1994</releasedate>		<nplayers>1-2 Sim</nplayers>		<boxart1>etkaGRA.jpg</boxart1>		<boxart2>neSdvpp.jpg</boxart2>		<boxart3>CEEpfiY.jpg</boxart3>		<boxart4>C5lJZvG.jpg</boxart4>		<snapshot1>CTv7hSx.jpg</snapshot1>		<snapshot2>V4a7uc3.jpg</snapshot2>		<snapshot3>OtSvmBX.jpg</snapshot3>		<snapshot4>ojc1TGF.jpg</snapshot4>		<snapshot5>HCzZj6E.jpg</snapshot5>		<snapshot6>8Pi4IjN.jpg</snapshot6>		<snapshot7>6LgVoo4.jpg</snapshot7>		<snapshot8>8imo3yk.jpg</snapshot8>		<snapshot9>p2iJ0sc.jpg</snapshot9>		<snapshot10>0Qoowpg.jpg</snapshot10>	</game>	<game name="White Men Can't Jump (World)">		<description>White Men Can't Jump (World)</description>		<system>Atari - Jaguar</system>		<rom name="Atari%20-%20Jaguar%2FWhite%20Men%20Can%27t%20Jump%20%28World%29.zip" size="3484366"/>		<plot>Are you ready for the most hyped up, monster jammin', bruisin' elbows, rebound snatchin', rim stuffin', skying over suckers, down your throat, money making game of street ball you never thought possible? Well, here it is, in your face, and it's time to get it on! Hit the courts with White Men Can't Jump!</plot>		<genre>Action, Sports</genre>		<releasedate>06/01/1995</releasedate>		<nplayers>1-4 Sim</nplayers>		<boxart1>SFieD9q.jpg</boxart1>		<boxart2>IsEfDGf.jpg</boxart2>		<boxart3>d7YQwwe.jpg</boxart3>		<boxart4>BJCqBse.jpg</boxart4>		<boxart5>lThECgc.jpg</boxart5>		<snapshot1>53vLZ4y.jpg</snapshot1>		<snapshot2>nae3Tca.jpg</snapshot2>		<snapshot3>AFXlcw9.jpg</snapshot3>		<snapshot4>XcKzNXp.jpg</snapshot4>		<snapshot5>Y24tJtw.jpg</snapshot5>		<snapshot6>A5VRgth.jpg</snapshot6>		<snapshot7>HaqH4p4.jpg</snapshot7>		<snapshot8>Gkqtu11.jpg</snapshot8>		<snapshot9>OwT2Xju.jpg</snapshot9>		<snapshot10>xM9BL93.jpg</snapshot10>		<banner1>qUhY3qy.jpg</banner1>	</game>	<game name="Wolfenstein 3D (World)">		<description>Wolfenstein 3D (World)</description>		<system>Atari - Jaguar</system>		<rom name="Atari%20-%20Jaguar%2FWolfenstein%203D%20%28World%29.zip" size="1375834"/>		<plot>Bring Down The Third Reich![CR]As the legendary William &quot;B.J.&quot; Blazkowicz, you've been commissioned to rewrite history in a bloody 64-bit war zone filled with enough Nazi scum to keep you trigger-happy for weeks. Annihilate Der Fuerher's elite commando team, assasinate the diabolical Dr. Shabbs, capture the secret war plans, infiltrate Der Fuerher's bunker... and waste anyone and anything that gets in your way!</plot>		<genre>Action</genre>		<releasedate>01/01/1994</releasedate>		<nplayers>1</nplayers>		<fanart1>R2LFBeV.jpg</fanart1>		<fanart2>ZUXuisT.jpg</fanart2>		<boxart1>VyJNFsP.jpg</boxart1>		<boxart2>vOD4ylj.jpg</boxart2>		<boxart3>I3aFKVg.jpg</boxart3>		<boxart4>kDOxvs3.jpg</boxart4>		<boxart5>xkTvZZb.jpg</boxart5>		<snapshot1>jOHXcFO.jpg</snapshot1>		<snapshot2>lSQpOzA.jpg</snapshot2>		<snapshot3>Al95VeK.jpg</snapshot3>		<snapshot4>ZrfGhbl.jpg</snapshot4>		<snapshot5>xxjhSsQ.jpg</snapshot5>		<snapshot6>9eCOfV2.jpg</snapshot6>		<snapshot7>citjz6K.jpg</snapshot7>		<snapshot8>qbtS9Og.jpg</snapshot8>		<snapshot9>CMJC6z1.jpg</snapshot9>		<snapshot10>KnjYn1c.jpg</snapshot10>		<banner1>DfbPDX8.jpg</banner1>		<clearlogo1>MZdityd.png</clearlogo1>	</game>	<game name="Worms (World)">		<description>Worms (World)</description>		<system>Atari - Jaguar</system>		<rom name="Atari%20-%20Jaguar%2FWorms%20%28World%29.zip" size="1127350"/>		<plot>Worms is a turn-based strategy game. It features up to 4 teams of 4 worms, aiming to destroy the others on a generated terrain. Each worm has 100 hit points, and dies when his hit points fall to 0. Upon death, a worm explodes, causing damage to everyone around.[CR]Gameplay is turn-based. Each turn, the player can control one specific worm from his team. The worm can crawl left and right or jump. However, there is a time limit to make a move; also, if the worm falls from a great height, it loses health and the turn ends immediately; and if a worm falls into water or offscreen, it dies. Each turn, a worm can also make a single attack: the player can aim up and down, choose a weapon and then fire it. After attacking, the turn ends.[CR]There's a lot of weapons available - the standard ones as bazookas (which is affected by the (random) wind settings and gravity) and grenades. The others include a Fire Punch, dynamite, air strikes, and utilities such as ropes and girders.[CR]There are 10 styles of terrain, ranging from forests and deserts to Candy land and the moon (complete with affected gravity). Shots leave craters in the ground, and complex tunnels can be formed.</plot>		<genre>Strategy</genre>		<releasedate>01/01/1998</releasedate>		<nplayers>1-4 Sim</nplayers>		<boxart1>3ZvAy09.jpg</boxart1>		<snapshot1>FwQqwnT.png</snapshot1>		<snapshot2>zs1XYIy.png</snapshot2>		<snapshot3>x7Qk3cP.png</snapshot3>		<snapshot4>1UxhQFG.png</snapshot4>		<snapshot5>m38LQLx.png</snapshot5>		<snapshot6>4oHVQU6.png</snapshot6>		<snapshot7>GmLYTgh.png</snapshot7>		<snapshot8>TbTE3Vk.png</snapshot8>		<snapshot9>FKZcyE9.png</snapshot9>		<snapshot10>kKQwAgq.png</snapshot10>	</game>	<game name="Zero 5 (World)">		<description>Zero 5 (World)</description>		<system>Atari - Jaguar</system>		<rom name="Atari%20-%20Jaguar%2FZero%205%20%28World%29.zip" size="1299253"/>		<plot>Zero 5 is a space shooter which places you in control of a small and maneuverable fighter craft, or a powerful warship, depending upon which level you play. Taking on the role of a pilot, you must defend the earth from alien attack with dozens of missions needed to succeed. Your tour of duty includes travelling through deep space to meet enemy convoys head on and shooting across asteroid and planet surfaces taking out installations.There are three different play modes:Hit-Pack Mode - Somewhat like a variation on the Missile Command 3D VR mode. You are in a turret with four guns to blast everything in sight, including asteroids in several levels. Absence of power-ups make it more difficult.Bambam Mode - Consists of piloting around in the fighter, shooting every object that moves, in 360 degrees. Includes power-ups for weapons, shields, and score.Trench Mode - Star Wars-style shooting in your Bambam fighter, running along a trench. Also includes power-ups.</plot>		<genre>Action</genre>		<releasedate>01/01/1997</releasedate>		<nplayers>1</nplayers>		<boxart1>3qVhqSm.jpg</boxart1>		<boxart2>C32i8tt.jpg</boxart2>		<snapshot1>EGP6mn1.jpg</snapshot1>		<snapshot2>evkV2gf.jpg</snapshot2>		<snapshot3>UXXt02F.jpg</snapshot3>		<snapshot4>P2YHr2c.jpg</snapshot4>		<snapshot5>kC9JXx9.jpg</snapshot5>		<snapshot6>LBvuINI.jpg</snapshot6>		<snapshot7>oQA5fKn.jpg</snapshot7>	</game>	<game name="Zool 2 (World)">		<description>Zool 2 (World)</description>		<system>Atari - Jaguar</system>		<rom name="Atari%20-%20Jaguar%2FZool%202%20%28World%29.zip" size="2053288"/>		<plot>Zool and his daring lovely sidekick Zooz face a challenge that would wilt the knees of even the toughest Ninja. The Nth Dimension is under attack from the evil forces of Krool. Our heroes must restore the Nth Dimension to equilibrium and exile Mental-Block and his mind-numbing cronies before imagination is wiped out of existence. Zoon the two-headed intergalactic wonder-canine will help, but you'll need skills from the Nth Dimension to save imagination!</plot>		<genre>Action</genre>		<releasedate>01/01/1994</releasedate>		<nplayers>2</nplayers>		<boxart1>TrNrZYl.jpg</boxart1>		<boxart2>smBm9hG.jpg</boxart2>		<boxart3>O5ouDeQ.jpg</boxart3>		<boxart4>gBv1kFi.jpg</boxart4>		<boxart5>Fad7jsV.jpg</boxart5>		<snapshot1>DsNmB4F.jpg</snapshot1>		<snapshot2>nivVrjY.jpg</snapshot2>		<snapshot3>1Zp5C8V.jpg</snapshot3>		<snapshot4>L4lgDcU.jpg</snapshot4>		<snapshot5>fPG5ASn.jpg</snapshot5>		<snapshot6>A3d3I2a.jpg</snapshot6>		<clearlogo1>VXW7oMD.png</clearlogo1>	</game>	<game name="Zoop! (World)">		<description>Zoop! (World)</description>		<system>Atari - Jaguar</system>		<rom name="Atari%20-%20Jaguar%2FZoop%21%20%28World%29.zip" size="650132"/>		<plot>Right here inside this cardboard box is the excitement you crave, the challenge you need. Level after level of brain-burning action coming at you from all sides, faster and faster until your thumbs are numb, your eyes are aching, and your mind is molten. Scorching four-way action! 99 levels of action! Demands strategic thinking.</plot>		<genre>Puzzle</genre>		<releasedate>01/01/1996</releasedate>		<nplayers>1</nplayers>		<boxart1>uH65mSM.jpg</boxart1>		<boxart2>pt1F0UT.jpg</boxart2>		<boxart3>GDeBke8.jpg</boxart3>		<boxart4>xAFPd2X.jpg</boxart4>		<snapshot1>cZJ16uH.jpg</snapshot1>		<snapshot2>ypnvbzQ.jpg</snapshot2>		<snapshot3>FeXwUwe.jpg</snapshot3>		<banner1>C1sDds3.jpg</banner1>	</game></datafile>