<datafile>
	<header>
		<emu_name>Dinothawr</emu_name>
		<emu_description>Standalone Game</emu_description>
		<emu_category>Port</emu_category>
		<emu_version>04012018</emu_version>
		<emu_date>9/14/2016</emu_date>
		<emu_author>Lefty420</emu_author>
		<emu_visibility>visible</emu_visibility>
		<emu_homepage>https://archive.org</emu_homepage>
		<emu_baseurl>https://archive.org/download/</emu_baseurl>
		<emu_launcher>retroplayer</emu_launcher>
		<emu_default_addon>none</emu_default_addon>
		<emu_ext_launch_cmd>none</emu_ext_launch_cmd>
		<emu_downloadpath>default</emu_downloadpath>
		<emu_postdlaction>unzip_to_folder_and_launch_file</emu_postdlaction>
		<emu_comment>Dinothawr is a block pushing puzzle game on slippery surfaces. Our hero is a dinosaur whose friends are trapped in ice. Through puzzles it is your task to free the dinos from their ice prison.</emu_comment>
		<emu_thumb>T5PSkqb.jpg</emu_thumb>
		<emu_banner>F1y5y5A.jpg</emu_banner>
		<emu_fanart>c9wAHu4.png</emu_fanart>
		<emu_logo>F7IxpAE.png</emu_logo>
		<emu_trailer>VQpHejqlzzY</emu_trailer>
	</header>
	<game name="Dinothawr">
		<description>Dinothawr</description>
		<rom name="tom_bftp_D/dinothawr.zip" size="6728842" />
		<title_clean>Dinothawr</title_clean>
		<plot>Dinothawr is a block pushing puzzle game on slippery surfaces. Our hero is a dinosaur whose friends are trapped in ice. Through puzzles it is your task to free the dinos from their ice prison.</plot>
		<releasedate>09/21/2013</releasedate>
		<year>2013</year>
		<genre>Retro</genre>
		<nplayers>1</nplayers>
		<thegamesdb_id></thegamesdb_id>
		<videoid>d62cb9z6j9M</videoid>
		<giantbomb_url>http://www.giantbomb.com/dinothawr/3030-45105/</giantbomb_url>
		<boxart1>T5PSkqb.jpg</boxart1>
		<banner1>F1y5y5A.jpg</banner1>
		<fanart1>c9wAHu4.png</fanart1>
		<emu_command>dinothawr.game</emu_command>
	</game>
</datafile>