<datafile>
	<header>
		<emu_name>Lutro</emu_name>
		<emu_description>Standalone Game</emu_description>
		<emu_category>Port</emu_category>
		<emu_version>04012018</emu_version>
		<emu_date>10/13/2017</emu_date>
		<emu_author>Zach Morris</emu_author>
		<emu_visibility>visible</emu_visibility>
		<emu_homepage>http://www.libretro.com</emu_homepage>
		<emu_baseurl>https://buildbot.libretro.com/assets/cores/Lutro/</emu_baseurl>
		<emu_launcher>retroplayer</emu_launcher>
		<emu_default_addon>none</emu_default_addon>
		<emu_ext_launch_cmd>none</emu_ext_launch_cmd>
		<emu_downloadpath>default</emu_downloadpath>
		<emu_postdlaction>none</emu_postdlaction>
		<emu_comment>Lutro is an in-development Love 2D reimplementation written in Lua.  With Lutro, it is possible to easily create Lua games with no knowledge of C being necessary, or having to compile any code.</emu_comment>
		<emu_thumb>fJKIkXT.png</emu_thumb>
		<emu_banner>80iRAPM.png</emu_banner>
		<emu_fanart>M9waixy.png</emu_fanart>
		<emu_logo>T7QFlwF.png</emu_logo>
		<emu_trailer>Yw4pTtJjZWI</emu_trailer>
	</header>
	<game name="Deep Dungeon">
		<description>Deep Dungeon</description>
		<rom name="Deep%20Dungeon.lutro" size="1056768" />
		<title_clean>Deep Dungeon</title_clean>
		<snapshot1>hUOwR2A.png</snapshot1>
		<snapshot2>4mlgfAN.png</snapshot2>
	</game>
	<game name="Game of Life">
		<description>Game of Life</description>
		<rom name="Game%20of%20Life.lutro" size="2048" />
		<title_clean>Game of Life</title_clean>
		<snapshot1>oJEJBd9.png</snapshot1>
	</game>
	<game name="In Your Face City Trains">
		<description>In Your Face City Trains</description>
		<rom name="In%20Your%20Face%20City%20Trains.lutro" size="1770496" />
		<title_clean>In Your Face City Trains</title_clean>
		<snapshot1>1MPdGLb.png</snapshot1>
		<snapshot2>IXhCDGX.png</snapshot2>
	</game>
	<game name="Platformer">
		<description>Platformer</description>
		<rom name="Platformer.lutro" size="425984" />
		<title_clean>Platformer</title_clean>
		<snapshot1>8vLFyN8.png</snapshot1>
	</game>
	<game name="Pong">
		<description>Pong</description>
		<rom name="Pong.lutro" size="59392" />
		<title_clean>Pong</title_clean>
		<snapshot1>0K1euVl.png</snapshot1>
	</game>
	<game name="Sienna">
		<description>Sienna</description>
		<rom name="Sienna.lutro" size="1685504" />
		<title_clean>Sienna</title_clean>
		<snapshot1>KLufkrz.png</snapshot1>
		<snapshot2>Ncnc7cL.png</snapshot2>
	</game>
	<game name="Snake">
		<description>Snake</description>
		<rom name="Snake.lutro" size="1024" />
		<title_clean>Snake</title_clean>
		<snapshot1>5fXrMRw.png</snapshot1>
	</game>
	<game name="Spaceship">
		<description>Spaceship</description>
		<rom name="Spaceship.lutro" size="634880" />
		<title_clean>Spaceship</title_clean>
		<snapshot1>WIW78ei.png</snapshot1>
	</game>
	<game name="Tetris">
		<description>Tetris</description>
		<rom name="Tetris.lutro" size="1516544" />
		<title_clean>Tetris</title_clean>
		<snapshot1>DKfjSQq.png</snapshot1>
	</game>
</datafile>