<datafile>
	<header>
		<emu_name>Internet Archive Best Of - TurboGrafx 16</emu_name>
		<emu_description>PCE, TurboGrafx 16</emu_description>
		<emu_category>NEC, 1980s, Console, 8 Bit, Best of</emu_category>
		<emu_version>04012018</emu_version>
		<emu_date>03/03/2015</emu_date>
		<emu_author>Zach Morris</emu_author>
		<emu_visibility>visible</emu_visibility>
		<emu_homepage>http://www.no-intro.org</emu_homepage>
		<emu_baseurl>http://archive.org/download/</emu_baseurl>
		<emu_launcher>retroplayer</emu_launcher>
		<emu_default_addon>none</emu_default_addon>
		<emu_ext_launch_cmd>none</emu_ext_launch_cmd>
		<emu_downloadpath>default</emu_downloadpath>
		<emu_postdlaction>unzip_rom</emu_postdlaction>
		<emu_comment>The TurboGrafx 16 was a peculiar system but it had enough good games to warrant a Best Games list. It had a processor which was actually somewhat weaker than most 16-bit systems, in that it was really only 8-bits. On the other hand, it was one of the first systems with an official CD add-on which allowed it to store games up to a whopping 650 MB large! On one hand, this meant a lot of horrible FMV games. On the other hand, this means absolutely rockin platformers and shmups. These are the Best TurboGrafx 16 Games of all time.</emu_comment>
		<emu_thumb>kCBwpPr.jpg</emu_thumb>
		<emu_banner>bhZ2V8k.jpg</emu_banner>
		<emu_fanart>7QZKpnU.jpg</emu_fanart>
		<emu_logo>6aaHz7p.png</emu_logo>
		<emu_trailer>p8qsPh4ZXOc</emu_trailer>
	</header>
	<game name="Order of the Griffon (USA)">
			<description>50.  Order of the Griffon</description>
			<rom name="No-Intro-Collection_2015-03-03/NEC%20-%20PC%20Engine%20-%20TurboGrafx%2016.zip/NEC%20-%20PC%20Engine%20-%20TurboGrafx%2016%2FOrder%20of%20the%20Griffon%20%28USA%29.zip" size="322723" />
			<title_clean>Order of the Griffon</title_clean>
			<plot>The best western RPG on the 'Engine (possibly the only Western RPG on the Engine!), Order of the Griffin is a Dungeon's and Dragon's license game which is split between classic 1st person view dungeons and villages, and top down view, turn-based battling on gridded battlefields. Its a little dated, but old school RPG fans should enjoy it.</plot>
			<releasedate>9/1/1992</releasedate>
			<year>1992</year>
			<genre>Adventure, RPG</genre>
			<studio>Turbo Technologies</studio>
			<nplayers>1</nplayers>
			<perspective>1st-Person</perspective>
			<rating>3.1</rating>
			<gamefaqs_url>http://www.gamefaqs.com/tg16/589058-dungeons-and-dragons-order-of-the-griffon</gamefaqs_url>
			<mobygames_url>http://www.mobygames.com/game/turbo-grafx/order-of-the-griffon</mobygames_url>
			<giantbomb_url>http://www.giantbomb.com/dungeons-dragons-order-of-the-griffon/3030-19681/</giantbomb_url>
			<consolegrid_url>http://consolegrid.com/games/10748</consolegrid_url>
			<boxart1>OMOQjTN.png</boxart1>
			<boxart2>5OhfGFE.jpg</boxart2>
			<boxart3>NqS3Mxi.jpg</boxart3>
			<snapshot1>qk67J14.png</snapshot1>
			<snapshot2>K2x5Fkg.png</snapshot2>
			<snapshot3>b9BSgf1.png</snapshot3>
			<snapshot4>4SGqd3X.png</snapshot4>
			<snapshot5>XAngpi4.png</snapshot5>
			<snapshot6>ZdIrOcP.png</snapshot6>
			<snapshot7>5NXxgEH.png</snapshot7>
			<snapshot8>2WB276g.png</snapshot8>
			<snapshot9>ulHzENK.png</snapshot9>
			<snapshot10>PVF9GaQ.png</snapshot10>
			<banner1>9x0HmJv.png</banner1>
		</game>
		<game name="Neutopia (USA)">
			<description>49.  Neutopia</description>
			<rom name="No-Intro-Collection_2015-03-03/NEC%20-%20PC%20Engine%20-%20TurboGrafx%2016.zip/NEC%20-%20PC%20Engine%20-%20TurboGrafx%2016%2FNeutopia%20%28USA%29.zip" size="245618" />
			<title_clean>Neutopia</title_clean>
			<plot>Essentially this is the PC Engine's response to the original NES Zelda, with a very similar theme and gameplay style. Happily the game retains all of the playability of its influence, whilst making some required improvements here and there, such as improved graphics and better overworld structuring (its set-out in a way which makes it harder to become lost). All in all anyone who's a fan of the original Legend of Zelda should check it out (though it is bettered by its later PC-Engine sequel).</plot>
			<releasedate>9/1/1990</releasedate>
			<year>1989</year>
			<genre>Action</genre>
			<studio>NEC Technologies</studio>
			<nplayers>1</nplayers>
			<perspective>Top-Down</perspective>
			<rating>4.0</rating>
			<videoid>8YG2P4JevME</videoid>
			<thegamesdb_id>5677</thegamesdb_id>
			<gamefaqs_url>http://www.gamefaqs.com/tg16/589047-neutopia</gamefaqs_url>
			<mobygames_url>http://www.mobygames.com/game/turbo-grafx/neutopia</mobygames_url>
			<giantbomb_url>http://www.giantbomb.com/neutopia/3030-2936/</giantbomb_url>
			<consolegrid_url>http://consolegrid.com/games/8883</consolegrid_url>
			<boxart1>s3dE4GX.jpg</boxart1>
			<boxart2>Y5xAoNq.jpg</boxart2>
			<boxart3>XOJJurS.jpg</boxart3>
			<boxart4>oeFUG28.jpg</boxart4>
			<boxart5>qrrJyYn.jpg</boxart5>
			<snapshot1>1oRhoKi.gif</snapshot1>
			<snapshot2>6usfKzI.gif</snapshot2>
			<snapshot3>CwVPp8N.gif</snapshot3>
			<snapshot4>hZPuFBq.gif</snapshot4>
			<snapshot5>kLcDCty.gif</snapshot5>
			<snapshot6>tiTN14m.gif</snapshot6>
			<snapshot7>nOxn7un.gif</snapshot7>
			<snapshot8>qi9xJPU.gif</snapshot8>
			<snapshot9>KefU9sE.gif</snapshot9>
			<snapshot10>7cSa8xE.gif</snapshot10>
			<banner1>ehcBZHk.png</banner1>
		</game>
		<game name="Coryoon - Child of Dragon (Japan)">
			<description>48.  Coryoon - Child of Dragon</description>
			<rom name="No-Intro-Collection_2015-03-03/NEC%20-%20PC%20Engine%20-%20TurboGrafx%2016.zip/NEC%20-%20PC%20Engine%20-%20TurboGrafx%2016%2FCoryoon%20-%20Child%20of%20Dragon%20%28Japan%29.zip" size="279538" />
			<title_clean>Coryoon - Child of Dragon</title_clean>
			<plot>This is a cutesy horizontal shooter starring a baby dragon from Naxat Soft. The graphics here are nice, there's a lot of action going on onscreen, and it throws some of its own ideas in here and there, such as a points system focused on picking up as much fruit as possible. Being that the fruit is flying all over the place amongst the bullets and enemies it takes some real focus, and a good eye to play the game well.</plot>
			<releasedate>9/1/1991</releasedate>
			<year>1991</year>
			<genre>Shooter</genre>
			<studio>Naxat Soft</studio>
			<nplayers>1</nplayers>
			<perspective>Side-Scrolling</perspective>
			<rating>4.2</rating>
			<ESRB>E - Everyone</ESRB>
			<videoid>qwv5OCujfIU</videoid>
			<thegamesdb_id>18403</thegamesdb_id>
			<gamefaqs_url>http://www.gamefaqs.com/tg16/588930-coryoon</gamefaqs_url>
			<mobygames_url>http://www.mobygames.com/game/turbo-grafx/coryoon-child-of-dragon</mobygames_url>
			<giantbomb_url>http://www.giantbomb.com/coryoon-child-of-dragoon/3030-5362/</giantbomb_url>
			<consolegrid_url>http://consolegrid.com/games/10367</consolegrid_url>
			<boxart1>CevQkxl.jpg</boxart1>
			<snapshot1>vQCWcIi.jpg</snapshot1>
			<snapshot2>aZMVybQ.png</snapshot2>
			<snapshot3>d4nF0aK.png</snapshot3>
			<snapshot4>Exbgevm.png</snapshot4>
			<snapshot5>bX6OhaQ.png</snapshot5>
			<snapshot6>VAcBeNJ.png</snapshot6>
			<snapshot7>v3LCS65.png</snapshot7>
			<snapshot8>PnSGFtQ.png</snapshot8>
			<snapshot9>RTxrmGa.png</snapshot9>
			<snapshot10>Z7caUwo.png</snapshot10>
			<banner1>igVUTgS.png</banner1>
		</game>
		<game name="Override (Japan)">
			<description>47.  Override</description>
			<rom name="No-Intro-Collection_2015-03-03/NEC%20-%20PC%20Engine%20-%20TurboGrafx%2016.zip/NEC%20-%20PC%20Engine%20-%20TurboGrafx%2016%2FOverride%20%28Japan%29.zip" size="144576" />
			<title_clean>Override</title_clean>
			<plot>Here's an excellent, lessor known vertical shooter from Data East. The game is frenetic and exciting, with fast gameplay and a screen that's always packed with bullets and enemies (sometimes it even manages to approach the sort of mayhem you'd expect from the Saturn or PS1!). The power-ups here are impressive, and the boss battles well done, all in all its a very good example of the genre.</plot>
			<releasedate>9/1/1991</releasedate>
			<year>1991</year>
			<genre>Shooter</genre>
			<studio>Data East</studio>
			<nplayers>1</nplayers>
			<videoid>AlMmKZrAYTE</videoid>
			<thegamesdb_id>18414</thegamesdb_id>
			<gamefaqs_url>http://www.gamefaqs.com/tg16/589062-override</gamefaqs_url>
			<mobygames_url>http://www.mobygames.com/game/turbo-grafx/override</mobygames_url>
			<consolegrid_url>http://consolegrid.com/games/10750</consolegrid_url>
			<boxart1>PEoHEM1.jpg</boxart1>
			<snapshot1>mXkXFlc.png</snapshot1>
			<snapshot2>wOKLsyA.png</snapshot2>
			<snapshot3>LWcgKRK.png</snapshot3>
			<snapshot4>VLfbJ5d.png</snapshot4>
			<snapshot5>faJ3Ygm.png</snapshot5>
			<snapshot6>1ynhjv8.png</snapshot6>
			<snapshot7>hrQQuo4.png</snapshot7>
			<snapshot8>cIsQ7Ad.png</snapshot8>
			<snapshot9>H2Msim6.png</snapshot9>
			<snapshot10>mL6GLTx.png</snapshot10>
			<banner1>5oX74Ew.png</banner1>
		</game>
		<game name="Spin Pair (Japan)">
			<description>46.  Spin Pair</description>
			<rom name="No-Intro-Collection_2015-03-03/NEC%20-%20PC%20Engine%20-%20TurboGrafx%2016.zip/NEC%20-%20PC%20Engine%20-%20TurboGrafx%2016%2FSpin%20Pair%20%28Japan%29.zip" size="93083" />
			<title_clean>Spin Pair</title_clean>
			<plot>This is an under-appreciated block-falling puzzle game where the aim is to fill each shape up with colour by merging two shapes of the same type. The combo's here are very intuitive, and easy to get a handle on, and as always the 2-player competitive mode its tons of fun, with each player dumping loads of garbage shapes on each other whilst desperately trying to stay afloat.</plot>
			<releasedate>9/1/1990</releasedate>
			<genre>Puzzle</genre>
			<studio>Media Rings</studio>
			<nplayers>1-2 Alt</nplayers>
			<videoid>US3sVMlqgko</videoid>
			<thegamesdb_id>28976</thegamesdb_id>
			<gamefaqs_url>http://www.gamefaqs.com/tg16/589117-spin-pair</gamefaqs_url>
			<boxart1>ClKkHtl.jpg</boxart1>
			<boxart2>rmC6p0Y.jpg</boxart2>
			<snapshot1>BHjjTOH.jpg</snapshot1>
			<snapshot2>EZeLTfJ.jpg</snapshot2>
			<snapshot3>9KLzWzn.jpg</snapshot3>
		</game>
		<game name="Valkyrie no Densetsu (Japan)">
			<description>45.  Legend of Valkyrie</description>
			<rom name="No-Intro-Collection_2015-03-03/NEC%20-%20PC%20Engine%20-%20TurboGrafx%2016.zip/NEC%20-%20PC%20Engine%20-%20TurboGrafx%2016%2FValkyrie%20no%20Densetsu%20%28Japan%29.zip" size="346589" />
			<title_clean>Valkyrie no Densetsu</title_clean>
			<plot>This is a top-down perspective shooter where you play as a viking girl. The game doesn't look quite a polished as it could be, but the shooting action is pretty good, the above average focus on platforming elements makes it unique for its genre, and the levels even have multiple routes to keep you busy.</plot>
			<releasedate>9/8/1990</releasedate>
			<year>1990</year>
			<genre>Action, Adventure</genre>
			<studio>Namco Limited</studio>
			<nplayers>1</nplayers>
			<perspective>Top-Down</perspective>
			<rating>4.2</rating>
			<videoid>vvFVjUsAIsk</videoid>
			<thegamesdb_id>22396</thegamesdb_id>
			<gamefaqs_url>http://www.gamefaqs.com/tg16/589154-valkyrie-no-densetsu</gamefaqs_url>
			<mobygames_url>http://www.mobygames.com/game/turbo-grafx/valkyrie-no-densetsu</mobygames_url>
			<giantbomb_url>http://www.giantbomb.com/legend-of-valkyrie/3030-17440/</giantbomb_url>
			<boxart1>H3GxNXT.jpg</boxart1>
			<snapshot1>f1bCURG.png</snapshot1>
			<snapshot2>Qd7zlcR.png</snapshot2>
			<snapshot3>1eLixTe.png</snapshot3>
			<snapshot4>osr7kxc.png</snapshot4>
			<snapshot5>Eh5UMfS.png</snapshot5>
			<snapshot6>wwXCVPg.png</snapshot6>
			<snapshot7>YJEqfx1.jpg</snapshot7>
			<snapshot8>LypW4h9.jpg</snapshot8>
			<snapshot9>rnBMhTD.jpg</snapshot9>
			<snapshot10>Arz6VKZ.jpg</snapshot10>
		</game>
		<game name="Image Fight (Japan)">
			<description>44.  Image Fight</description>
			<rom name="No-Intro-Collection_2015-03-03/NEC%20-%20PC%20Engine%20-%20TurboGrafx%2016.zip/NEC%20-%20PC%20Engine%20-%20TurboGrafx%2016%2FImage%20Fight%20%28Japan%29.zip" size="261553" />
			<title_clean>Image Fight</title_clean>
			<plot>This is a tough little vertical scroller from Irem that has that familiar shmup design of theirs made famous by titles like R-Type. Like many of their other games Image Fight can be brutal at times, but is intricately designed and very rewarding to fully master. The gameplay hook here is that your satellites fire in the opposite direction to where you're moving. The key to the game is learning how to aim them well, and using their multi-directional firing ability to its full capacity.</plot>
			<releasedate>27/7/1990</releasedate>
			<year>1990</year>
			<genre>Action</genre>
			<studio>Irem Corp.</studio>
			<perspective>Top-Down</perspective>
			<videoid>pzXIBLyl-CE</videoid>
			<thegamesdb_id>32835</thegamesdb_id>
			<gamefaqs_url>http://www.gamefaqs.com/tg16/588995-image-fight</gamefaqs_url>
			<mobygames_url>http://www.mobygames.com/game/turbo-grafx/image-fight</mobygames_url>
			<giantbomb_url>http://www.giantbomb.com/image-fight/3030-11901/</giantbomb_url>
			<consolegrid_url>http://consolegrid.com/games/10707</consolegrid_url>
			<boxart1>1FWwZch.jpg</boxart1>
			<boxart2>meIeSfy.jpg</boxart2>
			<snapshot1>Rz1Nz2s.png</snapshot1>
			<snapshot2>GcXP5Qu.png</snapshot2>
			<snapshot3>wrefICw.png</snapshot3>
			<snapshot4>fk47fFI.jpg</snapshot4>
			<snapshot5>dEgCP0T.jpg</snapshot5>
			<snapshot6>twKbJTC.jpg</snapshot6>
			<snapshot7>y0VqZQL.jpg</snapshot7>
			<banner1>XwrWoQZ.png</banner1>
		</game>
		<game name="Aero Blasters (USA)">
			<description>43.  Aero Blasters</description>
			<rom name="No-Intro-Collection_2015-03-03/NEC%20-%20PC%20Engine%20-%20TurboGrafx%2016.zip/NEC%20-%20PC%20Engine%20-%20TurboGrafx%2016%2FAero%20Blasters%20%28USA%29.zip" size="292801" />
			<title_clean>Aero Blasters</title_clean>
			<plot>Excellent 2-player horizontal shooter that has you flying over ravaged cities, piloting through zero-gravity space, and taking part in high speed chases through tunnels. Its yet another good shooter for the 'Engine, the power-ups work well, and the 2-player is fun.</plot>
			<releasedate>9/1/1990</releasedate>
			<year>1990</year>
			<genre>Shooter</genre>
			<studio>Turbo Technologies</studio>
			<nplayers>1-2 Co-Op</nplayers>
			<perspective>3rd-Person</perspective>
			<rating>3.2</rating>
			<videoid>LAjr4sJrhrs</videoid>
			<thegamesdb_id>4909</thegamesdb_id>
			<gamefaqs_url>http://www.gamefaqs.com/tg16/588885-aero-blasters</gamefaqs_url>
			<mobygames_url>http://www.mobygames.com/game/turbo-grafx/air-buster</mobygames_url>
			<giantbomb_url>http://www.giantbomb.com/aero-blasters/3030-19275/</giantbomb_url>
			<consolegrid_url>http://consolegrid.com/games/10031</consolegrid_url>
			<boxart1>sA9aZvx.jpg</boxart1>
			<boxart2>JJqM1FM.jpg</boxart2>
			<boxart3>IvKngj1.jpg</boxart3>
			<snapshot1>PxBfikX.png</snapshot1>
			<snapshot2>nzxuH12.png</snapshot2>
			<snapshot3>vpd4d1c.png</snapshot3>
			<snapshot4>rCWWU0l.png</snapshot4>
			<snapshot5>WbOU2t9.png</snapshot5>
			<snapshot6>PosqLem.png</snapshot6>
			<snapshot7>Zdd35lf.png</snapshot7>
			<snapshot8>hlRSmlJ.png</snapshot8>
			<snapshot9>i3ygrKS.png</snapshot9>
			<snapshot10>UyHbbok.png</snapshot10>
			<banner1>UeaaBGL.png</banner1>
			<clearlogo1>DcUTnVr.png</clearlogo1>
		</game>
		<game name="Jackie Chan's Action Kung Fu (USA)">
			<description>42.  Jackie Chan's Action Kung Fu</description>
			<rom name="No-Intro-Collection_2015-03-03/NEC%20-%20PC%20Engine%20-%20TurboGrafx%2016.zip/NEC%20-%20PC%20Engine%20-%20TurboGrafx%2016%2FJackie%20Chan%27s%20Action%20Kung%20Fu%20%28USA%29.zip" size="291020" />
			<title_clean>Jackie Chan's Action Kung Fu</title_clean>
			<plot>Here's a great platform game from Hudson which has you kicking and punching your way through the stages as Jackie Chan. Anyone familiar with the NES game will know what to expect, great pacing, versatile melee combat, and impressive boss fights abound. Happily, whilst superficially similar and sharing loads of gameplay elements the two versions aren't actually identical, as the layouts here deviate quite a bit sometimes and the whole game tends to have more focus on combat here than the NES game. All in all the two versions are different enough that its worth owning both versions.</plot>
			<releasedate>9/1/1992</releasedate>
			<year>1991</year>
			<genre>Action</genre>
			<studio>Hudson Soft Company</studio>
			<nplayers>1</nplayers>
			<perspective>3rd-Person</perspective>
			<rating>3.5</rating>
			<videoid>KtKUeSeXIOA</videoid>
			<thegamesdb_id>8213</thegamesdb_id>
			<gamefaqs_url>http://www.gamefaqs.com/tg16/588998-jackie-chans-action-kung-fu</gamefaqs_url>
			<mobygames_url>http://www.mobygames.com/game/turbo-grafx/jackie-chans-action-kung-fu</mobygames_url>
			<giantbomb_url>http://www.giantbomb.com/jackie-chans-action-kung-fu/3030-5129/</giantbomb_url>
			<consolegrid_url>http://consolegrid.com/games/10187</consolegrid_url>
			<boxart1>HnmalQw.jpg</boxart1>
			<boxart2>ovrqmvC.jpg</boxart2>
			<boxart3>LRHGN7j.jpg</boxart3>
			<snapshot1>4iR0qPA.png</snapshot1>
			<snapshot2>Cv5IpRM.png</snapshot2>
			<snapshot3>I5XmFRM.png</snapshot3>
			<snapshot4>sSuNvTW.png</snapshot4>
			<snapshot5>JEKBYfc.png</snapshot5>
			<snapshot6>H9RkS8X.png</snapshot6>
			<snapshot7>bK9OJpd.png</snapshot7>
			<snapshot8>iAOdumt.png</snapshot8>
			<snapshot9>BMpLogy.png</snapshot9>
			<snapshot10>BvKwv5G.png</snapshot10>
			<banner1>oBaEPbt.jpg</banner1>
		</game>
		<game name="Galaga '90 (USA)">
			<description>41.  Galaga '90</description>
			<rom name="No-Intro-Collection_2015-03-03/NEC%20-%20PC%20Engine%20-%20TurboGrafx%2016.zip/NEC%20-%20PC%20Engine%20-%20TurboGrafx%2016%2FGalaga%20%2790%20%28USA%29.zip" size="118042" />
			<title_clean>Galaga '90</title_clean>
			<plot>The third game in the Galaga series, Galaga 88' revamped and reworked the core gameplay in an attempt to make something that stood up to all its new fangled scrolling competition. The game adds in a whole load more variety in enemy behaviour, from aliens which dart around in different patterns, to those which inflate as they take damage, or split up into loads of mini versions of themselves, you can go up in difficulty levels (to places where there's more points) by collecting two pods which some enemies drop, and the game even throws in the odd scrolling level here and there for variation. Overall its an addictive blast that offers a change of pace from most of the other 'Engine shmups out there.</plot>
			<releasedate>9/1/1989</releasedate>
			<genre>Action</genre>
			<studio>NEC Technologies</studio>
			<nplayers>1</nplayers>
			<perspective>3rd-Person</perspective>
			<rating>3.9</rating>
			<videoid>L_E1nrbtQEE</videoid>
			<thegamesdb_id>5671</thegamesdb_id>
			<gamefaqs_url>http://www.gamefaqs.com/tg16/588979-galaga-90</gamefaqs_url>
			<mobygames_url>http://www.mobygames.com/game/turbo-grafx/galaga-90</mobygames_url>
			<giantbomb_url>http://www.giantbomb.com/galaga-88/3030-14593/</giantbomb_url>
			<consolegrid_url>http://consolegrid.com/games/8880</consolegrid_url>
			<boxart1>C7NeFgU.jpg</boxart1>
			<boxart2>kRwSPZs.jpg</boxart2>
			<boxart3>zcAGvcL.jpg</boxart3>
			<boxart4>NBfTxAZ.jpg</boxart4>
			<boxart5>u8mnhFr.jpg</boxart5>
			<snapshot1>r451NR9.png</snapshot1>
			<snapshot2>wuJPmgO.png</snapshot2>
			<snapshot3>ZWqCQl4.png</snapshot3>
			<snapshot4>1pnHeOJ.png</snapshot4>
			<snapshot5>BK9VX3T.png</snapshot5>
			<snapshot6>XDLFytb.png</snapshot6>
			<snapshot7>tB3fugV.png</snapshot7>
			<snapshot8>be1xg72.png</snapshot8>
			<snapshot9>fTQFDYJ.png</snapshot9>
			<snapshot10>3P1cJZ0.png</snapshot10>
			<banner1>QZuZj3P.jpg</banner1>
		</game>
		<game name="Hana Taaka Daka! (Japan)">
			<description>40.  Hana Taaka Daka</description>
			<rom name="No-Intro-Collection_2015-03-03/NEC%20-%20PC%20Engine%20-%20TurboGrafx%2016.zip/NEC%20-%20PC%20Engine%20-%20TurboGrafx%2016%2FHana%20Taaka%20Daka%21%20%28Japan%29.zip" size="282751" />
			<title_clean>Hana Taaka Daka!</title_clean>
			<plot>Yet another great scrolling shmup for the 'Engine. Long Nosed Goblin is a cute-em-up style shooter with great graphics and large levels filled with multiple routes. The genre staples are well represented, with good power-ups and memorable boss fights, but there's also a unique element here that adds to longevity, the hidden scrolls. Each level hides one scroll somewhere in one of the routes, whilst another is held by the boss, to complete the game properly you need to find all the scrolls as well as completing the game, this is a welcome addition which helps to add a little more depth to the proceedings.</plot>
			<releasedate>9/8/1991</releasedate>
			<genre>Action, Shooter, Scrolling</genre>
			<studio>Natsume</studio>
			<nplayers>1</nplayers>
			<videoid>fVPepc8HB8g</videoid>
			<thegamesdb_id>27541</thegamesdb_id>
			<gamefaqs_url>http://www.gamefaqs.com/tg16/571604-hana-taaka-daka</gamefaqs_url>
			<giantbomb_url>http://www.giantbomb.com/hana-taaka-daka/3030-50366/</giantbomb_url>
			<consolegrid_url>http://consolegrid.com/games/12474</consolegrid_url>
			<boxart1>M9oEIWP.jpg</boxart1>
			<boxart2>BIBlgqH.jpg</boxart2>
			<snapshot1>sAc7rK9.jpg</snapshot1>
			<snapshot2>l9MX5JW.jpg</snapshot2>
			<snapshot3>do0RIIp.jpg</snapshot3>
			<banner1>AZqSedU.jpg</banner1>
		</game>
		<game name="Battle Lode Runner (Japan)">
			<description>39.  Battle Lode Runner</description>
			<rom name="No-Intro-Collection_2015-03-03/NEC%20-%20PC%20Engine%20-%20TurboGrafx%2016.zip/NEC%20-%20PC%20Engine%20-%20TurboGrafx%2016%2FBattle%20Lode%20Runner%20%28Japan%29.zip" size="131224" />
			<title_clean>Battle Lode Runner</title_clean>
			<plot>When Hudson ported the US classic, Lode Runner to the Famicom in Japan it was a huge hit, so popular in fact that Hudson ended up releasing their own titles in the series for long after. This is one of the best of the subsequent sequels, all the core elements of the original gameplay are here (run around collecting gold and digging pits to trap enemies), as well as the admirable Edit Mode, but with a new selection of fiendishly designed levels and better presentation. Another important addition here is a battle mode, where Hudson try to add Bomberman-style multiplayer party fun to the Lode Runner gameplay, allowing up to five people to frantically run around collecting power-ups trying to trap each other in pits.</plot>
			<releasedate>10/2/1993</releasedate>
			<year>1993</year>
			<genre>Action</genre>
			<studio>Hudson Soft Company</studio>
			<nplayers>1-5 Sim</nplayers>
			<perspective>Platform</perspective>
			<rating>3.0</rating>
			<thegamesdb_id>20244</thegamesdb_id>
			<gamefaqs_url>http://www.gamefaqs.com/tg16/588899-battle-lode-runner</gamefaqs_url>
			<mobygames_url>http://www.mobygames.com/game/turbo-grafx/battle-lode-runner</mobygames_url>
			<giantbomb_url>http://www.giantbomb.com/battle-lode-runner/3030-13011/</giantbomb_url>
			<consolegrid_url>http://consolegrid.com/games/10294</consolegrid_url>
			<boxart1>u3FgfYT.jpg</boxart1>
			<boxart2>GQrPZU6.jpg</boxart2>
			<snapshot1>6eZbK85.png</snapshot1>
			<snapshot2>jE9wx1l.png</snapshot2>
			<snapshot3>TLXiKbS.jpg</snapshot3>
			<snapshot4>hmuKTqX.jpg</snapshot4>
			<snapshot5>KQI3jPg.jpg</snapshot5>
			<snapshot6>bF2xlzV.jpg</snapshot6>
			<snapshot7>R5jh0qO.jpg</snapshot7>
			<snapshot8>w816hBh.jpg</snapshot8>
			<snapshot9>O3tf7FA.jpg</snapshot9>
			<snapshot10>uZSrvVA.jpg</snapshot10>
			<banner1>Hmu4qQe.jpg</banner1>
		</game>
		<game name="New Adventure Island (USA)">
			<description>38.  New Adventure Island</description>
			<rom name="No-Intro-Collection_2015-03-03/NEC%20-%20PC%20Engine%20-%20TurboGrafx%2016.zip/NEC%20-%20PC%20Engine%20-%20TurboGrafx%2016%2FNew%20Adventure%20Island%20%28USA%29.zip" size="328406" />
			<title_clean>New Adventure Island</title_clean>
			<plot>This is a bright and colourful exclusive PC-Engine iteration of the popular Adventure Island series. I'd be lying if I didn't say I was a little disappointed with the direction they took here (the game eschews the rideable dinosaurs and memorable boss fights of NES Adventure Island II in favour of gameplay that heralds back to the original title), but the game still manages to succeed at providing fun, fast-paced platforming, with nice graphics (including great parallax), and excellent animations.</plot>
			<releasedate>9/1/1992</releasedate>
			<year>1992</year>
			<genre>Action</genre>
			<studio>Hudson Soft Company</studio>
			<nplayers>1</nplayers>
			<perspective>3rd-Person</perspective>
			<rating>3.2</rating>
			<videoid>P6mCDkcO8cg</videoid>
			<thegamesdb_id>8219</thegamesdb_id>
			<gamefaqs_url>http://www.gamefaqs.com/tg16/589049-new-adventure-island</gamefaqs_url>
			<mobygames_url>http://www.mobygames.com/game/turbo-grafx/new-adventure-island</mobygames_url>
			<giantbomb_url>http://www.giantbomb.com/new-adventure-island/3030-14323/</giantbomb_url>
			<consolegrid_url>http://consolegrid.com/games/8946</consolegrid_url>
			<boxart1>IJL2X2a.jpg</boxart1>
			<boxart2>VHgkspd.jpg</boxart2>
			<boxart3>gIRgjhy.jpg</boxart3>
			<boxart4>TiSNRbf.jpg</boxart4>
			<boxart5>BgFvzcG.jpg</boxart5>
			<snapshot1>CqC2hRN.png</snapshot1>
			<snapshot2>2uv6KvY.png</snapshot2>
			<snapshot3>ujKX6Ob.png</snapshot3>
			<snapshot4>pukwvOD.png</snapshot4>
			<snapshot5>BsIDIir.png</snapshot5>
			<snapshot6>SybnTIi.png</snapshot6>
			<snapshot7>hfaVGr0.png</snapshot7>
			<snapshot8>jU8yBKZ.png</snapshot8>
			<snapshot9>j0HbuaT.png</snapshot9>
			<snapshot10>wbQxh43.png</snapshot10>
			<banner1>yAlA3i0.png</banner1>
		</game>
		<game name="Bloody Wolf (USA)">
			<description>37.  Bloody Wolf</description>
			<rom name="No-Intro-Collection_2015-03-03/NEC%20-%20PC%20Engine%20-%20TurboGrafx%2016.zip/NEC%20-%20PC%20Engine%20-%20TurboGrafx%2016%2FBloody%20Wolf%20%28USA%29.zip" size="216017" />
			<title_clean>Bloody Wolf</title_clean>
			<plot>This top down shooter has you going deep into enemy territory in an effort to single-handedly rescue the president. The game is smooth and polished, there's no deep gameplay here, just shoot them before they shoot you, but there's items to collect and vehicles to ride and its all very fun. As an arcade port this is actually very impressive, if it wasn't for the lack of 2-player you could very easily call this an improvement, the graphics have actually been added to, and there' even some new levels.</plot>
			<releasedate>9/1/1990</releasedate>
			<year>1989</year>
			<genre>Action, Adventure</genre>
			<studio>NEC Technologies</studio>
			<nplayers>1</nplayers>
			<perspective>Top-Down</perspective>
			<rating>3.2</rating>
			<videoid>V3i4bdPzQjc</videoid>
			<thegamesdb_id>8190</thegamesdb_id>
			<gamefaqs_url>http://www.gamefaqs.com/tg16/588903-bloody-wolf</gamefaqs_url>
			<mobygames_url>http://www.mobygames.com/game/turbo-grafx/bloody-wolf</mobygames_url>
			<giantbomb_url>http://www.giantbomb.com/bloody-wolf/3030-2432/</giantbomb_url>
			<consolegrid_url>http://consolegrid.com/games/10263</consolegrid_url>
			<boxart1>HtwCYxw.jpg</boxart1>
			<boxart2>0Q7aw7E.jpg</boxart2>
			<snapshot1>UOY2m3p.png</snapshot1>
			<snapshot2>5fGzRYz.png</snapshot2>
			<snapshot3>m6tMFYr.png</snapshot3>
			<snapshot4>TTcH2OU.png</snapshot4>
			<snapshot5>cS7klya.png</snapshot5>
			<snapshot6>cyWrxel.png</snapshot6>
			<snapshot7>LToQ5Y6.png</snapshot7>
			<snapshot8>GLZTpum.png</snapshot8>
			<snapshot9>HR5BRDk.png</snapshot9>
			<snapshot10>spXM9xZ.png</snapshot10>
			<banner1>w90KfGX.jpg</banner1>
		</game>
		<game name="Son Son II (Japan)">
			<description>36.  Son Son II</description>
			<rom name="No-Intro-Collection_2015-03-03/NEC%20-%20PC%20Engine%20-%20TurboGrafx%2016.zip/NEC%20-%20PC%20Engine%20-%20TurboGrafx%2016%2FSon%20Son%20II%20%28Japan%29.zip" size="147069" />
			<title_clean>Son Son II</title_clean>
			<plot>Nice platformer featuring large, explorable levels, shops, and loads of climbing and platforming elements. Son Son II has you playing as a monkey who's main attack is an extendable stick, but can also buy and use magic (chosen by pausing the game, used by pressing both buttons at once), as well as many other interesting items such as a gauntlet which allows you to punch through some walls to find secrets. Its quite challenging at first but once you've got a lay of the land and know what to buy (the extra life giving lamps and bottles are a must), it all falls into place.</plot>
			<releasedate>27/1/1989</releasedate>
			<year>1989</year>
			<genre>Action, Adventure</genre>
			<studio>NEC Avenue</studio>
			<nplayers>1</nplayers>
			<perspective>Platform</perspective>
			<rating>4.0</rating>
			<videoid>kWrnjrOS_Lo</videoid>
			<thegamesdb_id>18416</thegamesdb_id>
			<gamefaqs_url>http://www.gamefaqs.com/tg16/589113-sonson-ii</gamefaqs_url>
			<mobygames_url>http://www.mobygames.com/game/turbo-grafx/son-son-ii</mobygames_url>
			<giantbomb_url>http://www.giantbomb.com/son-son-ii/3030-35420/</giantbomb_url>
			<consolegrid_url>http://consolegrid.com/games/10326</consolegrid_url>
			<boxart1>lEF47XN.jpg</boxart1>
			<boxart2>XM8V9lV.jpg</boxart2>
			<boxart3>iwQK9q5.jpg</boxart3>
			<snapshot1>p5Dppax.png</snapshot1>
			<snapshot2>MS6fKxn.png</snapshot2>
			<snapshot3>igg0Get.png</snapshot3>
			<snapshot4>93Rridk.png</snapshot4>
			<snapshot5>eifFx4s.png</snapshot5>
			<snapshot6>8VrFIcK.png</snapshot6>
			<snapshot7>7XSZVxS.png</snapshot7>
			<snapshot8>koxyuV1.png</snapshot8>
			<snapshot9>aj0Pi7f.png</snapshot9>
			<snapshot10>0fFfWqE.png</snapshot10>
			<banner1>U7f2iVh.jpg</banner1>
		</game>
		<game name="Super Star Soldier (Japan)">
			<description>35.  Super Star Soldier</description>
			<rom name="No-Intro-Collection_2015-03-03/NEC%20-%20PC%20Engine%20-%20TurboGrafx%2016.zip/NEC%20-%20PC%20Engine%20-%20TurboGrafx%2016%2FSuper%20Star%20Soldier%20%28Japan%29.zip" size="272901" />
			<title_clean>Super Star Soldier</title_clean>
			<plot>This is one of the more challenging games in the "Soldier" series, requiring a little more practice and mastery due to its strong level design which puts much more focus on dodging environmental hazards than in other games in the series. All the other "Soldier" hallmarks are here, lots of action, lots of bullets, huge primary weapons and cool auxiliary weapons such as the ever present homing missiles, as well as some useful rotating shield-pods which were absent from later games in the series.</plot>
			<releasedate>9/1/1990</releasedate>
			<year>1990</year>
			<genre>Action</genre>
			<studio>Hudson Soft Company</studio>
			<nplayers>1</nplayers>
			<perspective>3rd-Person</perspective>
			<rating>4.3</rating>
			<videoid>WtqqFhbGjJ0</videoid>
			<thegamesdb_id>8234</thegamesdb_id>
			<gamefaqs_url>http://www.gamefaqs.com/tg16/589127-super-star-soldier</gamefaqs_url>
			<mobygames_url>http://www.mobygames.com/game/turbo-grafx/super-star-soldier</mobygames_url>
			<giantbomb_url>http://www.giantbomb.com/super-star-soldier/3030-3973/</giantbomb_url>
			<consolegrid_url>http://consolegrid.com/games/10360</consolegrid_url>
			<boxart1>cvNi6lH.jpg</boxart1>
			<boxart2>yxVku1x.png</boxart2>
			<boxart3>z2BT2lP.jpg</boxart3>
			<snapshot1>r3CpzoS.png</snapshot1>
			<snapshot2>byBMiLW.png</snapshot2>
			<snapshot3>aGXEacl.png</snapshot3>
			<snapshot4>7Z5MmIn.png</snapshot4>
			<snapshot5>CnCX3Oo.jpg</snapshot5>
			<snapshot6>Mn1CPpf.png</snapshot6>
			<snapshot7>jlCBWXH.jpg</snapshot7>
			<snapshot8>ne182lU.jpg</snapshot8>
			<snapshot9>v8tLAa3.png</snapshot9>
			<snapshot10>FVHnckG.jpg</snapshot10>
			<banner1>mWV6sdi.png</banner1>
		</game>
		<game name="Raiden (USA)">
			<description>34.  Raiden</description>
			<rom name="No-Intro-Collection_2015-03-03/NEC%20-%20PC%20Engine%20-%20TurboGrafx%2016.zip/NEC%20-%20PC%20Engine%20-%20TurboGrafx%2016%2FRaiden%20%28USA%29.zip" size="533256" />
			<title_clean>Raiden</title_clean>
			<plot>Raiden was a bit of a benchmark game for vertical shooters when it arrived in the arcade, a shooter with great pacing, nicely designed weapons, and lots of action. Most of the other 16-bit versions came out disappointing for one reason or another, but here we have a very admirable conversion, with good graphics and most of the arcade game's content (it is, however missing the 2-player option). There's an improved CD version of this game with extra levels and re-done music, so those who have CD models should probably plump for that version.</plot>
			<releasedate>9/1/1991</releasedate>
			<year>1991</year>
			<genre>Action</genre>
			<studio>NEC Technologies</studio>
			<nplayers>1</nplayers>
			<perspective>Top-Down</perspective>
			<rating>3.4</rating>
			<videoid>7uW07nHihkA</videoid>
			<thegamesdb_id>8225</thegamesdb_id>
			<gamefaqs_url>http://www.gamefaqs.com/tg16/589087-raiden</gamefaqs_url>
			<mobygames_url>http://www.mobygames.com/game/turbo-grafx/raiden</mobygames_url>
			<giantbomb_url>http://www.giantbomb.com/raiden/3030-16693/</giantbomb_url>
			<consolegrid_url>http://consolegrid.com/games/8935</consolegrid_url>
			<boxart1>LuI1XbG.png</boxart1>
			<boxart2>SgxypZL.jpg</boxart2>
			<snapshot1>HLPrbAC.png</snapshot1>
			<snapshot2>5nmQ0vk.png</snapshot2>
			<snapshot3>qpJBe9A.png</snapshot3>
			<snapshot4>WkNMTu5.png</snapshot4>
			<snapshot5>HiV5GAa.jpg</snapshot5>
			<snapshot6>KETq02p.jpg</snapshot6>
			<snapshot7>BATCb8E.jpg</snapshot7>
			<snapshot8>UdRKGfH.jpg</snapshot8>
			<snapshot9>8scm7pC.jpg</snapshot9>
			<snapshot10>6jlWAfX.jpg</snapshot10>
			<banner1>2b2tSEt.png</banner1>
			<clearlogo1>RDZfHL4.png</clearlogo1>
		</game>
		<game name="Splatterhouse (USA)">
			<description>33.  Splatterhouse</description>
			<rom name="No-Intro-Collection_2015-03-03/NEC%20-%20PC%20Engine%20-%20TurboGrafx%2016.zip/NEC%20-%20PC%20Engine%20-%20TurboGrafx%2016%2FSplatterhouse%20%28USA%29.zip" size="268197" />
			<title_clean>Splatterhouse</title_clean>
			<plot>Here we have the first game in the popular Splatterhouse series. This is essentially a horror-themed scrolling beat-em-up that has you bashing monsters and doing some minor jumping here and there. The thing which really makes the game stand out though are it memorable set-pieces and monster designs, the whole thing just oozes creepy atmosphere.</plot>
			<releasedate>9/1/1990</releasedate>
			<year>1990</year>
			<genre>Action</genre>
			<studio>NEC Technologies</studio>
			<nplayers>1</nplayers>
			<perspective>3rd-Person</perspective>
			<rating>3.6</rating>
			<videoid>NOG6F7B2S2Y</videoid>
			<thegamesdb_id>3776</thegamesdb_id>
			<gamefaqs_url>http://www.gamefaqs.com/tg16/589119-splatterhouse</gamefaqs_url>
			<mobygames_url>http://www.mobygames.com/game/turbo-grafx/splatterhouse</mobygames_url>
			<giantbomb_url>http://www.giantbomb.com/splatterhouse/3030-15148/</giantbomb_url>
			<consolegrid_url>http://consolegrid.com/games/8884</consolegrid_url>
			<boxart1>nGIwpV5.png</boxart1>
			<boxart2>6hFXhTs.jpg</boxart2>
			<boxart3>7TXmPHT.jpg</boxart3>
			<snapshot1>zeaAlp4.png</snapshot1>
			<snapshot2>M311v9X.png</snapshot2>
			<snapshot3>a3L4q5r.png</snapshot3>
			<snapshot4>QR9F1RF.png</snapshot4>
			<snapshot5>F5GCqVx.png</snapshot5>
			<snapshot6>ERCvGOX.png</snapshot6>
			<snapshot7>HDG8kIA.png</snapshot7>
			<snapshot8>EpuC7Xf.png</snapshot8>
			<snapshot9>1nSbWYS.png</snapshot9>
			<snapshot10>UrBKNOQ.png</snapshot10>
			<banner1>ggFRktU.jpg</banner1>
			<clearlogo1>JZJsP40.png</clearlogo1>
		</game>
		<game name="1943 Kai (Japan)">
			<description>32.  1943 Kai</description>
			<rom name="No-Intro-Collection_2015-03-03/NEC%20-%20PC%20Engine%20-%20TurboGrafx%2016.zip/NEC%20-%20PC%20Engine%20-%20TurboGrafx%2016%2F1943%20Kai%20%28Japan%29.zip" size="268625" />
			<title_clean>1943 Kai</title_clean>
			<plot>This is a close recreation of Capcom's classic WWII vertical scrolling shooter, with all of the action of the original arcade game. On top of the original arcade game though you actually get a completely new, more modern extra game included that's good enough to have been a stand-alone sequel! By playing the songs 7,7,7,7,9,3,10 in the option menu you open up "Original Mode" a 2-player, adrenaline fueled, no-nonsense game of non-stop bullets and carnage that has fantastic new levels, presentation, and boss fights</plot>
			<releasedate>22/3/1991</releasedate>
			<year>1991</year>
			<genre>Action</genre>
			<studio>Naxat Soft</studio>
			<nplayers>1</nplayers>
			<perspective>Top-Down</perspective>
			<rating>3.2</rating>
			<videoid>wKuwk6TjIgs</videoid>
			<thegamesdb_id>23253</thegamesdb_id>
			<gamefaqs_url>http://www.gamefaqs.com/tg16/588882-1943-kai</gamefaqs_url>
			<mobygames_url>http://www.mobygames.com/game/turbo-grafx/1943-kai</mobygames_url>
			<consolegrid_url>http://consolegrid.com/games/12468</consolegrid_url>
			<boxart1>veV6TUI.jpg</boxart1>
			<boxart3>hmLIul6.jpg</boxart3>
			<snapshot1>L7Dhq85.png</snapshot1>
			<snapshot2>jwNmcY8.png</snapshot2>
			<snapshot3>MuFGC2p.png</snapshot3>
			<snapshot4>epQ03GE.png</snapshot4>
			<snapshot5>pE7xP3b.png</snapshot5>
			<snapshot6>sHqCpE7.jpg</snapshot6>
			<snapshot7>E8AcNsb.jpg</snapshot7>
			<snapshot8>eltWdyw.jpg</snapshot8>
			<snapshot9>LHJWQvl.jpg</snapshot9>
			<snapshot10>nW0BsqO.jpg</snapshot10>
			<banner1>9QbATJj.jpg</banner1>
			<clearlogo1>VMC09D6.png</clearlogo1>
		</game>
		<game name="Legendary Axe II, The (USA)">
			<description>31.  Legendary Axe II</description>
			<rom name="No-Intro-Collection_2015-03-03/NEC%20-%20PC%20Engine%20-%20TurboGrafx%2016.zip/NEC%20-%20PC%20Engine%20-%20TurboGrafx%2016%2FLegendary%20Axe%20II%2C%20The%20%28USA%29.zip" size="154309" />
			<title_clean>Legendary Axe II, The</title_clean>
			<plot>The developers went a very different direction for this sequel, going with a Geiger-inspired horror theme for the art design, and a more conventional system for its weapons and power-ups. The game has you hacking and slashing your way through an army of malevolent monsters and navigating some very excellently designed platforming layouts. All in all the game is successful (much of the new artwork is definitely striking and memorable), but personally I do feel that it doesn't quite live up to its predecessor.</plot>
			<releasedate>9/1/1990</releasedate>
			<year>1990</year>
			<genre>Action</genre>
			<studio>NEC Technologies</studio>
			<nplayers>1</nplayers>
			<perspective>3rd-Person</perspective>
			<rating>4.2</rating>
			<videoid>ec4HmMeISBw</videoid>
			<thegamesdb_id>5675</thegamesdb_id>
			<gamefaqs_url>http://www.gamefaqs.com/tg16/589018-legendary-axe-ii</gamefaqs_url>
			<mobygames_url>http://www.mobygames.com/game/turbo-grafx/legendary-axe-ii</mobygames_url>
			<giantbomb_url>http://www.giantbomb.com/the-legendary-axe-ii/3030-6441/</giantbomb_url>
			<consolegrid_url>http://consolegrid.com/games/8943</consolegrid_url>
			<boxart1>Afz6QmV.png</boxart1>
			<boxart2>EtPCLRz.jpg</boxart2>
			<boxart3>CcuBJXb.jpg</boxart3>
			<snapshot1>x1kuVCH.png</snapshot1>
			<snapshot2>hLfBrSY.png</snapshot2>
			<snapshot3>zHPKlkx.png</snapshot3>
			<snapshot4>639ZqTg.png</snapshot4>
			<snapshot5>Rm4jSN3.png</snapshot5>
			<snapshot6>Zj0Qe8v.png</snapshot6>
			<snapshot7>PurMg3S.png</snapshot7>
			<snapshot8>GZpkOpC.png</snapshot8>
			<snapshot9>QIek2hO.png</snapshot9>
			<snapshot10>RBsNS7B.png</snapshot10>
			<banner1>3HzoK7X.png</banner1>
		</game>
		<game name="Out Run (Japan)">
			<description>30.  Out Run</description>
			<rom name="No-Intro-Collection_2015-03-03/NEC%20-%20PC%20Engine%20-%20TurboGrafx%2016.zip/NEC%20-%20PC%20Engine%20-%20TurboGrafx%2016%2FOut%20Run%20%28Japan%29.zip" size="334688" />
			<title_clean>Out Run</title_clean>
			<plot>Here's a very good port of the classic Sega arcade game that even manages to rival Sega's own Mega Drive version, with its smooth scaling and colourful graphics. Outrun's main focus as a racing game is on all out fun, there's no real competition from other competitors here but instead a frantic race against the clock, with each checkpoint replenishing some time, its a great system and its used to its max here, often creating a lot of tense situations and exciting near misses.</plot>
			<releasedate>30/6/1986</releasedate>
			<year>1990</year>
			<genre>Driving, Racing</genre>
			<studio>NEC Avenue</studio>
			<nplayers>1</nplayers>
			<perspective>3rd-Person</perspective>
			<videoid>An1gUPqqBVg</videoid>
			<thegamesdb_id>26094</thegamesdb_id>
			<gamefaqs_url>http://www.gamefaqs.com/tg16/589061-outrun</gamefaqs_url>
			<mobygames_url>http://www.mobygames.com/game/turbo-grafx/outrun</mobygames_url>
			<giantbomb_url>http://www.giantbomb.com/outrun/3030-11260/</giantbomb_url>
			<consolegrid_url>http://consolegrid.com/games/10346</consolegrid_url>
			<boxart1>e847q57.jpg</boxart1>
			<boxart2>y8qdq8q.jpg</boxart2>
			<snapshot1>ozqC4Ud.gif</snapshot1>
			<snapshot2>ZkrIEYt.gif</snapshot2>
			<snapshot3>0ZsCKHi.gif</snapshot3>
			<snapshot4>YY7eopX.gif</snapshot4>
			<snapshot5>jRoxt2w.gif</snapshot5>
			<snapshot6>nVZTARd.gif</snapshot6>
			<snapshot7>rjJEVXy.gif</snapshot7>
			<snapshot8>NiMSfMl.gif</snapshot8>
			<snapshot9>7HZwVfG.gif</snapshot9>
			<snapshot10>4DBqgmv.gif</snapshot10>
			<banner1>YtJwJnN.jpg</banner1>
		</game>
		<game name="Salamander (Japan)">
			<description>29.  Salamander</description>
			<rom name="No-Intro-Collection_2015-03-03/NEC%20-%20PC%20Engine%20-%20TurboGrafx%2016.zip/NEC%20-%20PC%20Engine%20-%20TurboGrafx%2016%2FSalamander%20%28Japan%29.zip" size="186487" />
			<title_clean>Salamander</title_clean>
			<plot>Konami favoured the PC-Engine with great versions of a lot of their best shooters, and Salamander is no different. All in all it tries to be a close port, but there seems to be some attempt at honing the game, with some more elaborate enemy behaviour, and an increase in difficulty curve (here you get sent back to a check-point instead of having on-the-spot respawns). All in all the changes are great, but I think the new check-point system does make things a little more frustrating at times so I've dropped the placing accordingly.</plot>
			<releasedate>9/1/1991</releasedate>
			<genre>Shooter</genre>
			<studio>Konami</studio>
			<nplayers>1-2</nplayers>
			<rating>8.0</rating>
			<videoid>cMgdSrd8nY4</videoid>
			<thegamesdb_id>22395</thegamesdb_id>
			<gamefaqs_url>http://www.gamefaqs.com/tg16/589096-salamander</gamefaqs_url>
			<giantbomb_url>http://www.giantbomb.com/life-force/3030-13960/</giantbomb_url>
			<consolegrid_url>http://consolegrid.com/games/10362</consolegrid_url>
			<boxart1>PdnxsTl.png</boxart1>
			<boxart2>ue75wAP.jpg</boxart2>
			<snapshot1>HprYM9B.jpg</snapshot1>
			<snapshot2>T7eC5Lf.jpg</snapshot2>
			<snapshot3>uLycmgO.jpg</snapshot3>
			<snapshot4>1di7IDV.jpg</snapshot4>
			<snapshot5>Yoik2px.jpg</snapshot5>
			<snapshot6>xQeXC3d.jpg</snapshot6>
			<snapshot7>g7fvd1a.jpg</snapshot7>
			<snapshot8>OMP8QeL.jpg</snapshot8>
			<snapshot9>NEYpoeQ.jpg</snapshot9>
			<snapshot10>AAqgh6l.jpg</snapshot10>
			<banner1>q88UWem.jpg</banner1>
		</game>
		<game name="Bonk's Adventure (USA)">
			<description>28.  Bonk's Adventure</description>
			<rom name="No-Intro-Collection_2015-03-03/NEC%20-%20PC%20Engine%20-%20TurboGrafx%2016.zip/NEC%20-%20PC%20Engine%20-%20TurboGrafx%2016%2FBonk%27s%20Adventure%20%28USA%29.zip" size="228096" />
			<title_clean>Bonk's Adventure</title_clean>
			<plot>The game that introduced the world to Bonk (or PC Genjin as he was originally known), the star who would become the console's mascot. Bonk's Adventure is a platformer that has you controlling a caveman as he head butts and flips his way through the stages. Two elements which set this apart from other platformers (other than the excellent humour) are the ability for Bonk to spin in mid-air (allowing him to glide), and his talent for head butting enemies from both above and below, together these elements make for a fun, rewarding game where experienced players are able to bounce from enemy to enemy, gliding, or juggling them as they go.</plot>
			<releasedate>9/1/1990</releasedate>
			<year>1989</year>
			<genre>Action</genre>
			<studio>Hudson Soft Company, NEC Technologies</studio>
			<nplayers>1</nplayers>
			<perspective>Platform</perspective>
			<rating>4.1</rating>
			<videoid>6ZGC0FSZmRg</videoid>
			<thegamesdb_id>3777</thegamesdb_id>
			<gamefaqs_url>http://www.gamefaqs.com/tg16/588909-bonks-adventure</gamefaqs_url>
			<mobygames_url>http://www.mobygames.com/game/turbo-grafx/bonks-adventure</mobygames_url>
			<giantbomb_url>http://www.giantbomb.com/bonks-adventure/3030-6973/</giantbomb_url>
			<consolegrid_url>http://consolegrid.com/games/8879</consolegrid_url>
			<boxart1>6sUuFy5.jpg</boxart1>
			<boxart2>W6AVqsV.jpg</boxart2>
			<boxart3>GkU7jUe.jpg</boxart3>
			<boxart4>pi8HHyX.jpg</boxart4>
			<snapshot1>YXYhvyp.jpg</snapshot1>
			<snapshot2>iUghh6C.png</snapshot2>
			<snapshot3>Sm5AXTm.png</snapshot3>
			<snapshot4>z5DqLl4.png</snapshot4>
			<snapshot5>kR5Bc0w.png</snapshot5>
			<snapshot6>59Bxkr8.png</snapshot6>
			<snapshot7>qGGDHX2.png</snapshot7>
			<snapshot8>EJRXGK6.png</snapshot8>
			<snapshot9>1ctdG5R.png</snapshot9>
			<snapshot10>9HaemKZ.png</snapshot10>
			<fanart1>daWT9yV.jpg</fanart1>
			<banner1>u2GcuG9.png</banner1>
			<clearlogo1>0w6yvaC.png</clearlogo1>
		</game>
		<game name="Metal Stoker (Japan)">
			<description>27.  Metal Stoker</description>
			<rom name="No-Intro-Collection_2015-03-03/NEC%20-%20PC%20Engine%20-%20TurboGrafx%2016.zip/NEC%20-%20PC%20Engine%20-%20TurboGrafx%2016%2FMetal%20Stoker%20%28Japan%29.zip" size="309685" />
			<title_clean>Metal Stoker</title_clean>
			<plot>This has to be Face's best Hu-card as far as i'm concerned, an underrated top-down shooter which has you driving a land craft which can be powered up with multiple gun types, each of which can be upgraded independently by finding the pods hidden throughout the levels. The controls take a little getting used to (one of the buttons locks/unlocks your direction in place allowing you to fire one way whilst moving another), but before long you find yourself double-tapping your way through the stages. The pacing here is great, the levels have a lot of variation from one to the next, always throwing in new elements, its a good length, and the weapon upgrading works well.</plot>
			<releasedate>9/1/1991</releasedate>
			<year>1991</year>
			<genre>Shooter</genre>
			<studio>Face</studio>
			<nplayers>1</nplayers>
			<videoid>z1nABHSRpbU</videoid>
			<thegamesdb_id>33508</thegamesdb_id>
			<gamefaqs_url>http://www.gamefaqs.com/tg16/589028-metal-stoker</gamefaqs_url>
			<mobygames_url>http://www.mobygames.com/game/turbo-grafx/metal-stoker</mobygames_url>
			<consolegrid_url>http://consolegrid.com/games/10365</consolegrid_url>
			<boxart1>7cVxBSF.jpg</boxart1>
			<snapshot1>O5XPY2x.jpg</snapshot1>
			<snapshot2>eTNDKJi.png</snapshot2>
			<snapshot3>MMQEi7E.png</snapshot3>
			<snapshot4>wCcXqEK.png</snapshot4>
			<snapshot5>Q07ENHG.png</snapshot5>
			<snapshot6>tbU22fv.png</snapshot6>
			<snapshot7>Si7ZcX4.png</snapshot7>
			<snapshot8>LZohem6.png</snapshot8>
			<snapshot9>rnN22ZS.png</snapshot9>
			<snapshot10>OptRkoi.jpg</snapshot10>
			<banner1>qawjiCz.png</banner1>
		</game>
		<game name="Zipang (Japan)">
			<description>26.  Zipang</description>
			<rom name="No-Intro-Collection_2015-03-03/NEC%20-%20PC%20Engine%20-%20TurboGrafx%2016.zip/NEC%20-%20PC%20Engine%20-%20TurboGrafx%2016%2FZipang%20%28Japan%29.zip" size="139441" />
			<title_clean>Zipang</title_clean>
			<plot>Zipang is an enhanced version of the classic puzzle game Solomon's Key, now with updated, revamped graphics and loads of new levels. Its a fantastic improvement, making this quite possibly the best version of the game in available. The simple premise here is to collect the wand (which opens a door in each stage), and then reach the door. The interesting thing is that you can create and destroy blocks out of thin air, for instance to make steps, or to pull the ground out from under an enemy.</plot>
			<releasedate>9/1/1990</releasedate>
			<genre>Puzzle</genre>
			<studio>Pack-In-Video</studio>
			<nplayers>1</nplayers>
			<videoid>8uE_FsWw8XY</videoid>
			<thegamesdb_id>32159</thegamesdb_id>
			<gamefaqs_url>http://www.gamefaqs.com/tg16/589181-zipang</gamefaqs_url>
			<consolegrid_url>http://consolegrid.com/games/10282</consolegrid_url>
			<boxart1>aJex0OS.png</boxart1>
			<snapshot1>93bbmP3.jpg</snapshot1>
			<snapshot2>NkGGxPo.jpg</snapshot2>
			<snapshot3>TrqfPXx.jpg</snapshot3>
			<banner1>l56sbNc.jpg</banner1>
		</game>
		<game name="Detana!! TwinBee (Japan)">
			<description>25.  Detana!! TwinBee</description>
			<rom name="No-Intro-Collection_2015-03-03/NEC%20-%20PC%20Engine%20-%20TurboGrafx%2016.zip/NEC%20-%20PC%20Engine%20-%20TurboGrafx%2016%2FDetana%21%21%20TwinBee%20%28Japan%29.zip" size="326176" />
			<title_clean>Detana!! TwinBee</title_clean>
			<plot>This is a vertically scrolling 2-player cute-em-up from Konami. Having played the attractive, but narcolepsy-inducing SNES game I approached this with some level of trepidation, but happily my fears were quickly allayed. This is a fantastic game! the graphics obviously aren't up to the standards of the aforementioned SNES title, but they're still pretty good, and happily the challenge which was so completely absent in that game is here in spades, with the levels requiring you to properly practice and master them to make progress. Good layouts, good difficulty curve, great boss fights, and a tricky (but interesting) power-up system.</plot>
			<releasedate>28/2/1992</releasedate>
			<year>1992</year>
			<genre>Action</genre>
			<studio>Konami Co.</studio>
			<nplayers>1-2</nplayers>
			<perspective>Top-Down</perspective>
			<rating>3.2</rating>
			<videoid>BRt_aeHXr9w</videoid>
			<thegamesdb_id>23257</thegamesdb_id>
			<gamefaqs_url>http://www.gamefaqs.com/tg16/589153-detana-twinbee</gamefaqs_url>
			<mobygames_url>http://www.mobygames.com/game/turbo-grafx/detana-twinbee</mobygames_url>
			<giantbomb_url>http://www.giantbomb.com/bells-whistles/3030-9959/</giantbomb_url>
			<consolegrid_url>http://consolegrid.com/games/10318</consolegrid_url>
			<boxart1>ZWWfC18.jpg</boxart1>
			<boxart2>gI6OnhG.jpg</boxart2>
			<snapshot1>MKbJTYX.png</snapshot1>
			<snapshot2>7OtNTxp.png</snapshot2>
			<snapshot3>QH6q5Fe.png</snapshot3>
			<snapshot4>S8Cc8LS.png</snapshot4>
			<snapshot5>wM75hI8.png</snapshot5>
			<snapshot6>YcNR15Q.png</snapshot6>
			<snapshot7>5gfpSsQ.png</snapshot7>
			<snapshot8>9MTXg1b.png</snapshot8>
			<snapshot9>tjCV0iV.png</snapshot9>
			<snapshot10>6bBtXo3.png</snapshot10>
			<banner1>9kMMYpw.jpg</banner1>
		</game>
		<game name="Gekisha Boy (Japan)">
			<description>24.  Gekisha Boy</description>
			<rom name="No-Intro-Collection_2015-03-03/NEC%20-%20PC%20Engine%20-%20TurboGrafx%2016.zip/NEC%20-%20PC%20Engine%20-%20TurboGrafx%2016%2FGekisha%20Boy%20%28Japan%29.zip" size="274656" />
			<title_clean>Gekisha Boy</title_clean>
			<plot>One of the more original games on the 'Engine, this has you controlling a photographer as he walks through the levels, its your job to help him avoid hazards, and take pictures of weird things as they happen (photo's give you a certain amount of money), each level has a required monetary objective to pass, so you have to make the most of every picture. Its a good premise which provides a lot of memorable fun, and some laugh-out-loud humour.</plot>
			<releasedate>2/10/1992</releasedate>
			<genre>Action, Miscellaneous</genre>
			<studio>Tomcat System</studio>
			<nplayers>1</nplayers>
			<rating>7.5</rating>
			<videoid>_TVp4fwo_Z8</videoid>
			<thegamesdb_id>18444</thegamesdb_id>
			<gamefaqs_url>http://www.gamefaqs.com/tg16/589070-gekibo</gamefaqs_url>
			<giantbomb_url>http://www.giantbomb.com/gekisha-boy/3030-42480/</giantbomb_url>
			<consolegrid_url>http://consolegrid.com/games/12090</consolegrid_url>
			<boxart1>GaSxaYx.jpg</boxart1>
			<boxart2>mmlMLSg.jpg</boxart2>
			<snapshot1>nz0tFuf.png</snapshot1>
			<snapshot2>GU79EzX.png</snapshot2>
			<snapshot3>NouQOQ3.png</snapshot3>
			<snapshot4>0VSZo2Z.png</snapshot4>
			<snapshot5>MCB2KQ8.png</snapshot5>
			<snapshot6>9jADTxY.png</snapshot6>
			<snapshot7>zzNoCDr.png</snapshot7>
			<snapshot8>0G7NLhg.jpg</snapshot8>
			<snapshot9>ItvpfZb.jpg</snapshot9>
			<banner1>GFDtHW7.png</banner1>
		</game>
		<game name="Dungeon Explorer (USA)">
			<description>23.  Dungeon Explorer</description>
			<rom name="No-Intro-Collection_2015-03-03/NEC%20-%20PC%20Engine%20-%20TurboGrafx%2016.zip/NEC%20-%20PC%20Engine%20-%20TurboGrafx%2016%2FDungeon%20Explorer%20%28USA%29.zip" size="252771" />
			<title_clean>Dungeon Explorer</title_clean>
			<plot>This plays kind of like a Japanese take on Gauntlet. You get Gauntlet's action-packed dungeons, monsters, spawn points and multiplayer focus (except here 5 players can take part), but with some Japanese sensibilities added in, such an overworld with villages, story dialogue, and experience points. Overall the combination is a compelling success and this is some of the best multiplayer fun to be had on the system.</plot>
			<releasedate>9/1/1989</releasedate>
			<year>1989</year>
			<genre>RPG</genre>
			<studio>Atlus Co.</studio>
			<nplayers>1-5 Co-Op</nplayers>
			<perspective>3rd-Person</perspective>
			<rating>3.2</rating>
			<thegamesdb_id>5667</thegamesdb_id>
			<gamefaqs_url>http://www.gamefaqs.com/tg16/588955-dungeon-explorer</gamefaqs_url>
			<mobygames_url>http://www.mobygames.com/game/turbo-grafx/dungeon-explorer_</mobygames_url>
			<giantbomb_url>http://www.giantbomb.com/dungeon-explorer/3030-7849/</giantbomb_url>
			<consolegrid_url>http://consolegrid.com/games/8937</consolegrid_url>
			<boxart1>3WXPKYJ.jpg</boxart1>
			<boxart2>yyQDWid.jpg</boxart2>
			<boxart3>qSC17Pk.jpg</boxart3>
			<snapshot1>nCcyv2B.png</snapshot1>
			<snapshot2>0yai6Fk.png</snapshot2>
			<snapshot3>pkrTrtz.png</snapshot3>
			<snapshot4>zC38aAw.png</snapshot4>
			<snapshot5>SkZdBSw.png</snapshot5>
			<snapshot6>MHHmXkV.png</snapshot6>
			<snapshot7>GGR2NaI.png</snapshot7>
			<snapshot8>GIjxDVJ.png</snapshot8>
			<snapshot9>afxQ6dT.png</snapshot9>
			<snapshot10>e5GQLc4.jpg</snapshot10>
			<banner1>4NeXWSv.png</banner1>
		</game>
		<game name="Neutopia II (USA)">
			<description>22.  Neutopia II</description>
			<rom name="No-Intro-Collection_2015-03-03/NEC%20-%20PC%20Engine%20-%20TurboGrafx%2016.zip/NEC%20-%20PC%20Engine%20-%20TurboGrafx%2016%2FNeutopia%20II%20%28USA%29.zip" size="440627" />
			<title_clean>Neutopia II</title_clean>
			<plot>The sequel to Hudson's earlier Zelda clone. Here we have the same core gameplay seen in the first game, but now with improved graphics and music, and some further advances in the gameplay department, such as diagonal movement, and a more cohesive world. Unlike the original game with its teleporters, the overworld here is now fully connected, each section contains items which, when found allow you to progress futher into the map.</plot>
			<releasedate>9/1/1992</releasedate>
			<year>1991</year>
			<genre>Action, Adventure</genre>
			<studio>Hudson Soft USA</studio>
			<nplayers>1</nplayers>
			<perspective>Top-Down</perspective>
			<rating>3.7</rating>
			<videoid>yqXbmHe5v6k</videoid>
			<thegamesdb_id>8218</thegamesdb_id>
			<gamefaqs_url>http://www.gamefaqs.com/tg16/589048-neutopia-ii</gamefaqs_url>
			<mobygames_url>http://www.mobygames.com/game/turbo-grafx/neutopia-ii</mobygames_url>
			<giantbomb_url>http://www.giantbomb.com/neutopia-ii/3030-19420/</giantbomb_url>
			<consolegrid_url>http://consolegrid.com/games/8945</consolegrid_url>
			<boxart1>2Ws45kM.jpg</boxart1>
			<boxart2>FEAmsHC.jpg</boxart2>
			<boxart3>gctZorJ.jpg</boxart3>
			<boxart4>nqBZN8S.jpg</boxart4>
			<snapshot1>F1EKlNK.gif</snapshot1>
			<snapshot2>rPZi1ez.gif</snapshot2>
			<snapshot3>lDKISpM.gif</snapshot3>
			<snapshot4>6xOCiQv.gif</snapshot4>
			<snapshot5>bMFhzqi.gif</snapshot5>
			<snapshot6>vCidX1c.gif</snapshot6>
			<snapshot7>d7grEl2.gif</snapshot7>
			<snapshot8>7D1YTA5.gif</snapshot8>
			<snapshot9>skCNHJH.gif</snapshot9>
			<snapshot10>tieCXPK.gif</snapshot10>
			<banner1>PGxiIU4.png</banner1>
		</game>
		<game name="Air Zonk (USA)">
			<description>21.  Air Zonk</description>
			<rom name="No-Intro-Collection_2015-03-03/NEC%20-%20PC%20Engine%20-%20TurboGrafx%2016.zip/NEC%20-%20PC%20Engine%20-%20TurboGrafx%2016%2FAir%20Zonk%20%28USA%29.zip" size="324385" />
			<title_clean>Air Zonk</title_clean>
			<plot>Here's a wacky, humourous scrolling shooter starring the character Zonk, who was created to be the futuristic, updated counterpart to the earlier character Bonk. This game has to be one of the most impressive on the system, the screen is never less than packed with action, with enemy sprites flying around and huge death-dealing attacks coming from Zonk at a rapid pace, there's loads of smooth parallax in the backgrounds, and everything is colourful, and drawn with lots of charm. Gameplay wise this is generally just explosive balls-to-the-wall shooting action, but other features do add some tactics, you get to choose a support character for each level for instance, each giving you combinations of different attacks. All in all very good.</plot>
			<releasedate>9/1/1992</releasedate>
			<year>1992</year>
			<genre>Action</genre>
			<studio>Hudson Soft USA</studio>
			<nplayers>1</nplayers>
			<perspective>Side-Scrolling</perspective>
			<rating>4.1</rating>
			<videoid>mxgaUfKvKfY</videoid>
			<thegamesdb_id>8185</thegamesdb_id>
			<gamefaqs_url>http://www.gamefaqs.com/tg16/588888-air-zonk</gamefaqs_url>
			<mobygames_url>http://www.mobygames.com/game/turbo-grafx/air-zonk</mobygames_url>
			<giantbomb_url>http://www.giantbomb.com/air-zonk/3030-19338/</giantbomb_url>
			<consolegrid_url>http://consolegrid.com/games/8876</consolegrid_url>
			<boxart1>0TXbYyO.jpg</boxart1>
			<boxart2>k5Hu7Be.jpg</boxart2>
			<boxart3>hSNIK5C.jpg</boxart3>
			<snapshot1>UpSkLxn.jpg</snapshot1>
			<snapshot2>hmSHhyL.png</snapshot2>
			<snapshot3>73Cmucu.png</snapshot3>
			<snapshot4>YTEWWWr.png</snapshot4>
			<snapshot5>YPZ7K82.png</snapshot5>
			<snapshot6>VJG998e.png</snapshot6>
			<snapshot7>Zk451bn.png</snapshot7>
			<snapshot8>ZpLAGZG.png</snapshot8>
			<snapshot9>MJXmFDg.png</snapshot9>
			<snapshot10>0RRWGSv.png</snapshot10>
			<fanart1>WZLYBz7.jpg</fanart1>
			<banner1>ANwOHFy.png</banner1>
		</game>
		<game name="Momotarou Katsugeki (Japan)">
			<description>20.  Momotarou Katsugeki</description>
			<rom name="No-Intro-Collection_2015-03-03/NEC%20-%20PC%20Engine%20-%20TurboGrafx%2016.zip/NEC%20-%20PC%20Engine%20-%20TurboGrafx%2016%2FMomotarou%20Katsugeki%20%28Japan%29.zip" size="304063" />
			<title_clean>Momotarou Katsugeki</title_clean>
			<plot>Here's a nice, colourful platform game for PC-Engine that you don't often hear about. Momotaru Katsugeki is a fun, playable game that does all the platforming fundamentals well, and throws in some simple adventuring elements for good measure (there's villages and shops for buying weapon and armour upgrades as well as useful items). I'd be lying if I said it was totally import friendly (the menu, and password screen can be a little difficult to navigate at first), but generally everything in the game is straightforward, and accessible.</plot>
			<releasedate>21/9/1990</releasedate>
			<genre>Action, Miscellaneous</genre>
			<studio>Hudson</studio>
			<videoid>AXcuDPQUvvw</videoid>
			<thegamesdb_id>24804</thegamesdb_id>
			<gamefaqs_url>http://www.gamefaqs.com/tg16/589034-momotarou-katsugeki</gamefaqs_url>
			<giantbomb_url>http://www.giantbomb.com/momotaro-katsugeki/3030-40235/</giantbomb_url>
			<boxart1>mJwhs0Y.jpg</boxart1>
			<boxart2>lOPe54l.jpg</boxart2>
			<snapshot1>TIY34SN.jpg</snapshot1>
			<snapshot2>3vYNBOR.jpg</snapshot2>
			<snapshot3>LtJBeuT.jpg</snapshot3>
		</game>
		<game name="Moto Roader (USA)">
			<description>19.  Moto Roader</description>
			<rom name="No-Intro-Collection_2015-03-03/NEC%20-%20PC%20Engine%20-%20TurboGrafx%2016.zip/NEC%20-%20PC%20Engine%20-%20TurboGrafx%2016%2FMoto%20Roader%20%28USA%29.zip" size="138921" />
			<title_clean>Moto Roader</title_clean>
			<plot>This is a top down racing game somewhat akin to a futuristic version of Micro Machines. The control here is great, and the courses are well designed, and memorable, with jumps, floor boosts and hazards littering the tracks. You can also upgrade your vehicle with a plethora of parts, and kit it out with all sorts of different weapons, all of which create mayhem and fun in the excellent 5-player races.</plot>
			<releasedate>9/1/1989</releasedate>
			<year>1989</year>
			<genre>Action, Driving, Racing</genre>
			<studio>NEC Home Electronics (U.S.A.) Inc.</studio>
			<nplayers>1</nplayers>
			<perspective>Top-Down</perspective>
			<rating>3.4</rating>
			<thegamesdb_id>8217</thegamesdb_id>
			<gamefaqs_url>http://www.gamefaqs.com/tg16/589037-moto-roader</gamefaqs_url>
			<mobygames_url>http://www.mobygames.com/game/turbo-grafx/moto-roader</mobygames_url>
			<giantbomb_url>http://www.giantbomb.com/moto-roader/3030-9303/</giantbomb_url>
			<boxart1>VaeNGP8.jpg</boxart1>
			<boxart2>KK3c0Xq.jpg</boxart2>
			<boxart3>YZvJHaH.jpg</boxart3>
			<snapshot1>REaq5ac.png</snapshot1>
			<snapshot2>jrpryA8.png</snapshot2>
			<snapshot3>iEUqz5q.png</snapshot3>
			<snapshot4>n4jczTw.png</snapshot4>
			<snapshot5>B2O9eYG.png</snapshot5>
			<snapshot6>B0j29ZY.png</snapshot6>
			<snapshot7>620rrQX.png</snapshot7>
			<snapshot8>l5E4geU.png</snapshot8>
			<snapshot9>veb1S5c.png</snapshot9>
			<snapshot10>I3oyeCq.png</snapshot10>
		</game>
		<game name="Ninja Spirit (USA)">
			<description>18.  Ninja Spirit</description>
			<rom name="No-Intro-Collection_2015-03-03/NEC%20-%20PC%20Engine%20-%20TurboGrafx%2016.zip/NEC%20-%20PC%20Engine%20-%20TurboGrafx%2016%2FNinja%20Spirit%20%28USA%29.zip" size="257960" />
			<title_clean>Ninja Spirit</title_clean>
			<plot>Here's a fast-paced action game which has you slashing your sword and shuriken-throwing your way through armies of bad guys. Ninja Spirit's best aspects are its rock-solid control system, which gives you a lot of room for flair and mastery, and its cool power-ups, ranging from longer sword range, to a gang of clones which follow your every move. This excellent version contains both the original arcade game, and a PC-Engine dedicated mode which has been made a little easier.</plot>
			<releasedate>9/1/1990</releasedate>
			<year>1990</year>
			<genre>Action</genre>
			<studio>Irem Corp.</studio>
			<nplayers>1</nplayers>
			<perspective>3rd-Person</perspective>
			<rating>4.1</rating>
			<videoid>GLMGRELPfDI</videoid>
			<thegamesdb_id>5678</thegamesdb_id>
			<gamefaqs_url>http://www.gamefaqs.com/tg16/589055-ninja-spirit</gamefaqs_url>
			<mobygames_url>http://www.mobygames.com/game/turbo-grafx/ninja-spirit</mobygames_url>
			<giantbomb_url>http://www.giantbomb.com/ninja-spirit/3030-11674/</giantbomb_url>
			<consolegrid_url>http://consolegrid.com/games/10356</consolegrid_url>
			<boxart1>rNmPPKa.jpg</boxart1>
			<boxart2>VcIiPMJ.jpg</boxart2>
			<boxart3>rnWq0es.jpg</boxart3>
			<snapshot1>oYIChaV.png</snapshot1>
			<snapshot2>7ptFkt6.png</snapshot2>
			<snapshot3>am0Trez.png</snapshot3>
			<snapshot4>HuXkZSO.png</snapshot4>
			<snapshot5>npzCSzL.png</snapshot5>
			<snapshot6>2bzQsZ2.png</snapshot6>
			<snapshot7>6cVsnIu.png</snapshot7>
			<snapshot8>3U9QTcd.png</snapshot8>
			<snapshot9>avy2XYH.png</snapshot9>
			<snapshot10>Ah0PJwT.png</snapshot10>
			<banner1>NeMus67.jpg</banner1>
		</game>
		<game name="Blazing Lazers (USA)">
			<description>17.  Blazing Lazers</description>
			<rom name="No-Intro-Collection_2015-03-03/NEC%20-%20PC%20Engine%20-%20TurboGrafx%2016.zip/NEC%20-%20PC%20Engine%20-%20TurboGrafx%2016%2FBlazing%20Lazers%20%28USA%29.zip" size="208534" />
			<title_clean>Blazing Lazers</title_clean>
			<plot>Gunhed was the early PC-Engine title that kick-started its enduring reputation as a shoot-em-up fan's dream console. Co-made by staff of both Compile and Hudsonsoft, Gunhed shows its pedigree well, with frenetic action and a multitude of different interesting weapons. Later PC-Engine shooters may have taken its core core concepts and run with them, but Gunhed remains one of the more memorable, and atmospheric Engine shooters, due in large part to its excellent music and presentation.</plot>
			<releasedate>9/1/1989</releasedate>
			<year>1989</year>
			<genre>Action</genre>
			<studio>Hudson Soft Company, NEC Home Electronics (U.S.A.) Inc.</studio>
			<nplayers>1</nplayers>
			<perspective>Top-Down</perspective>
			<rating>4.0</rating>
			<videoid>OquO7XKHDT4</videoid>
			<thegamesdb_id>5657</thegamesdb_id>
			<gamefaqs_url>http://www.gamefaqs.com/tg16/588902-blazing-lazers</gamefaqs_url>
			<mobygames_url>http://www.mobygames.com/game/turbo-grafx/blazing-lazers</mobygames_url>
			<giantbomb_url>http://www.giantbomb.com/blazing-lazers/3030-5519/</giantbomb_url>
			<consolegrid_url>http://consolegrid.com/games/8948</consolegrid_url>
			<boxart1>prjFvyx.jpg</boxart1>
			<boxart2>qXqq8XA.jpg</boxart2>
			<boxart3>zusK6mJ.jpg</boxart3>
			<snapshot1>El17TcT.jpg</snapshot1>
			<snapshot2>FnvfTaY.png</snapshot2>
			<snapshot3>yb4EXgJ.png</snapshot3>
			<snapshot4>kVC1PXW.png</snapshot4>
			<snapshot5>t0nIuBO.png</snapshot5>
			<snapshot6>IHZcWtf.png</snapshot6>
			<snapshot7>g20JNHM.png</snapshot7>
			<snapshot8>Llmjrbc.png</snapshot8>
			<snapshot9>H6tHbip.png</snapshot9>
			<snapshot10>xrIik5P.png</snapshot10>
			<fanart1>3dzFKRO.jpg</fanart1>
			<banner1>e200fdV.png</banner1>
		</game>
		<game name="Devil's Crush (USA)">
			<description>16.  Devil's Crush</description>
			<rom name="No-Intro-Collection_2015-03-03/NEC%20-%20PC%20Engine%20-%20TurboGrafx%2016.zip/NEC%20-%20PC%20Engine%20-%20TurboGrafx%2016%2FDevil%27s%20Crush%20%28USA%29.zip" size="204109" />
			<title_clean>Devil's Crush</title_clean>
			<plot>Devil's Crush gives you one of the most memorable tables of the genre, an occult themed table of skeletons and monsters. The game builds on the mini-table's of the first game, with more numerous table changes, and some new, cool boss fights. This has a height increas in comparison to Alien Crush, and replaces the flick screen set-up of the 1st game with smooth scrolling. The best 16-bit pinball game bar none.</plot>
			<releasedate>9/1/1990</releasedate>
			<year>1990</year>
			<genre>Action</genre>
			<studio>NEC Technologies</studio>
			<nplayers>1</nplayers>
			<perspective>Top-Down</perspective>
			<rating>3.2</rating>
			<videoid>J-7iC8z6q8s</videoid>
			<thegamesdb_id>5663</thegamesdb_id>
			<gamefaqs_url>http://www.gamefaqs.com/tg16/588942-devils-crush</gamefaqs_url>
			<mobygames_url>http://www.mobygames.com/game/turbo-grafx/devils-crush</mobygames_url>
			<giantbomb_url>http://www.giantbomb.com/devils-crush/3030-11721/</giantbomb_url>
			<consolegrid_url>http://consolegrid.com/games/10674</consolegrid_url>
			<boxart1>RngfFhW.jpg</boxart1>
			<boxart2>Tvw2JAn.jpg</boxart2>
			<boxart3>pS0ZNyt.jpg</boxart3>
			<boxart4>3LfNj2A.jpg</boxart4>
			<snapshot1>lw7urgp.png</snapshot1>
			<snapshot2>oPDYIwb.png</snapshot2>
			<snapshot3>siHcYO9.png</snapshot3>
			<snapshot4>LEwcSqo.png</snapshot4>
			<snapshot5>m8ks6vk.png</snapshot5>
			<snapshot6>Mii8OQL.png</snapshot6>
			<snapshot7>BoWp5tI.png</snapshot7>
			<snapshot8>nti03Pq.png</snapshot8>
			<snapshot9>04xqaJo.jpg</snapshot9>
			<snapshot10>G1GoocI.jpg</snapshot10>
			<banner1>ltk26N2.png</banner1>
		</game>
		<game name="Cadash (USA)">
			<description>15.  Cadash</description>
			<rom name="No-Intro-Collection_2015-03-03/NEC%20-%20PC%20Engine%20-%20TurboGrafx%2016.zip/NEC%20-%20PC%20Engine%20-%20TurboGrafx%2016%2FCadash%20%28USA%29.zip" size="259179" />
			<title_clean>Cadash</title_clean>
			<plot>Cadash is an action RPG which is similar in structure to Metroid, or one of the later Wonder Boy titles, except here you also get experience points and multiple character classes to go with the shops and upgrades. The game provides a decently lengthed adventure, but the big differences between each character class adds a lot of replay value, the projectile throwing Ninja for instance is a very different experience to the close quarters combat of the warrior. The game's art design here is stellar, and there's also an always welcome 2-player option so you can bring a friend along for the ride. Overall this is a very good arcade port, leagues better than the drab Sega Mega Drive release as far as I'm concerned</plot>
			<releasedate>9/1/1991</releasedate>
			<year>1991</year>
			<genre>Action, RPG</genre>
			<studio>Working Designs</studio>
			<nplayers>1</nplayers>
			<perspective>Platform</perspective>
			<rating>3.5</rating>
			<thegamesdb_id>8195</thegamesdb_id>
			<gamefaqs_url>http://www.gamefaqs.com/tg16/588919-cadash</gamefaqs_url>
			<mobygames_url>http://www.mobygames.com/game/turbo-grafx/cadash</mobygames_url>
			<giantbomb_url>http://www.giantbomb.com/cadash/3030-18068/</giantbomb_url>
			<consolegrid_url>http://consolegrid.com/games/10287</consolegrid_url>
			<boxart1>I9MKm0C.jpg</boxart1>
			<boxart2>EctY0xh.jpg</boxart2>
			<boxart3>D9pK5Zt.jpg</boxart3>
			<boxart4>iXsxqiN.jpg</boxart4>
			<snapshot1>WQVsGN2.gif</snapshot1>
			<snapshot2>sSxCkuq.gif</snapshot2>
			<snapshot3>JTJeLDS.gif</snapshot3>
			<snapshot4>dODhJNl.gif</snapshot4>
			<snapshot5>GFtJK0h.gif</snapshot5>
			<snapshot6>oKjWI3F.gif</snapshot6>
			<snapshot7>m6XPmQ0.gif</snapshot7>
			<snapshot8>twR9yjM.gif</snapshot8>
			<snapshot9>F5Csf4G.gif</snapshot9>
			<snapshot10>EWQFEyq.gif</snapshot10>
			<banner1>LUfG2aZ.jpg</banner1>
			<clearlogo1>I4UroKq.png</clearlogo1>
		</game>
		<game name="Gomola Speed (Japan)">
			<description>14.  Gomola Speed</description>
			<rom name="No-Intro-Collection_2015-03-03/NEC%20-%20PC%20Engine%20-%20TurboGrafx%2016.zip/NEC%20-%20PC%20Engine%20-%20TurboGrafx%2016%2FGomola%20Speed%20%28Japan%29.zip" size="146366" />
			<title_clean>Gomola Speed</title_clean>
			<plot>One of the most original, and under-appreciated games on the system, Gomola Speed is a fun, arcade-style puzzle game which has you controlling a snake as it sweeps through the stage growing and encircling food, whilst avoiding hazards and dropping timed bombs. Its a clever, well-designed game that has an interesting concept and a very unique feel.</plot>
			<releasedate>28/9/1990</releasedate>
			<year>1990</year>
			<genre>Action</genre>
			<studio>UPL Co.</studio>
			<nplayers>1</nplayers>
			<perspective>Top-Down</perspective>
			<rating>4.0</rating>
			<videoid>kOzYLSVNayU</videoid>
			<thegamesdb_id>31080</thegamesdb_id>
			<gamefaqs_url>http://www.gamefaqs.com/tg16/588985-gomola-speed</gamefaqs_url>
			<mobygames_url>http://www.mobygames.com/game/turbo-grafx/gomola-speed</mobygames_url>
			<consolegrid_url>http://consolegrid.com/games/10700</consolegrid_url>
			<boxart1>PQQrD1R.jpg</boxart1>
			<boxart2>FfwhHuv.jpg</boxart2>
			<boxart3>KD9iadj.jpg</boxart3>
			<snapshot1>LcVkQfp.png</snapshot1>
			<snapshot2>tboYTMG.png</snapshot2>
			<snapshot3>MB6ilTY.png</snapshot3>
			<snapshot4>taCwSYE.png</snapshot4>
			<snapshot5>ioVvbpz.png</snapshot5>
			<snapshot6>I0T5teX.png</snapshot6>
			<snapshot7>14O56YS.png</snapshot7>
			<snapshot8>4rdYWB9.png</snapshot8>
			<snapshot9>n53uPla.png</snapshot9>
			<snapshot10>KdCoAYR.png</snapshot10>
			<banner1>G4OZ21D.png</banner1>
		</game>
		<game name="Populous (Japan)">
			<description>13.  Populous</description>
			<rom name="No-Intro-Collection_2015-03-03/NEC%20-%20PC%20Engine%20-%20TurboGrafx%2016.zip/NEC%20-%20PC%20Engine%20-%20TurboGrafx%2016%2FPopulous%20%28Japan%29.zip" size="218423" />
			<title_clean>Populous</title_clean>
			<plot>The classic world-building sim was ported to the PC-Engine with everything intact. Here you get to play god to your people helping them grow and prosper with the ultimate goal of wiping out their enemies and thriving.</plot>
			<releasedate>9/1/1991</releasedate>
			<year>1991</year>
			<genre>Strategy</genre>
			<studio>Hudson Soft Company</studio>
			<nplayers>1</nplayers>
			<perspective>Isometric</perspective>
			<rating>4.2</rating>
			<gamefaqs_url>http://www.gamefaqs.com/tg16/589071-populous</gamefaqs_url>
			<mobygames_url>http://www.mobygames.com/game/turbo-grafx/populous</mobygames_url>
			<giantbomb_url>http://www.giantbomb.com/populous/3030-6210/</giantbomb_url>
			<boxart1>4gOz29g.jpg</boxart1>
			<boxart2>wxb7bFn.jpg</boxart2>
			<boxart3>KdkiA5y.jpg</boxart3>
			<snapshot1>8eVkiPL.png</snapshot1>
			<snapshot2>Xk0BLnI.png</snapshot2>
			<snapshot3>1Cp9NYD.png</snapshot3>
			<snapshot4>qMCsrK9.png</snapshot4>
			<snapshot5>Notro72.png</snapshot5>
			<snapshot6>1d73lRC.png</snapshot6>
			<snapshot7>s0lap8r.png</snapshot7>
			<snapshot8>wXNDkFL.png</snapshot8>
			<snapshot9>HsQhA1M.png</snapshot9>
			<snapshot10>na1KDej.png</snapshot10>
		</game>
		<game name="Legendary Axe, The (USA)">
			<description>12.  Legendary Axe</description>
			<rom name="No-Intro-Collection_2015-03-03/NEC%20-%20PC%20Engine%20-%20TurboGrafx%2016.zip/NEC%20-%20PC%20Engine%20-%20TurboGrafx%2016%2FLegendary%20Axe%2C%20The%20%28USA%29.zip" size="165953" />
			<title_clean>Legendary Axe, The</title_clean>
			<plot>The TurboGraFX library got off to a blistering start in the US, launching with some of the most impressive, and playable games of the year. Legendary Axe was one of those stand-out titles, a well paced arcade style action game with excellent graphics and locales, and some of its own unique gameplay ideas. Here you have an attack bar which is used every time swipe, and then auto-recharges, when at its maximum you do greater damage. This system encourages careful timing and precision over mindless hacking and slashing, so as to maximise damage.</plot>
			<releasedate>9/1/1989</releasedate>
			<year>1988</year>
			<genre>Action</genre>
			<studio>NEC Home Electronics (U.S.A.) Inc.</studio>
			<nplayers>1</nplayers>
			<perspective>3rd-Person</perspective>
			<rating>2.9</rating>
			<videoid>h456P9RyTA8</videoid>
			<thegamesdb_id>5674</thegamesdb_id>
			<gamefaqs_url>http://www.gamefaqs.com/tg16/589017-the-legendary-axe</gamefaqs_url>
			<mobygames_url>http://www.mobygames.com/game/turbo-grafx/legendary-axe</mobygames_url>
			<giantbomb_url>http://www.giantbomb.com/the-legendary-axe/3030-1906/</giantbomb_url>
			<consolegrid_url>http://consolegrid.com/games/8942</consolegrid_url>
			<boxart1>rPuxNZd.jpg</boxart1>
			<boxart2>lM7jmei.jpg</boxart2>
			<boxart3>MWD7J4a.jpg</boxart3>
			<boxart4>gGCmc2B.jpg</boxart4>
			<snapshot1>JHRHgVN.png</snapshot1>
			<snapshot2>Krcf7wf.png</snapshot2>
			<snapshot3>b2pSsYE.png</snapshot3>
			<snapshot4>bmQlxV7.png</snapshot4>
			<snapshot5>8jYP3tg.png</snapshot5>
			<snapshot6>pPYakgR.png</snapshot6>
			<snapshot7>LvTjwRY.png</snapshot7>
			<snapshot8>iAJ7Yfi.png</snapshot8>
			<snapshot9>td7MQcq.png</snapshot9>
			<snapshot10>11KmdBI.png</snapshot10>
			<banner1>uTSJOk1.jpg</banner1>
		</game>
		<game name="R-Type (USA)">
			<description>11.  R-Type</description>
			<rom name="No-Intro-Collection_2015-03-03/NEC%20-%20PC%20Engine%20-%20TurboGrafx%2016.zip/NEC%20-%20PC%20Engine%20-%20TurboGrafx%2016%2FR-Type%20%28USA%29.zip" size="312336" />
			<title_clean>R-Type</title_clean>
			<plot>One of the most important scrolling shooters of the 80s, R-Type introduced some of the most intricate level designs, and clever power-up system's to the gaming world, all infused with Alien/H R Geiger inspired art design. So impressive, and unprecedented was the PC-Engine's port of R-Type that it was probably the closest the system came to having a killer application, at least in the early days. Its not quite a perfect port of the game, but it makes a pretty damn good stab at it! The game was originally released in two halves in japan, "Part 1" and "part 2" but the US Turbochip version was the full game.</plot>
			<releasedate>9/1/1990</releasedate>
			<year>1990</year>
			<genre>Action</genre>
			<studio>NEC Home Electronics (U.S.A.) Inc.</studio>
			<nplayers>1</nplayers>
			<perspective>Side-Scrolling</perspective>
			<rating>3.4</rating>
			<videoid>qftjpU5xrPo</videoid>
			<thegamesdb_id>8226</thegamesdb_id>
			<gamefaqs_url>http://www.gamefaqs.com/tg16/589090-r-type</gamefaqs_url>
			<mobygames_url>http://www.mobygames.com/game/turbo-grafx/r-type</mobygames_url>
			<giantbomb_url>http://www.giantbomb.com/r-type/3030-13745/</giantbomb_url>
			<consolegrid_url>http://consolegrid.com/games/8882</consolegrid_url>
			<boxart1>O9Oimnv.jpg</boxart1>
			<boxart2>3hNXDIP.jpg</boxart2>
			<boxart3>ukGbroo.jpg</boxart3>
			<snapshot1>nR71r77.png</snapshot1>
			<snapshot2>235hBMK.png</snapshot2>
			<snapshot3>oWH0ngF.png</snapshot3>
			<snapshot4>PxTVPX6.png</snapshot4>
			<snapshot5>qY9TdTV.jpg</snapshot5>
			<snapshot6>Q8R6gIl.jpg</snapshot6>
			<snapshot7>4N1lNej.jpg</snapshot7>
			<snapshot8>TPx0Z3q.jpg</snapshot8>
			<snapshot9>iRqPsAx.jpg</snapshot9>
			<snapshot10>GCpnkuk.jpg</snapshot10>
			<fanart1>uKzfc4W.jpg</fanart1>
			<banner1>NTDrkkx.jpg</banner1>
			<clearlogo1>ymdIL3F.png</clearlogo1>
		</game>
		<game name="Military Madness (USA)">
			<description>10.  Military Madness</description>
			<rom name="No-Intro-Collection_2015-03-03/NEC%20-%20PC%20Engine%20-%20TurboGrafx%2016.zip/NEC%20-%20PC%20Engine%20-%20TurboGrafx%2016%2FMilitary%20Madness%20%28USA%29.zip" size="282948" />
			<title_clean>Military Madness</title_clean>
			<plot>This is a nice, accessible turn-based strategy game in the vein of games like Advance Wars. Here the aim is to try to move your units around the map into the best strategic positions (terrain, and supporting units play a big part on how much damage is done), as the battles go on your forces gain experience with every successful attack, and factories and bases can be captured. All in all its a great strategy game for its time, and all the different elements really come together to add real depth.</plot>
			<releasedate>9/1/1990</releasedate>
			<year>1989</year>
			<genre>Strategy</genre>
			<studio>NEC Technologies</studio>
			<nplayers>1</nplayers>
			<perspective>Top-Down</perspective>
			<rating>3.8</rating>
			<videoid>T-fo515wMNc</videoid>
			<thegamesdb_id>5676</thegamesdb_id>
			<gamefaqs_url>http://www.gamefaqs.com/tg16/589030-military-madness</gamefaqs_url>
			<mobygames_url>http://www.mobygames.com/game/turbo-grafx/military-madness</mobygames_url>
			<giantbomb_url>http://www.giantbomb.com/military-madness/3030-4152/</giantbomb_url>
			<consolegrid_url>http://consolegrid.com/games/10739</consolegrid_url>
			<boxart1>FY82EVS.jpg</boxart1>
			<boxart2>Yp5MIHy.jpg</boxart2>
			<boxart3>4p0c3GU.jpg</boxart3>
			<boxart4>z0vJ8p4.jpg</boxart4>
			<snapshot1>Oedeilh.png</snapshot1>
			<snapshot2>q9jfEdm.png</snapshot2>
			<snapshot3>IcGTKMW.png</snapshot3>
			<snapshot4>lmzxTd9.png</snapshot4>
			<snapshot5>6lGoRTA.png</snapshot5>
			<snapshot6>Y4rFIV1.png</snapshot6>
			<snapshot7>BtqmLhP.png</snapshot7>
			<snapshot8>2rNVo1w.png</snapshot8>
			<snapshot9>foJ7Zzd.png</snapshot9>
			<snapshot10>2CfYqfP.png</snapshot10>
			<banner1>lPAYyrA.png</banner1>
		</game>
		<game name="Parasol Stars - The Story of Bubble Bobble III (USA)">
			<description>9.  Parasol Stars - The Story of Bubble Bobble III</description>
			<rom name="No-Intro-Collection_2015-03-03/NEC%20-%20PC%20Engine%20-%20TurboGrafx%2016.zip/NEC%20-%20PC%20Engine%20-%20TurboGrafx%2016%2FParasol%20Stars%20-%20The%20Story%20of%20Bubble%20Bobble%20III%20%28USA%29.zip" size="241237" />
			<title_clean>Parasol Stars - The Story of Bubble Bobble III</title_clean>
			<plot>The third game in the Bubble Bobble series heralded a return to what the series knew best, 2-player, simple gameplay with you dispatching the enemies in new and interesting ways! Here you can pick up the assortment of different enemies and throw them at each other to clear each screen, there's a parasol which can be used to float, as well as collect other weapons that can be released on the enemies, and some memorable boss fights too. Definitely a must for anyone wanting something to play with a friend on their PC-engine.</plot>
			<releasedate>9/5/1991</releasedate>
			<year>1991</year>
			<genre>Action</genre>
			<studio>Working Designs</studio>
			<nplayers>1-2 Alt</nplayers>
			<perspective>Platform</perspective>
			<rating>4.0</rating>
			<videoid>KzYmT2TYE-I</videoid>
			<thegamesdb_id>8222</thegamesdb_id>
			<gamefaqs_url>http://www.gamefaqs.com/tg16/589068-parasol-stars-the-story-of-bubble-bobble-iii</gamefaqs_url>
			<mobygames_url>http://www.mobygames.com/game/turbo-grafx/parasol-stars-the-story-of-bubble-bobble-iii</mobygames_url>
			<giantbomb_url>http://www.giantbomb.com/parasol-stars-the-story-of-bubble-bobble-iii/3030-10496/</giantbomb_url>
			<consolegrid_url>http://consolegrid.com/games/12477</consolegrid_url>
			<boxart1>JtO6Gbp.jpg</boxart1>
			<boxart2>XZnJ183.jpg</boxart2>
			<boxart3>Z8t8kL9.jpg</boxart3>
			<snapshot1>Yg6u3uz.png</snapshot1>
			<snapshot2>PxRbUxM.png</snapshot2>
			<snapshot3>3qXxmIL.png</snapshot3>
			<snapshot4>HuXwidu.png</snapshot4>
			<snapshot5>bTVnLj6.png</snapshot5>
			<snapshot6>A8u9WJ0.png</snapshot6>
			<snapshot7>PwTrXFd.png</snapshot7>
			<snapshot8>hqPjr0I.png</snapshot8>
			<snapshot9>EVYrt0z.png</snapshot9>
			<snapshot10>cgQ2RtX.png</snapshot10>
			<banner1>DDVtokY.jpg</banner1>
		</game>
		<game name="Magical Chase (USA)">
			<description>8.  Magical Chase</description>
			<rom name="No-Intro-Collection_2015-03-03/NEC%20-%20PC%20Engine%20-%20TurboGrafx%2016.zip/NEC%20-%20PC%20Engine%20-%20TurboGrafx%2016%2FMagical%20Chase%20%28USA%29.zip" size="295362" />
			<title_clean>Magical Chase</title_clean>
			<plot>Here's a smart, attractive looking shooter that contains many more ideas than the average shooter fare. Magical Chase showers you with a multitude of different control, and power-up features, you get hovering stars which can be set in place anywhere you want which deflect enemy shots, your shot direction itself can similarly be fixed or moved, giving you full multi-directional firing that's independent of movement, and on top of that there's a bunch of weapon and health upgrades that can be acquired from shops. Outside of those elements the levels never fail to be interesting, and engrossing. I'll add though that its worth playing the game on hard mode to get the most out of it, as for a game as pricey as it is Magical Chase can be beaten without too much trouble on the lower difficulties.</plot>
			<releasedate>9/1/1993</releasedate>
			<year>1991</year>
			<genre>Action</genre>
			<studio>NEC</studio>
			<nplayers>1</nplayers>
			<videoid>OHyvX5dzwEI</videoid>
			<thegamesdb_id>4108</thegamesdb_id>
			<gamefaqs_url>http://www.gamefaqs.com/tg16/589022-magical-chase</gamefaqs_url>
			<mobygames_url>http://www.mobygames.com/game/turbo-grafx/magical-chase</mobygames_url>
			<consolegrid_url>http://consolegrid.com/games/8881</consolegrid_url>
			<boxart1>Teucusk.jpg</boxart1>
			<boxart2>DHMvDhp.jpg</boxart2>
			<snapshot1>2xzFh1b.png</snapshot1>
			<snapshot2>NEOWpwW.png</snapshot2>
			<snapshot3>o8gSN0u.png</snapshot3>
			<snapshot4>iK6wRbZ.png</snapshot4>
			<snapshot5>Mmc5ltv.png</snapshot5>
			<snapshot6>fXKVmTv.png</snapshot6>
			<snapshot7>amqZ9gJ.png</snapshot7>
			<snapshot8>coY3er0.png</snapshot8>
			<snapshot9>r0D51Dl.png</snapshot9>
			<snapshot10>GYW9im8.png</snapshot10>
			<banner1>co8WAaO.png</banner1>
		</game>
		<game name="Shockman (USA)">
			<description>7.  Shockman</description>
			<rom name="No-Intro-Collection_2015-03-03/NEC%20-%20PC%20Engine%20-%20TurboGrafx%2016.zip/NEC%20-%20PC%20Engine%20-%20TurboGrafx%2016%2FShockman%20%28USA%29.zip" size="290731" />
			<title_clean>Shockman</title_clean>
			<plot>Atanaru Teki is the second game in the Shubibinman series. The gameplay has changed dramatically from the first game. Tasuke and Kyapiko no longer use swords but exclusively use their shubibeams, which now resemble the mega buster in function. They can be shot rapidly or charged for a more powerful attack.  In addition, Kyapiko and Tasuke are now capable of super attacks (provided they have a bit) and team-up charge attacks in two-player mode, with different results!</plot>
			<releasedate>9/1/1992</releasedate>
			<year>1991</year>
			<genre>Action</genre>
			<studio>NCS Corporation</studio>
			<nplayers>1</nplayers>
			<perspective>3rd-Person</perspective>
			<rating>3.6</rating>
			<videoid>vmxI1MlnM9U</videoid>
			<thegamesdb_id>8227</thegamesdb_id>
			<gamefaqs_url>http://www.gamefaqs.com/tg16/589102-shockman</gamefaqs_url>
			<mobygames_url>http://www.mobygames.com/game/turbo-grafx/shockman</mobygames_url>
			<giantbomb_url>http://www.giantbomb.com/shockman/3030-33381/</giantbomb_url>
			<consolegrid_url>http://consolegrid.com/games/10276</consolegrid_url>
			<boxart1>mOmffJZ.jpg</boxart1>
			<boxart2>MIW2rLw.jpg</boxart2>
			<snapshot1>H2sZF9j.png</snapshot1>
			<snapshot2>J54nc2s.png</snapshot2>
			<snapshot3>p2kL9yQ.png</snapshot3>
			<snapshot4>NuG15Zn.png</snapshot4>
			<snapshot5>amwa9Yv.png</snapshot5>
			<snapshot6>LkVnVPG.png</snapshot6>
			<snapshot7>EIBjN4L.png</snapshot7>
			<snapshot8>IVwdHlK.png</snapshot8>
			<snapshot9>2mUEPJY.png</snapshot9>
			<snapshot10>SxoYh6j.jpg</snapshot10>
			<banner1>boWDKfz.jpg</banner1>
		</game>
		<game name="Adventure Island (Japan)">
			<description>6.  Adventure Island</description>
			<rom name="No-Intro-Collection_2015-03-03/NEC%20-%20PC%20Engine%20-%20TurboGrafx%2016.zip/NEC%20-%20PC%20Engine%20-%20TurboGrafx%2016%2FAdventure%20Island%20%28Japan%29.zip" size="171494" />
			<title_clean>Adventure Island</title_clean>
			<plot>This is an enhanced port of the Master System's "Dragon's Trap". Dragon's Curse is an action adventure game which has you exploring a big world filled with enemies and hazardous jumps, every time you defeat a boss it changes you into a different creature, with each having different abilities that allow you to take routes in the world which were previously un-passable. Overall its a good port, the most noticeable improvements being the smoother scrolling, and some improved graphics here and there. Its probably not quite as improved as it should've been, but its a great version of an all time classic regardless.</plot>
			<releasedate>9/1/1991</releasedate>
			<genre>Action, Platform, 2D</genre>
			<studio>Hudson</studio>
			<nplayers>1</nplayers>
			<rating>9.0</rating>
			<videoid>m6lQCgl01r4</videoid>
			<thegamesdb_id>8205</thegamesdb_id>
			<gamefaqs_url>http://www.gamefaqs.com/tg16/578657-dragons-curse</gamefaqs_url>
			<boxart1>LiA4uC0.jpg</boxart1>
			<snapshot1>Zt2fXTF.jpg</snapshot1>
			<snapshot2>NwcFOi9.jpg</snapshot2>
			<snapshot3>35VYlk3.jpg</snapshot3>
			<snapshot4>QQLZ6Ew.jpg</snapshot4>
		</game>
		<game name="Parodius Da! - Shinwa kara Owarai e (Japan)">
			<description>5.  Parodius Da!</description>
			<rom name="No-Intro-Collection_2015-03-03/NEC%20-%20PC%20Engine%20-%20TurboGrafx%2016.zip/NEC%20-%20PC%20Engine%20-%20TurboGrafx%2016%2FParodius%20Da%21%20-%20Shinwa%20kara%20Owarai%20e%20%28Japan%29.zip" size="730126" />
			<title_clean>Parodius Da! - Shinwa kara Owarai e</title_clean>
			<plot>Konami's excellent parody of their Gradius series of shooters was transferred brilliantly to NEC's small box of wonders. Here you pilot your craft through some of the most imaginatively wacky, and memorable levels in shmup history, the power-up system is as fun to use as it ever was, and slowdown is kept to a minimum. This doesn't have quite as many extras as the SNES version did, but it does have its own exclusive points-attack level.</plot>
			<releasedate>21/2/1992</releasedate>
			<genre>Action, Shooter, Scrolling</genre>
			<studio>Konami</studio>
			<nplayers>1</nplayers>
			<rating>9.0</rating>
			<ESRB>E - Everyone</ESRB>
			<videoid>u381OCQb7y4</videoid>
			<thegamesdb_id>18872</thegamesdb_id>
			<gamefaqs_url>http://www.gamefaqs.com/tg16/589069-parodius-da</gamefaqs_url>
			<consolegrid_url>http://consolegrid.com/games/10751</consolegrid_url>
			<boxart1>8bu7LhO.jpg</boxart1>
			<boxart2>JXmc3oe.jpg</boxart2>
			<snapshot1>VFyLZ8b.jpg</snapshot1>
			<snapshot2>84rk66I.jpg</snapshot2>
			<snapshot3>dIV8da2.jpg</snapshot3>
			<snapshot4>ijwo0yR.jpg</snapshot4>
			<banner1>O8SSmGY.jpg</banner1>
		</game>
		<game name="Bomberman '94 (Japan)">
			<description>4.  Bomberman '94</description>
			<rom name="No-Intro-Collection_2015-03-03/NEC%20-%20PC%20Engine%20-%20TurboGrafx%2016.zip/NEC%20-%20PC%20Engine%20-%20TurboGrafx%2016%2FBomberman%20%2794%20%28Japan%29.zip" size="575066" />
			<title_clean>Bomberman '94</title_clean>
			<plot>One of my favourite Bomberman releases, Bomberman 94' (known more commonly for the Mega Drive port, Mega Bomberman) had numerous improvements to the single player gameplay to make it more focused, increasing the pacing and keeping the action moving. Here they're added much more interesting, now scrolling stages which really bring Bomberman's world to life for the first time, they've also made it so you no longer have to blow up every single enemy to proceed, just the new shield generators protecting an artifact in each stage. The ever important multiplayer is as fun as ever here, with this one introducing Rooeys to the series (ride-able creatures which give you an extra hit point, and an ability). This is much better than the later Mega Drive release, with more detailed, better coloured graphics, superior animation, less slowdown, and 5-player support instead of Mega Bomberman's 4-players.</plot>
			<releasedate>9/1/1993</releasedate>
			<year>1992</year>
			<genre>Action</genre>
			<studio>Hudson</studio>
			<nplayers>1-5</nplayers>
			<perspective>Side-Scrolling</perspective>
			<rating>6.5</rating>
			<videoid>F5RPoYv22CI</videoid>
			<thegamesdb_id>18440</thegamesdb_id>
			<gamefaqs_url>http://www.gamefaqs.com/tg16/588908-bomberman-94</gamefaqs_url>
			<mobygames_url>http://www.mobygames.com/game/turbo-grafx/bomberman-93</mobygames_url>
			<giantbomb_url>http://www.giantbomb.com/bomberman-94/3030-25698/</giantbomb_url>
			<consolegrid_url>http://consolegrid.com/games/10664</consolegrid_url>
			<boxart1>tmKxzZ5.jpg</boxart1>
			<boxart2>atO0pPI.jpg</boxart2>
			<boxart3>ys8Zp2e.jpg</boxart3>
			<snapshot1>dPevUpE.png</snapshot1>
			<snapshot2>KEZLXn6.png</snapshot2>
			<snapshot3>ZpvEUY9.png</snapshot3>
			<snapshot4>VLF5PFa.png</snapshot4>
			<snapshot5>lZyuVnR.png</snapshot5>
			<snapshot6>krcAs1L.png</snapshot6>
			<snapshot7>1rPL0PB.png</snapshot7>
			<snapshot8>4TbfAHS.png</snapshot8>
			<snapshot9>ZQtI3ud.png</snapshot9>
			<snapshot10>2YpLTNc.png</snapshot10>
			<banner1>EIA5TXG.png</banner1>
			<clearlogo1>4XtvF9M.png</clearlogo1>
		</game>
		<game name="Bonk's Revenge (USA)">
			<description>3.  Bonk's Revenge</description>
			<rom name="No-Intro-Collection_2015-03-03/NEC%20-%20PC%20Engine%20-%20TurboGrafx%2016.zip/NEC%20-%20PC%20Engine%20-%20TurboGrafx%2016%2FBonk%27s%20Revenge%20%28USA%29.zip" size="350791" />
			<title_clean>Bonk's Revenge</title_clean>
			<plot>This just has to be the best Bonk release on the system. With this sequel the levels were much more ambitious, they were huge stages brimming with stuff to find, from heart containers, to bonus games. The graphics from the original were overhauled, creating a much more impressive looking world filled with offbeat, memorable characters, and much more polished visuals. All of this, and they still managed to retain all the humour, and rewarding gameplay of the original.</plot>
			<releasedate>9/1/1991</releasedate>
			<year>1991</year>
			<genre>Action</genre>
			<studio>Hudson Soft Company, NEC Technologies</studio>
			<nplayers>1</nplayers>
			<perspective>3rd-Person</perspective>
			<rating>4.1</rating>
			<videoid>-4o32GS2aNg</videoid>
			<thegamesdb_id>5661</thegamesdb_id>
			<gamefaqs_url>http://www.gamefaqs.com/tg16/588911-bonks-revenge</gamefaqs_url>
			<mobygames_url>http://www.mobygames.com/game/turbo-grafx/bonks-revenge</mobygames_url>
			<giantbomb_url>http://www.giantbomb.com/bonks-revenge/3030-8670/</giantbomb_url>
			<consolegrid_url>http://consolegrid.com/games/8878</consolegrid_url>
			<boxart1>EVHr5KH.jpg</boxart1>
			<boxart2>ZA3mfkj.jpg</boxart2>
			<boxart3>q1gjJkK.jpg</boxart3>
			<snapshot1>Ezqn1A9.jpg</snapshot1>
			<snapshot2>762YJEf.png</snapshot2>
			<snapshot3>dh8QNPZ.png</snapshot3>
			<snapshot4>iNH3wU2.png</snapshot4>
			<snapshot5>hxuTYmy.png</snapshot5>
			<snapshot6>bkt1buf.png</snapshot6>
			<snapshot7>iogHedh.png</snapshot7>
			<snapshot8>z1pIm3N.png</snapshot8>
			<snapshot9>ddmvx1N.png</snapshot9>
			<snapshot10>ondM359.png</snapshot10>
			<fanart1>4lW7myw.jpg</fanart1>
			<banner1>9O1Z92h.png</banner1>
		</game>
		<game name="Street Fighter II' - Champion Edition (Japan)">
			<description>2.  Street Fighter II - Champion Edition</description>
			<rom name="No-Intro-Collection_2015-03-03/NEC%20-%20PC%20Engine%20-%20TurboGrafx%2016.zip/NEC%20-%20PC%20Engine%20-%20TurboGrafx%2016%2FStreet%20Fighter%20II%27%20-%20Champion%20Edition%20%28Japan%29.zip" size="1639537" />
			<title_clean>Street Fighter II' - Champion Edition</title_clean>
			<plot>This is the Hu-Card to prove to non-believers that the PC-Engine can stand up to its more famous 16-bit competition, an excellent port of the archetypal 1 on 1 fighting game which easily manages to rival the SNES and Mega Drive games. Every one knows the drill here by now, its just you vs the opponent, deplete their energy to zero by using combinations of punches, kicks, and special moves (activated by specific button presses) and you win the match and fight the next guy.</plot>
			<releasedate>9/1/1993</releasedate>
			<genre>Fighting</genre>
			<studio>NEC Interchannel</studio>
			<nplayers>1-2</nplayers>
			<rating>8.3</rating>
			<thegamesdb_id>18873</thegamesdb_id>
			<gamefaqs_url>http://www.gamefaqs.com/tg16/575572-street-fighter-ii-champion-edition</gamefaqs_url>
			<giantbomb_url>http://www.giantbomb.com/street-fighter-ii-champion-edition/3030-1096/</giantbomb_url>
			<consolegrid_url>http://consolegrid.com/games/11817</consolegrid_url>
			<boxart1>w9PH1RI.jpg</boxart1>
			<boxart2>fSeNATf.jpg</boxart2>
			<snapshot1>Gh6Js0J.jpg</snapshot1>
			<snapshot2>2eJcCkv.jpg</snapshot2>
			<snapshot3>VADfVYf.jpg</snapshot3>
			<snapshot4>DNlF69M.jpg</snapshot4>
			<snapshot5>dtDp5xO.jpg</snapshot5>
			<snapshot6>hBQFqqB.jpg</snapshot6>
			<snapshot7>aYLcaIe.jpg</snapshot7>
			<snapshot8>ZYDM5f8.jpg</snapshot8>
			<snapshot9>TPcLMqo.jpg</snapshot9>
			<snapshot10>khQAk6j.jpg</snapshot10>
			<banner1>8ORXlw1.png</banner1>
		</game>
		<game name="Soldier Blade (USA)">
			<description>1.  Soldier Blade</description>
			<rom name="No-Intro-Collection_2015-03-03/NEC%20-%20PC%20Engine%20-%20TurboGrafx%2016.zip/NEC%20-%20PC%20Engine%20-%20TurboGrafx%2016%2FSoldier%20Blade%20%28USA%29.zip" size="394675" />
			<title_clean>Soldier Blade</title_clean>
			<plot>Hudson managed to hone their shmup making skills even further with this, the 3rd, and last of their Soldier series games to appear on PC-Engine. Here we have the tried and true formula of the series, frenetic action, exciting boss fights, and brilliant weapons, except now with better graphics, even more awesome set-pieces than ever, and some of the most impressive music to come from the PC-Engine sound chip. This has to be the number one Hu-Card shoot-em-up on a system that is world famous for its high quality shooters.</plot>
			<releasedate>10/7/1992</releasedate>
			<year>1992</year>
			<genre>Action</genre>
			<studio>Hudson Soft Company</studio>
			<nplayers>1</nplayers>
			<perspective>Top-Down</perspective>
			<rating>3.7</rating>
			<videoid>wnnWK9coJ2c</videoid>
			<thegamesdb_id>8230</thegamesdb_id>
			<gamefaqs_url>http://www.gamefaqs.com/tg16/589110-soldier-blade</gamefaqs_url>
			<mobygames_url>http://www.mobygames.com/game/turbo-grafx/soldier-blade</mobygames_url>
			<giantbomb_url>http://www.giantbomb.com/soldier-blade/3030-20222/</giantbomb_url>
			<consolegrid_url>http://consolegrid.com/games/8939</consolegrid_url>
			<boxart1>56ZnqKA.jpg</boxart1>
			<boxart2>8nksFiW.jpg</boxart2>
			<boxart3>bh2nT4t.jpg</boxart3>
			<snapshot1>P7Up7uI.png</snapshot1>
			<snapshot2>iBc8Qz0.png</snapshot2>
			<snapshot3>Hi3x6no.png</snapshot3>
			<snapshot4>2tFJps3.png</snapshot4>
			<snapshot5>BeS71FJ.png</snapshot5>
			<snapshot6>fQS7sx7.png</snapshot6>
			<snapshot7>vVLDuA4.png</snapshot7>
			<snapshot8>CdEo6CV.png</snapshot8>
			<snapshot9>yTiXno9.png</snapshot9>
			<snapshot10>ZAYrrNI.png</snapshot10>
			<banner1>RmcN0nl.png</banner1>
		</game>
</datafile>