<datafile>
	<header>
		<emu_name>CannonBall</emu_name>
		<emu_description>Standalone Game</emu_description>
		<emu_category>Port</emu_category>
		<emu_version>062618</emu_version>
		<emu_date>11/01/2014</emu_date>
		<emu_author>Zach Morris</emu_author>
		<emu_visibility>visible</emu_visibility>
		<emu_homepage>https://archive.org</emu_homepage>
		<emu_baseurl>https://archive.org/download/</emu_baseurl>
		<emu_launcher>retroplayer</emu_launcher>
		<emu_default_addon>none</emu_default_addon>
		<emu_ext_launch_cmd>none</emu_ext_launch_cmd>
		<emu_downloadpath>default</emu_downloadpath>
		<emu_postdlaction>unzip_to_folder_and_launch_file</emu_postdlaction>
		<emu_comment>CannonBall is an enhanced OutRun engine by Chris White, featuring:[CR]Smoother 60fps gameplay[CR]True Widescreen Play Mode[CR]Force Feedback support[CR]Custom Track support[CR]New Game Modes (Continuous Mode and Time Trial Mode)[CR]Many, many more enhancements</emu_comment>
		<emu_thumb>HXTSf7W.jpg</emu_thumb>
		<emu_banner>emQ2bso.jpg</emu_banner>
		<emu_fanart>JAGocrD.jpg</emu_fanart>
		<emu_logo>kkJFWK2.png</emu_logo>
		<emu_trailer>LHyWzYou_8E</emu_trailer>
	</header>
	<game name="CannonBall">
		<description>CannonBall</description>
		<rom name="MAME_078/cannonball.zip" size="903400" />
		<title_clean>CannonBall</title_clean>
		<plot>CannonBall is an enhanced OutRun engine by Chris White, featuring:[CR]Smoother 60fps gameplay[CR]True Widescreen Play Mode[CR]Force Feedback support[CR]Custom Track support[CR]New Game Modes (Continuous Mode and Time Trial Mode)[CR]Many, many more enhancements</plot>
		<releasedate>11/01/2014</releasedate>
		<year>2014</year>
		<genre>Retro</genre>
		<nplayers>1</nplayers>
		<thegamesdb_id></thegamesdb_id>
		<videoid>LHyWzYou_8E</videoid>
		<boxart1>HXTSf7W.jpg</boxart1>
		<banner1>emQ2bso.jpg</banner1>
		<fanart1>JAGocrD.jpg</fanart1>
		<emu_command>cannonball.game</emu_command>
	</game>
</datafile>