<?xml version="1.0" ?>
<!DOCTYPE datafile [
<!ELEMENT datafile ANY>
	<!ELEMENT header ANY>
		<!ELEMENT emu_name (#PCDATA)>
		<!ELEMENT emu_parser (#PCDATA)>
		<!ELEMENT emu_description (#PCDATA)>
		<!ELEMENT emu_category (#PCDATA)>
		<!ELEMENT emu_version (#PCDATA)>
		<!ELEMENT emu_date (#PCDATA)>
		<!ELEMENT emu_author (#PCDATA)>
		<!ELEMENT emu_homepage (#PCDATA)>
		<!ELEMENT emu_baseurl (#PCDATA)>
		<!ELEMENT emu_launcher (#PCDATA)>
		<!ELEMENT emu_ext_launch_cmd (#PCDATA)>
		<!ELEMENT emu_downloadpath (#PCDATA)>
		<!ELEMENT emu_postdlaction (#PCDATA)>
		<!ELEMENT emu_comment (#PCDATA)>
		<!ELEMENT emu_thumb (#PCDATA)>
		<!ELEMENT emu_banner (#PCDATA)>
		<!ELEMENT emu_fanart (#PCDATA)>
		<!ELEMENT emu_logo (#PCDATA)>
		<!ELEMENT emu_trailer (#PCDATA)>
	<!ELEMENT game ANY>
		<!ATTLIST game name CDATA #REQUIRED>
		<!ELEMENT description (#PCDATA)>
		<!ELEMENT rom EMPTY>
			<!ATTLIST rom name CDATA #REQUIRED>
			<!ATTLIST rom size CDATA #REQUIRED>
			<!ATTLIST rom crc CDATA #IMPLIED>
			<!ATTLIST rom sha1 CDATA #IMPLIED>
			<!ATTLIST rom status (baddump|nodump|good|verified) "good">
		<!ELEMENT emu_command (#PCDATA)>
		<!ELEMENT title_clean (#PCDATA)>
		<!ELEMENT plot (#PCDATA)>
		<!ELEMENT releasedate (#PCDATA)>
		<!ELEMENT year (#PCDATA)>
		<!ELEMENT genre (#PCDATA)>
		<!ELEMENT studio (#PCDATA)>
		<!ELEMENT nplayers (#PCDATA)>
		<!ELEMENT perspective (#PCDATA)>
		<!ELEMENT rating (#PCDATA)>
		<!ELEMENT ESRB (#PCDATA)>
		<!ELEMENT videoid (#PCDATA)>
		<!ELEMENT thegamesdb_id (#PCDATA)>
		<!ELEMENT gamefaqs_url (#PCDATA)>
		<!ELEMENT moby_url (#PCDATA)>
		<!ELEMENT consolegrid_url (#PCDATA)>
		<!ELEMENT boxart1 (#PCDATA)>
		<!ELEMENT boxart2 (#PCDATA)>
		<!ELEMENT boxart3 (#PCDATA)>
		<!ELEMENT boxart4 (#PCDATA)>
		<!ELEMENT boxart5 (#PCDATA)>
		<!ELEMENT boxart6 (#PCDATA)>
		<!ELEMENT boxart7 (#PCDATA)>
		<!ELEMENT boxart8 (#PCDATA)>
		<!ELEMENT boxart9 (#PCDATA)>
		<!ELEMENT boxart10 (#PCDATA)>
		<!ELEMENT snapshot1 (#PCDATA)>
		<!ELEMENT snapshot2 (#PCDATA)>
		<!ELEMENT snapshot3 (#PCDATA)>
		<!ELEMENT snapshot4 (#PCDATA)>
		<!ELEMENT snapshot5 (#PCDATA)>
		<!ELEMENT snapshot6 (#PCDATA)>
		<!ELEMENT snapshot7 (#PCDATA)>
		<!ELEMENT snapshot8 (#PCDATA)>
		<!ELEMENT snapshot9 (#PCDATA)>
		<!ELEMENT snapshot10 (#PCDATA)>		
		<!ELEMENT fanart1 (#PCDATA)>
		<!ELEMENT fanart2 (#PCDATA)>
		<!ELEMENT fanart3 (#PCDATA)>
		<!ELEMENT fanart4 (#PCDATA)>
		<!ELEMENT fanart5 (#PCDATA)>
		<!ELEMENT fanart6 (#PCDATA)>
		<!ELEMENT fanart7 (#PCDATA)>
		<!ELEMENT fanart8 (#PCDATA)>
		<!ELEMENT fanart9 (#PCDATA)>
		<!ELEMENT fanart10 (#PCDATA)>
		<!ELEMENT fanart11 (#PCDATA)>
		<!ELEMENT fanart12 (#PCDATA)>
		<!ELEMENT fanart13 (#PCDATA)>
		<!ELEMENT fanart14 (#PCDATA)>
		<!ELEMENT fanart15 (#PCDATA)>
		<!ELEMENT fanart16 (#PCDATA)>
		<!ELEMENT fanart17 (#PCDATA)>
		<!ELEMENT fanart18 (#PCDATA)>
		<!ELEMENT fanart19 (#PCDATA)>
		<!ELEMENT fanart20 (#PCDATA)>
		<!ELEMENT fanart21 (#PCDATA)>
		<!ELEMENT fanart22 (#PCDATA)>
		<!ELEMENT fanart23 (#PCDATA)>
		<!ELEMENT fanart24 (#PCDATA)>
		<!ELEMENT fanart25 (#PCDATA)>
		<!ELEMENT fanart26 (#PCDATA)>
		<!ELEMENT fanart27 (#PCDATA)>
		<!ELEMENT fanart28 (#PCDATA)>
		<!ELEMENT fanart29 (#PCDATA)>
		<!ELEMENT fanart30 (#PCDATA)>
		<!ELEMENT banner1 (#PCDATA)>
		<!ELEMENT banner2 (#PCDATA)>
		<!ELEMENT banner3 (#PCDATA)>
		<!ELEMENT banner4 (#PCDATA)>
		<!ELEMENT banner5 (#PCDATA)>
		<!ELEMENT banner6 (#PCDATA)>
		<!ELEMENT banner7 (#PCDATA)>
		<!ELEMENT banner8 (#PCDATA)>
		<!ELEMENT banner9 (#PCDATA)>
		<!ELEMENT banner10 (#PCDATA)>
		<!ELEMENT clearlogo1 (#PCDATA)>
		<!ELEMENT clearlogo2 (#PCDATA)>
		<!ELEMENT clearlogo3 (#PCDATA)>
		<!ELEMENT clearlogo4 (#PCDATA)>
		<!ELEMENT clearlogo5 (#PCDATA)>
		<!ELEMENT clearlogo6 (#PCDATA)>
		<!ELEMENT clearlogo7 (#PCDATA)>
		<!ELEMENT clearlogo8 (#PCDATA)>
		<!ELEMENT clearlogo9 (#PCDATA)>
		<!ELEMENT clearlogo10 (#PCDATA)>
]>
<datafile>
	<header>
		<emu_name>Game and Watch</emu_name>
		<emu_parser>NoIntro_parser.xml</emu_parser>
		<emu_description>Game and Watch</emu_description>
		<emu_category>Nintendo</emu_category>
		<emu_version>10132017</emu_version>
		<emu_date>10/13/2017</emu_date>
		<emu_author>Zach Morris</emu_author>
		<emu_homepage>http://www.no-intro.org</emu_homepage>
		<emu_baseurl>https://buildbot.libretro.com/assets/cores/Handheld%20Electronic%20Game/</emu_baseurl>
		<emu_launcher>external</emu_launcher>
		<emu_ext_launch_cmd>none</emu_ext_launch_cmd>
		<emu_downloadpath>default</emu_downloadpath>
		<emu_postdlaction>none</emu_postdlaction>
		<emu_comment>Game and Watch List by Zach Morris[CR]Game and Watch is a line of handheld electronic games produced by Nintendo from 1980 to 1991. Created by game designer Gunpei Yokoi, each Game and Watch features a single game to be played on an LCD screen in addition to a clock, an alarm, or both. It was the earliest Nintendo product to garner major success.  There were 59 different Game and Watch games produced for sale and one that was only available as a contest prize, making 60 in all. The prize game was given to winners of Nintendo's F-1 Grand Prix tournament, a yellow-cased version of Super Mario Bros. that came in a plastic box modeled after the Disk-kun character Nintendo used to advertise their Famicom Disk System. As only 10,000 units were produced and it was never available for retail sale, the yellow version is considered rare.</emu_comment>
			<emu_thumb>https://i.imgur.com/RgC1TBR.jpg</emu_thumb>
			<emu_banner>https://i.imgur.com/HNxsnau.png</emu_banner>
			<emu_fanart>https://i.imgur.com/MZKT4xC.jpg</emu_fanart>
			<emu_logo>https://i.imgur.com/2Dd6Mk6.png</emu_logo>
			<emu_trailer>Ss3gZ6yV79c</emu_trailer>
		</header>
			<game name="Armor Battle (Mattel Electronics)">
				<description>Armor Battle (Mattel Electronics)</description>
				<rom name="Armor%20Battle%20%28Mattel%20Electronics%29.zip" size="988160" />
				<title_clean>Armor Battle</title_clean>
				<boxart1>https://raw.githubusercontent.com/libretro/libretro-thumbnails/master/Handheld%20Electronic%20Game/Named_Boxarts/Armor%20Battle%20(Mattel%20Electronics).png</boxart1>
				<snapshot1>https://raw.githubusercontent.com/libretro/libretro-thumbnails/master/Handheld%20Electronic%20Game/Named_Snaps/Armor%20Battle%20(Mattel%20Electronics).png</snapshot1>
			</game>
			<game name="Banana (VTech, Time &amp; Fun)">
				<description>Banana (VTech, Time &amp; Fun)</description>
				<rom name="Banana%20%28VTech%2C%20Time%20%26%20Fun%29.zip" size="498688" />
				<title_clean>Banana</title_clean>
				<boxart1>https://raw.githubusercontent.com/libretro/libretro-thumbnails/master/Handheld%20Electronic%20Game/Named_Boxarts/Banana%20(VTech%2C%20Time%20_%20Fun).png</boxart1>
				<snapshot1>https://raw.githubusercontent.com/libretro/libretro-thumbnails/master/Handheld%20Electronic%20Game/Named_Snaps/Banana%20(VTech%2C%20Time%20_%20Fun).png</snapshot1>
			</game>
			<game name="Baseball (VTech, Explorer Time &amp; Fun)">
				<description>Baseball (VTech, Explorer Time &amp; Fun)</description>
				<rom name="Baseball%20%28VTech%2C%20Explorer%20Time%20%26%20Fun%29.zip" size="893952" />
				<title_clean>Baseball</title_clean>
				<genre>Sports</genre>
				<nplayers>1</nplayers>
				<ESRB>E - Everyone</ESRB>
				<thegamesdb_id>36931</thegamesdb_id>
				<boxart1>https://raw.githubusercontent.com/libretro/libretro-thumbnails/master/Handheld%20Electronic%20Game/Named_Boxarts/Baseball%20(VTech%2C%20Explorer%20Time%20_%20Fun).png</boxart1>
				<snapshot1>https://raw.githubusercontent.com/libretro/libretro-thumbnails/master/Handheld%20Electronic%20Game/Named_Snaps/Baseball%20(VTech%2C%20Explorer%20Time%20_%20Fun).png</snapshot1>
			</game>
			<game name="Bomb Fight (VTech, Mini Time &amp; Fun)">
				<description>Bomb Fight (VTech, Mini Time &amp; Fun)</description>
				<rom name="Bomb%20Fight%20%28VTech%2C%20Mini%20Time%20%26%20Fun%29.zip" size="1083392" />
				<title_clean>Bomb Fight</title_clean>
				<nplayers>1</nplayers>
				<ESRB>E - Everyone</ESRB>
				<thegamesdb_id>36928</thegamesdb_id>
				<boxart1>https://raw.githubusercontent.com/libretro/libretro-thumbnails/master/Handheld%20Electronic%20Game/Named_Boxarts/Bomb%20Fight%20(VTech%2C%20Mini%20Time%20_%20Fun).png</boxart1>
				<snapshot1>https://raw.githubusercontent.com/libretro/libretro-thumbnails/master/Handheld%20Electronic%20Game/Named_Snaps/Bomb%20Fight%20(VTech%2C%20Mini%20Time%20_%20Fun).png</snapshot1>
			</game>
			<game name="Caccia al Ladro (VTech, Mini Time &amp; Fun)">
				<description>Caccia al Ladro (VTech, Mini Time &amp; Fun)</description>
				<rom name="Caccia%20al%20Ladro%20%28VTech%2C%20Mini%20Time%20%26%20Fun%29.zip" size="653312" />
				<title_clean>Caccia al Ladro</title_clean>
				<nplayers>1</nplayers>
				<ESRB>E - Everyone</ESRB>
				<thegamesdb_id>37193</thegamesdb_id>
				<boxart1>https://raw.githubusercontent.com/libretro/libretro-thumbnails/master/Handheld%20Electronic%20Game/Named_Boxarts/Caccia%20al%20Ladro%20(VTech%2C%20Mini%20Time%20_%20Fun).png</boxart1>
				<snapshot1>https://raw.githubusercontent.com/libretro/libretro-thumbnails/master/Handheld%20Electronic%20Game/Named_Snaps/Caccia%20al%20Ladro%20(VTech%2C%20Mini%20Time%20_%20Fun).png</snapshot1>
			</game>
			<game name="Cessate il Fuoco (VTech, Mini Time &amp; Fun)">
				<description>Cessate il Fuoco (VTech, Mini Time &amp; Fun)</description>
				<rom name="Cessate%20il%20Fuoco%20%28VTech%2C%20Mini%20Time%20%26%20Fun%29.zip" size="1071104" />
				<title_clean>Cessate il Fuoco</title_clean>
				<nplayers>1</nplayers>
				<ESRB>E - Everyone</ESRB>
				<thegamesdb_id>37194</thegamesdb_id>
				<boxart1>https://raw.githubusercontent.com/libretro/libretro-thumbnails/master/Handheld%20Electronic%20Game/Named_Boxarts/Cessate%20il%20Fuoco%20(VTech%2C%20Mini%20Time%20_%20Fun).png</boxart1>
				<snapshot1>https://raw.githubusercontent.com/libretro/libretro-thumbnails/master/Handheld%20Electronic%20Game/Named_Snaps/Cessate%20il%20Fuoco%20(VTech%2C%20Mini%20Time%20_%20Fun).png</snapshot1>
			</game>
			<game name="Chicky Woggy (VTech, Arcade Time &amp; Fun)">
				<description>Chicky Woggy (VTech, Arcade Time &amp; Fun)</description>
				<rom name="Chicky%20Woggy%20%28VTech%2C%20Arcade%20Time%20%26%20Fun%29.zip" size="995328" />
				<title_clean>Chicky Woggy</title_clean>
				<nplayers>1</nplayers>
				<ESRB>E - Everyone</ESRB>
				<thegamesdb_id>37195</thegamesdb_id>
				<boxart1>https://raw.githubusercontent.com/libretro/libretro-thumbnails/master/Handheld%20Electronic%20Game/Named_Boxarts/Chicky%20Woggy%20(VTech%2C%20Arcade%20Time%20_%20Fun).png</boxart1>
				<snapshot1>https://raw.githubusercontent.com/libretro/libretro-thumbnails/master/Handheld%20Electronic%20Game/Named_Snaps/Chicky%20Woggy%20(VTech%2C%20Arcade%20Time%20_%20Fun).png</snapshot1>
			</game>
			<game name="Chicky Woggy (VTech, Electronic Tini-Arcade)">
				<description>Chicky Woggy (VTech, Electronic Tini-Arcade)</description>
				<rom name="Chicky%20Woggy%20%28VTech%2C%20Electronic%20Tini-Arcade%29.zip" size="985088" />
				<title_clean>Chicky Woggy</title_clean>
				<nplayers>1</nplayers>
				<ESRB>E - Everyone</ESRB>
				<thegamesdb_id>37196</thegamesdb_id>
				<boxart1>https://raw.githubusercontent.com/libretro/libretro-thumbnails/master/Handheld%20Electronic%20Game/Named_Boxarts/Chicky%20Woggy%20(VTech%2C%20Electronic%20Tini-Arcade).png</boxart1>
				<snapshot1>https://raw.githubusercontent.com/libretro/libretro-thumbnails/master/Handheld%20Electronic%20Game/Named_Snaps/Chicky%20Woggy%20(VTech%2C%20Electronic%20Tini-Arcade).png</snapshot1>
			</game>
			<game name="Condor (VTech, Time &amp; Fun)">
				<description>Condor (VTech, Time &amp; Fun)</description>
				<rom name="Condor%20%28VTech%2C%20Time%20%26%20Fun%29.zip" size="543744" />
				<title_clean>Condor</title_clean>
				<nplayers>1</nplayers>
				<ESRB>E - Everyone</ESRB>
				<thegamesdb_id>37197</thegamesdb_id>
				<boxart1>https://raw.githubusercontent.com/libretro/libretro-thumbnails/master/Handheld%20Electronic%20Game/Named_Boxarts/Condor%20(VTech%2C%20Time%20_%20Fun).png</boxart1>
				<snapshot1>https://raw.githubusercontent.com/libretro/libretro-thumbnails/master/Handheld%20Electronic%20Game/Named_Snaps/Condor%20(VTech%2C%20Time%20_%20Fun).png</snapshot1>
			</game>
			<game name="Crazy Chewy (VTech, Electronic Tini-Arcade)">
				<description>Crazy Chewy (VTech, Electronic Tini-Arcade)</description>
				<rom name="Crazy%20Chewy%20%28VTech%2C%20Electronic%20Tini-Arcade%29.zip" size="1055744" />
				<title_clean>Crazy Chewy</title_clean>
				<nplayers>1</nplayers>
				<ESRB>E - Everyone</ESRB>
				<thegamesdb_id>37198</thegamesdb_id>
				<boxart1>https://raw.githubusercontent.com/libretro/libretro-thumbnails/master/Handheld%20Electronic%20Game/Named_Boxarts/Crazy%20Chewy%20(VTech%2C%20Electronic%20Tini-Arcade).png</boxart1>
				<snapshot1>https://raw.githubusercontent.com/libretro/libretro-thumbnails/master/Handheld%20Electronic%20Game/Named_Snaps/Crazy%20Chewy%20(VTech%2C%20Electronic%20Tini-Arcade).png</snapshot1>
			</game>
			<game name="Defendo (VTech, Explorer Time &amp; Fun)">
				<description>Defendo (VTech, Explorer Time &amp; Fun)</description>
				<rom name="Defendo%20%28VTech%2C%20Explorer%20Time%20%26%20Fun%29.zip" size="629760" />
				<title_clean>Defendo</title_clean>
				<nplayers>1</nplayers>
				<ESRB>E - Everyone</ESRB>
				<thegamesdb_id>37199</thegamesdb_id>
				<boxart1>https://raw.githubusercontent.com/libretro/libretro-thumbnails/master/Handheld%20Electronic%20Game/Named_Boxarts/Defendo%20(VTech%2C%20Explorer%20Time%20_%20Fun).png</boxart1>
				<snapshot1>https://raw.githubusercontent.com/libretro/libretro-thumbnails/master/Handheld%20Electronic%20Game/Named_Snaps/Defendo%20(VTech%2C%20Explorer%20Time%20_%20Fun).png</snapshot1>
			</game>
			<game name="Donkey Angler (Gakken LCD Card Game)">
				<description>Donkey Angler (Gakken LCD Card Game)</description>
				<rom name="Donkey%20Angler%20%28Gakken%20LCD%20Card%20Game%29.zip" size="352256" />
				<title_clean>Donkey Angler</title_clean>
				<boxart1>https://i.ytimg.com/vi/jITKrUD3vyA/hqdefault.jpg</boxart1>
			</game>
			<game name="Donkey Kong (Coleco)">
				<description>Donkey Kong (Coleco)</description>
				<rom name="Donkey%20Kong%20%28Coleco%29.zip" size="955392" />
				<title_clean>Donkey Kong</title_clean>
				<plot>Released in the arcades in 1981, Donkey Kong was not only Nintendo's first real smash hit for the company, but marked the introduction for two of their most popular mascots: Mario (originally "Jumpman") and Donkey Kong.Donkey Kong is a platform-action game that has Mario scale four different industrial themed levels (construction zone, cement factory, an elevator-themed level, and removing rivets from girders) in an attempt to save the damsel in distress, Pauline, from the big ape before the timer runs out. Once the rivets are removed from the final level, Donkey Kong falls, and the two lovers are reunited. From there, the levels start over at a higher difficulty.Along the way, Mario must dodge a constant stream of barrels, "living" fireballs, and spring-weights. Although not as powerful as in other future games, Mario can find a hammer which allows him to destroy the barrels and fireballs for a limited amount of time. Additionally, Mario can also find Pauline's hat, purse and umbrella for additional bonus points.Donkey Kong is also notable for being one of the first complete narratives in video game form, told through simplistic cut scenes that advance the story. It should also be noted that in many conversions of the original coin-op game for early 1980's consoles and computer-systems, Donkey Kong only used two or three of the original levels, with the cement factory most often omitted.</plot>
				<year>1982</year>
				<genre>Action</genre>
				<studio>Coleco Industries, Inc.</studio>
				<mobygames_url>http://www.mobygames.com/game/dedicated-handheld/donkey-kong</mobygames_url>
				<boxart1>https://raw.githubusercontent.com/libretro/libretro-thumbnails/master/Handheld%20Electronic%20Game/Named_Boxarts/Donkey%20Kong%20(Coleco).png</boxart1>
				<snapshot1>https://raw.githubusercontent.com/libretro/libretro-thumbnails/master/Handheld%20Electronic%20Game/Named_Snaps/Donkey%20Kong%20(Coleco).png</snapshot1>
			</game>
			<game name="Donkey Kong (Nintendo, Multi Screen)">
				<description>Donkey Kong (Nintendo, Multi Screen)</description>
				<rom name="Donkey%20Kong%20%28Nintendo%2C%20Multi%20Screen%29.zip" size="610304" />
				<title_clean>Donkey Kong</title_clean>
				<plot>Donkey Kong is a dual-screen Game &amp; Watch version of the classic arcade game, which was released June 3, 1982 and has the model number: DK-52</plot>
				<releasedate>06/03/1982</releasedate>
				<year>1982</year>
				<nplayers>1</nplayers>
				<ESRB>E - Everyone</ESRB>
				<thegamesdb_id>37200</thegamesdb_id>
				<boxart1>https://raw.githubusercontent.com/libretro/libretro-thumbnails/master/Handheld%20Electronic%20Game/Named_Boxarts/Donkey%20Kong%20(Nintendo%2C%20Multi%20Screen).png</boxart1>
				<snapshot1>https://raw.githubusercontent.com/libretro/libretro-thumbnails/master/Handheld%20Electronic%20Game/Named_Snaps/Donkey%20Kong%20(Nintendo%2C%20Multi%20Screen).png</snapshot1>
			</game>
			<game name="Donkey Kong Circus (Nintendo, Panorama Screen)">
				<description>Donkey Kong Circus (Nintendo, Panorama Screen)</description>
				<rom name="Donkey%20Kong%20Circus%20%28Nintendo%2C%20Panorama%20Screen%29.zip" size="1484800" />
				<title_clean>Donkey Kong Circus</title_clean>
				<plot>Donkey Kong Circus is in some ways similar to Mickey Mouse (DC-95). Here it is Donkey Kong balancing on a barrel while juggling pineapples. Move Donkey Kong left and right to catch the pineapples, but beware of the falling fireballs. Mario stands watching his juggling performance.</plot>
				<releasedate>09/06/1984</releasedate>
				<year>1984</year>
				<genre>Action</genre>
				<studio>Nintendo of America Inc.</studio>
				<nplayers>1</nplayers>
				<ESRB>E - Everyone</ESRB>
				<thegamesdb_id>33453</thegamesdb_id>
				<mobygames_url>http://www.mobygames.com/game/dedicated-handheld/game-watch-panorama-screen-donkey-kong-circus</mobygames_url>
				<boxart1>https://raw.githubusercontent.com/libretro/libretro-thumbnails/master/Handheld%20Electronic%20Game/Named_Boxarts/Donkey%20Kong%20Circus%20(Nintendo%2C%20Panorama%20Screen).png</boxart1>
				<snapshot1>https://raw.githubusercontent.com/libretro/libretro-thumbnails/master/Handheld%20Electronic%20Game/Named_Snaps/Donkey%20Kong%20Circus%20(Nintendo%2C%20Panorama%20Screen).png</snapshot1>
			</game>
			<game name="Donkey Kong II (Nintendo, Multi Screen)">
				<description>Donkey Kong II (Nintendo, Multi Screen)</description>
				<rom name="Donkey%20Kong%20II%20%28Nintendo%2C%20Multi%20Screen%29.zip" size="741376" />
				<title_clean>Donkey Kong II</title_clean>
				<plot>Donkey Kong II is the sequel to Donkey Kong. This time it is Donkey Kong who is captured by Mario. Donkey Kong Jr. wants to rescue his Dad, so he braves snapjaws, sparks and birds using the key he collects to unlock the locks. After unlocking all four locks Papa is freed and the game starts from the beginning.</plot>
				<releasedate>12/01/1983</releasedate>
				<year>1983</year>
				<genre>Action</genre>
				<studio>Nintendo Co., Ltd.</studio>
				<nplayers>1</nplayers>
				<ESRB>E - Everyone</ESRB>
				<videoid>bfXT6BpDOzU</videoid>
				<thegamesdb_id>33452</thegamesdb_id>
				<mobygames_url>http://www.mobygames.com/game/dedicated-handheld/game-watch-multi-screen-donkey-kong-ii</mobygames_url>
				<boxart1>https://raw.githubusercontent.com/libretro/libretro-thumbnails/master/Handheld%20Electronic%20Game/Named_Boxarts/Donkey%20Kong%20II%20(Nintendo%2C%20Multi%20Screen).png</boxart1>
				<snapshot1>https://raw.githubusercontent.com/libretro/libretro-thumbnails/master/Handheld%20Electronic%20Game/Named_Snaps/Donkey%20Kong%20II%20(Nintendo%2C%20Multi%20Screen).png</snapshot1>
			</game>
			<game name="Donkey Kong Jr. (Coleco)">
				<description>Donkey Kong Jr. (Coleco)</description>
				<rom name="Donkey%20Kong%20Jr.%20%28Coleco%29.zip" size="2449408" />
				<title_clean>Donkey Kong Jr.</title_clean>
				<nplayers>1</nplayers>
				<ESRB>E - Everyone</ESRB>
				<thegamesdb_id>36929</thegamesdb_id>
				<boxart1>https://raw.githubusercontent.com/libretro/libretro-thumbnails/master/Handheld%20Electronic%20Game/Named_Boxarts/Donkey%20Kong%20Jr.%20(Coleco).png</boxart1>
				<snapshot1>https://raw.githubusercontent.com/libretro/libretro-thumbnails/master/Handheld%20Electronic%20Game/Named_Snaps/Donkey%20Kong%20Jr.%20(Coleco).png</snapshot1>
			</game>
			<game name="Donkey Kong Jr. (Nintendo Panorama Screen)">
				<description>Donkey Kong Jr. (Nintendo Panorama Screen)</description>
				<rom name="Donkey%20Kong%20Jr.%20%28Nintendo%20Panorama%20Screen%29.zip" size="2450432" />
				<title_clean>Donkey Kong Jr.</title_clean>
				<plot>Mario has again locked up Donkey Kong, this time in a cage. Junior is off to help his papa. To do this he has to evade snapjaws and attacking birds. He can knock down a bird or snapjaw by dropping a fruit on them. Now to the difficult part. Once you reach the edge next to the cage, you have to time your jump perfectly to grab the swinging key and unlock part of the cage. After 4 sections are unlocked Donkey Kong is freed.</plot>
				<releasedate>10/26/1982</releasedate>
				<year>1982</year>
				<genre>Action</genre>
				<studio>Nintendo Co., Ltd.</studio>
				<nplayers>1</nplayers>
				<ESRB>E - Everyone</ESRB>
				<thegamesdb_id>33454</thegamesdb_id>
				<mobygames_url>http://www.mobygames.com/game/dedicated-handheld/game-watch-panorama-screen-donkey-kong-jr</mobygames_url>
				<boxart1>http://thegamesdb.net/banners/boxart/original/front/33454-1.jpg</boxart1>
			</game>
			<game name="Donkey Kong Jr. (Nintendo, Table Top)">
				<description>Donkey Kong Jr. (Nintendo, Table Top)</description>
				<rom name="Donkey%20Kong%20Jr.%20%28Nintendo%2C%20Table%20Top%29.zip" size="2351104" />
				<title_clean>Donkey Kong Jr.</title_clean>
				<nplayers>1</nplayers>
				<ESRB>E - Everyone</ESRB>
				<thegamesdb_id>37201</thegamesdb_id>
				<boxart1>https://raw.githubusercontent.com/libretro/libretro-thumbnails/master/Handheld%20Electronic%20Game/Named_Boxarts/Donkey%20Kong%20Jr.%20(Nintendo%2C%20Table%20Top).png</boxart1>
				<snapshot1>https://raw.githubusercontent.com/libretro/libretro-thumbnails/master/Handheld%20Electronic%20Game/Named_Snaps/Donkey%20Kong%20Jr.%20(Nintendo%2C%20Table%20Top).png</snapshot1>
			</game>
			<game name="Dungeons &amp; Dragons Computer Fantasy Game (Mattel Electronics, Arcade Action Series)">
				<description>Dungeons &amp; Dragons Computer Fantasy Game (Mattel Electronics, Arcade Action Series)</description>
				<rom name="Dungeons%20%26%20Dragons%20Computer%20Fantasy%20Game%20%28Mattel%20Electronics%2C%20Arcade%20Action%20Series%29.zip" size="921600" />
				<title_clean>Dungeons &amp; Dragons Computer Fantasy Game</title_clean>
				<releasedate>05/01/1981</releasedate>
				<year>1981</year>
				<genre>RPG</genre>
				<nplayers>1</nplayers>
				<ESRB>E - Everyone</ESRB>
				<thegamesdb_id>36930</thegamesdb_id>
				<boxart1>https://raw.githubusercontent.com/libretro/libretro-thumbnails/master/Handheld%20Electronic%20Game/Named_Boxarts/Dungeons%20_%20Dragons%20Computer%20Fantasy%20Game%20(Mattel%20Electronics%2C%20Arcade%20Action%20Series).png</boxart1>
				<snapshot1>https://raw.githubusercontent.com/libretro/libretro-thumbnails/master/Handheld%20Electronic%20Game/Named_Snaps/Dungeons%20_%20Dragons%20Computer%20Fantasy%20Game%20(Mattel%20Electronics%2C%20Arcade%20Action%20Series).png</snapshot1>
			</game>
			<game name="Egg (Nintendo, Wide Screen)">
				<description>Egg (Nintendo, Wide Screen)</description>
				<rom name="Egg%20%28Nintendo%2C%20Wide%20Screen%29.zip" size="374784" />
				<title_clean>Egg</title_clean>
				<plot>Egg is nearly the same as Mickey Mouse. Instead of Mickey Mouse you have to move a Wolf who has a hat in his hands. Instead of Minnie there's a cock looking out of the window. Another difference to Mickey Mouse is that Egg is a bit more difficult to play, but nobody knows why.</plot>
				<releasedate>10/16/1981</releasedate>
				<year>1981</year>
				<nplayers>1</nplayers>
				<ESRB>E - Everyone</ESRB>
				<thegamesdb_id>33455</thegamesdb_id>
				<boxart1>https://raw.githubusercontent.com/libretro/libretro-thumbnails/master/Handheld%20Electronic%20Game/Named_Boxarts/Egg%20(Nintendo%2C%20Wide%20Screen).png</boxart1>
				<snapshot1>https://raw.githubusercontent.com/libretro/libretro-thumbnails/master/Handheld%20Electronic%20Game/Named_Snaps/Egg%20(Nintendo%2C%20Wide%20Screen).png</snapshot1>
			</game>
			<game name="Engine Room (VTech, Explorer Time &amp; Fun)">
				<description>Engine Room (VTech, Explorer Time &amp; Fun)</description>
				<rom name="Engine%20Room%20%28VTech%2C%20Explorer%20Time%20%26%20Fun%29.zip" size="905216" />
				<title_clean>Engine Room</title_clean>
				<nplayers>1</nplayers>
				<ESRB>E - Everyone</ESRB>
				<thegamesdb_id>37203</thegamesdb_id>
				<boxart1>https://raw.githubusercontent.com/libretro/libretro-thumbnails/master/Handheld%20Electronic%20Game/Named_Boxarts/Engine%20Room%20(VTech%2C%20Explorer%20Time%20_%20Fun).png</boxart1>
				<snapshot1>https://raw.githubusercontent.com/libretro/libretro-thumbnails/master/Handheld%20Electronic%20Game/Named_Snaps/Engine%20Room%20(VTech%2C%20Explorer%20Time%20_%20Fun).png</snapshot1>
			</game>
			<game name="Escape (VTech, Time &amp; Fun)">
				<description>Escape (VTech, Time &amp; Fun)</description>
				<rom name="Escape%20%28VTech%2C%20Time%20%26%20Fun%29.zip" size="829440" />
				<title_clean>Escape</title_clean>
				<nplayers>1</nplayers>
				<ESRB>E - Everyone</ESRB>
				<thegamesdb_id>37204</thegamesdb_id>
				<boxart1>https://raw.githubusercontent.com/libretro/libretro-thumbnails/master/Handheld%20Electronic%20Game/Named_Boxarts/Escape%20(VTech%2C%20Time%20_%20Fun).png</boxart1>
				<snapshot1>https://raw.githubusercontent.com/libretro/libretro-thumbnails/master/Handheld%20Electronic%20Game/Named_Snaps/Escape%20(VTech%2C%20Time%20_%20Fun).png</snapshot1>
			</game>
			<game name="Explorers of Space (Elektronika)">
				<description>Explorers of Space (Elektronika)</description>
				<rom name="Explorers%20of%20Space%20%28Elektronika%29.zip" size="347136" />
				<title_clean>Explorers of Space</title_clean>
				<nplayers>1</nplayers>
				<ESRB>E - Everyone</ESRB>
				<thegamesdb_id>37205</thegamesdb_id>
				<boxart1>https://raw.githubusercontent.com/libretro/libretro-thumbnails/master/Handheld%20Electronic%20Game/Named_Boxarts/Explorers%20of%20Space%20(Elektronika).png</boxart1>
				<snapshot1>https://raw.githubusercontent.com/libretro/libretro-thumbnails/master/Handheld%20Electronic%20Game/Named_Snaps/Explorers%20of%20Space%20(Elektronika).png</snapshot1>
			</game>
			<game name="Fowling (Elektronika)">
				<description>Fowling (Elektronika)</description>
				<rom name="Fowling%20%28Elektronika%29.zip" size="337920" />
				<title_clean>Fowling</title_clean>
				<plot>Russian variation of Egg.</plot>
				<releasedate>01/01/1989</releasedate>
				<year>1989</year>
				<nplayers>1</nplayers>
				<ESRB>E - Everyone</ESRB>
				<thegamesdb_id>37228</thegamesdb_id>
				<boxart1>https://raw.githubusercontent.com/libretro/libretro-thumbnails/master/Handheld%20Electronic%20Game/Named_Boxarts/Fowling%20(Elektronika).png</boxart1>
				<snapshot1>https://raw.githubusercontent.com/libretro/libretro-thumbnails/master/Handheld%20Electronic%20Game/Named_Snaps/Fowling%20(Elektronika).png</snapshot1>
			</game>
			<game name="Frog Boaster (Elektronika)">
				<description>Frog Boaster (Elektronika)</description>
				<rom name="Frog%20Boaster%20%28Elektronika%29.zip" size="337920" />
				<title_clean>Frog Boaster</title_clean>
				<nplayers>1</nplayers>
				<ESRB>E - Everyone</ESRB>
				<thegamesdb_id>37229</thegamesdb_id>
				<boxart1>https://raw.githubusercontent.com/libretro/libretro-thumbnails/master/Handheld%20Electronic%20Game/Named_Boxarts/Frog%20Boaster%20(Elektronika).png</boxart1>
				<snapshot1>https://raw.githubusercontent.com/libretro/libretro-thumbnails/master/Handheld%20Electronic%20Game/Named_Snaps/Frog%20Boaster%20(Elektronika).png</snapshot1>
			</game>
			<game name="Galaxy II (Epoch)">
				<description>Galaxy II (Epoch)</description>
				<rom name="Galaxy%20II%20%28Epoch%29.zip" size="2027520" />
				<title_clean>Galaxy II</title_clean>
				<nplayers>1</nplayers>
				<ESRB>E - Everyone</ESRB>
				<thegamesdb_id>37206</thegamesdb_id>
				<boxart1>https://raw.githubusercontent.com/libretro/libretro-thumbnails/master/Handheld%20Electronic%20Game/Named_Boxarts/Galaxy%20II%20(Epoch).png</boxart1>
				<snapshot1>https://raw.githubusercontent.com/libretro/libretro-thumbnails/master/Handheld%20Electronic%20Game/Named_Snaps/Galaxy%20II%20(Epoch).png</snapshot1>
			</game>
			<game name="Grab Man (unknown manufacturer, Game &amp; Time)">
				<description>Grab Man (unknown manufacturer, Game &amp; Time)</description>
				<rom name="Grab%20Man%20%28unknown%20manufacturer%2C%20Game%20%26%20Time%29.zip" size="756736" />
				<title_clean>Grab Man</title_clean>
				<nplayers>1</nplayers>
				<ESRB>E - Everyone</ESRB>
				<thegamesdb_id>37207</thegamesdb_id>
				<boxart1>https://raw.githubusercontent.com/libretro/libretro-thumbnails/master/Handheld%20Electronic%20Game/Named_Boxarts/Grab%20Man%20(unknown%20manufacturer%2C%20Game%20_%20Time).png</boxart1>
				<snapshot1>https://raw.githubusercontent.com/libretro/libretro-thumbnails/master/Handheld%20Electronic%20Game/Named_Snaps/Grab%20Man%20(unknown%20manufacturer%2C%20Game%20_%20Time).png</snapshot1>
			</game>
			<game name="Hippo Teeth (VTech, Mini Time &amp; Fun)">
				<description>Hippo Teeth (VTech, Mini Time &amp; Fun)</description>
				<rom name="Hippo%20Teeth%20%28VTech%2C%20Mini%20Time%20%26%20Fun%29.zip" size="727040" />
				<title_clean>Hippo Teeth</title_clean>
				<nplayers>1</nplayers>
				<ESRB>E - Everyone</ESRB>
				<thegamesdb_id>37188</thegamesdb_id>
				<boxart1>https://raw.githubusercontent.com/libretro/libretro-thumbnails/master/Handheld%20Electronic%20Game/Named_Boxarts/Hippo%20Teeth%20(VTech%2C%20Mini%20Time%20_%20Fun).png</boxart1>
				<snapshot1>https://raw.githubusercontent.com/libretro/libretro-thumbnails/master/Handheld%20Electronic%20Game/Named_Snaps/Hippo%20Teeth%20(VTech%2C%20Mini%20Time%20_%20Fun).png</snapshot1>
			</game>
			<game name="Hippo Teeth (VTech, Sporty Time &amp; Fun)">
				<description>Hippo Teeth (VTech, Sporty Time &amp; Fun)</description>
				<rom name="Hippo%20Teeth%20%28VTech%2C%20Sporty%20Time%20%26%20Fun%29.zip" size="691200" />
				<title_clean>Hippo Teeth</title_clean>
				<nplayers>1</nplayers>
				<ESRB>E - Everyone</ESRB>
				<thegamesdb_id>37217</thegamesdb_id>
				<boxart1>https://raw.githubusercontent.com/libretro/libretro-thumbnails/master/Handheld%20Electronic%20Game/Named_Boxarts/Hippo%20Teeth%20(VTech%2C%20Sporty%20Time%20_%20Fun).png</boxart1>
				<snapshot1>https://raw.githubusercontent.com/libretro/libretro-thumbnails/master/Handheld%20Electronic%20Game/Named_Snaps/Hippo%20Teeth%20(VTech%2C%20Sporty%20Time%20_%20Fun).png</snapshot1>
			</game>
			<game name="Hot Line (VTech, Mini Time &amp; Fun)">
				<description>Hot Line (VTech, Mini Time &amp; Fun)</description>
				<rom name="Hot%20Line%20%28VTech%2C%20Mini%20Time%20%26%20Fun%29.zip" size="939008" />
				<title_clean>Hot Line</title_clean>
				<nplayers>1</nplayers>
				<ESRB>E - Everyone</ESRB>
				<thegamesdb_id>37216</thegamesdb_id>
				<boxart1>https://raw.githubusercontent.com/libretro/libretro-thumbnails/master/Handheld%20Electronic%20Game/Named_Boxarts/Hot%20Line%20(VTech%2C%20Mini%20Time%20_%20Fun).png</boxart1>
				<snapshot1>https://raw.githubusercontent.com/libretro/libretro-thumbnails/master/Handheld%20Electronic%20Game/Named_Snaps/Hot%20Line%20(VTech%2C%20Mini%20Time%20_%20Fun).png</snapshot1>
			</game>
			<game name="Hot Line (VTech, Sporty Time &amp; Fun)">
				<description>Hot Line (VTech, Sporty Time &amp; Fun)</description>
				<rom name="Hot%20Line%20%28VTech%2C%20Sporty%20Time%20%26%20Fun%29.zip" size="865280" />
				<title_clean>Hot Line</title_clean>
				<nplayers>1</nplayers>
				<ESRB>E - Everyone</ESRB>
				<thegamesdb_id>37214</thegamesdb_id>
				<boxart1>https://raw.githubusercontent.com/libretro/libretro-thumbnails/master/Handheld%20Electronic%20Game/Named_Boxarts/Hot%20Line%20(VTech%2C%20Sporty%20Time%20_%20Fun).png</boxart1>
				<snapshot1>https://raw.githubusercontent.com/libretro/libretro-thumbnails/master/Handheld%20Electronic%20Game/Named_Snaps/Hot%20Line%20(VTech%2C%20Sporty%20Time%20_%20Fun).png</snapshot1>
			</game>
			<game name="Las Vegas (Bandai, LCD Game Digital)">
				<description>Las Vegas (Bandai, LCD Game Digital)</description>
				<rom name="Las%20Vegas%20%28Bandai%2C%20LCD%20Game%20Digital%29.zip" size="344064" />
				<title_clean>Las Vegas</title_clean>
				<nplayers>1</nplayers>
				<ESRB>E - Everyone</ESRB>
				<thegamesdb_id>37187</thegamesdb_id>
				<boxart1>https://raw.githubusercontent.com/libretro/libretro-thumbnails/master/Handheld%20Electronic%20Game/Named_Boxarts/Las%20Vegas%20(Bandai%2C%20LCD%20Game%20Digital).png</boxart1>
				<snapshot1>https://raw.githubusercontent.com/libretro/libretro-thumbnails/master/Handheld%20Electronic%20Game/Named_Snaps/Las%20Vegas%20(Bandai%2C%20LCD%20Game%20Digital).png</snapshot1>
			</game>
			<game name="Lifeboat (Nintendo, Multi Screen)">
				<description>Lifeboat (Nintendo, Multi Screen)</description>
				<rom name="Lifeboat%20%28Nintendo%2C%20Multi%20Screen%29.zip" size="656384" />
				<title_clean>Lifeboat</title_clean>
				<plot>In Lifeboat a fire breaks out on a luxury passenger liner. Your mission is to try to rescue the passengers abandoning ship by placing a lifeboat below them. The lifeboat can hold up to 4 people, so you need to offload passengers all the time by pulling the lifeboat towards the shore so the passengers can get off. Can you save them?</plot>
				<releasedate>11/25/1983</releasedate>
				<year>1983</year>
				<nplayers>1</nplayers>
				<ESRB>E - Everyone</ESRB>
				<thegamesdb_id>33456</thegamesdb_id>
				<boxart1>https://raw.githubusercontent.com/libretro/libretro-thumbnails/master/Handheld%20Electronic%20Game/Named_Boxarts/Lifeboat%20(Nintendo%2C%20Multi%20Screen).png</boxart1>
				<snapshot1>https://raw.githubusercontent.com/libretro/libretro-thumbnails/master/Handheld%20Electronic%20Game/Named_Snaps/Lifeboat%20(Nintendo%2C%20Multi%20Screen).png</snapshot1>
			</game>
			<game name="Mario Bros. (Nintendo, Multi Screen)">
				<description>Mario Bros. (Nintendo, Multi Screen)</description>
				<rom name="Mario%20Bros.%20%28Nintendo%2C%20Multi%20Screen%29.zip" size="655360" />
				<title_clean>Mario Bros.</title_clean>
				<plot>In Mario Bros. you actually control 2 characters, Mario and Luigi. They are working in a bottling plant, loading cases on a conveyor belt and onto trucks.</plot>
				<releasedate>03/14/1983</releasedate>
				<year>1983</year>
				<genre>Action</genre>
				<studio>Nintendo Co., Ltd.</studio>
				<nplayers>1</nplayers>
				<ESRB>E - Everyone</ESRB>
				<thegamesdb_id>33457</thegamesdb_id>
				<mobygames_url>http://www.mobygames.com/game/dedicated-handheld/game-watch-multi-screen-mario-bros</mobygames_url>
				<boxart1>https://raw.githubusercontent.com/libretro/libretro-thumbnails/master/Handheld%20Electronic%20Game/Named_Boxarts/Mario%20Bros.%20(Nintendo%2C%20Multi%20Screen).png</boxart1>
				<boxart2>https://i.imgur.com/rxjzGtf.jpg</boxart2>
				<boxart3>http://3.bp.blogspot.com/-fpyVQA_zl2o/Tz08hzwIWLI/AAAAAAAACiE/En_lF98P0qY/s400/_mariobros_box_front.jpg</boxart3>
				<boxart4>http://2.bp.blogspot.com/-wiJ1D-WJINQ/Tz08eJIWwjI/AAAAAAAAChg/EBUHQ-K5bdM/s400/_mariobros_game_front.jpg</boxart4>
				<snapshot1>https://raw.githubusercontent.com/libretro/libretro-thumbnails/master/Handheld%20Electronic%20Game/Named_Snaps/Mario%20Bros.%20(Nintendo%2C%20Multi%20Screen).png</snapshot1>
				<snapshot2>http://www.mobygames.com/images/shots/l/886248-game-watch-multi-screen-mario-bros-dedicated-handheld-screenshot.jpg</snapshot2>
				<snapshot3>http://www.mobygames.com/images/shots/l/886249-game-watch-multi-screen-mario-bros-dedicated-handheld-screenshot.jpg</snapshot3>
				<snapshot4>http://thegamesdb.net/banners/boxart/original/front/33457-1.jpg</snapshot4>
				<fanart1>https://upload.wikimedia.org/wikipedia/commons/a/ae/Mario_Bros._-_Game%26Watch_-_Nintendo.jpg</fanart1>
			</game>
			<game name="Mario's Bombs Away (Nintendo, Panorama Screen)">
				<description>Mario's Bombs Away (Nintendo, Panorama Screen)</description>
				<rom name="Mario%27s%20Bombs%20Away%20%28Nintendo%2C%20Panorama%20Screen%29.zip" size="1804288" />
				<title_clean>Mario's Bombs Away</title_clean>
				<plot>Game &amp; Watch Panorama Screen: Mario's Bombs Away is the fourth game in the sixth series of Game &amp; Watch games published by Nintendo, also known as the Panorama Screen Series. With it's tilt-able screen, this series managed to offer the same experience as the Table Top Series, but on a much more portable format and for a more affordable price. Of the six titles in the series, three were re-editions of previous Table Top Games. Mario's Bombs Away isn't one of the re-editions of the Table Top Versions which were released before, but a new game in the G&amp;W franchise. The player controls Mario transporting bombs from one side of the screen to the other. Whilst moving, enemies in the trees above try to light the fuse. To avoid the possible explosion, one must press the up/down button, allowing you to lower the bomb to hip level, dodging the ambush from above. The ground you traverse on is riddled with multiple oil puddles and carelessly thrown away cigarette ends from your comrades. As in Turtle Bridge the person collecting the bombs from Mario does so on a irregular basis.</plot>
				<genre>Action</genre>
				<studio>Nintendo Co., Ltd.</studio>
				<nplayers>1</nplayers>
				<ESRB>E - Everyone</ESRB>
				<thegamesdb_id>37213</thegamesdb_id>
				<mobygames_url>http://www.mobygames.com/game/dedicated-handheld/game-watch-panorama-screen-marios-bombs-away</mobygames_url>
				<boxart1>https://raw.githubusercontent.com/libretro/libretro-thumbnails/master/Handheld%20Electronic%20Game/Named_Boxarts/Mario's%20Bombs%20Away%20(Nintendo%2C%20Panorama%20Screen).png</boxart1>
				<snapshot1>https://raw.githubusercontent.com/libretro/libretro-thumbnails/master/Handheld%20Electronic%20Game/Named_Snaps/Mario's%20Bombs%20Away%20(Nintendo%2C%20Panorama%20Screen).png</snapshot1>
			</game>
			<game name="Mickey Mouse (Nintendo, Panorama Screen)">
				<description>Mickey Mouse (Nintendo, Panorama Screen)</description>
				<rom name="Mickey%20Mouse%20%28Nintendo%2C%20Panorama%20Screen%29.zip" size="1486848" />
				<title_clean>Mickey Mouse</title_clean>
				<plot>Game &amp; Watch Panorama Screen: Mickey Mouse is the fifth game in the sixth series of Game &amp; Watch games published by Nintendo, also known as the Panorama Screen Series. With it's tilt-able screen, this series managed to offer the same experience as the Table Top Series, but on a much more portable format and for a more affordable price. Of the six titles in the series, three were re-editions of previous Table Top Games. Unpublished in Japan.Mickey Mouse isn't one of the re-editions of the Table Top Versions which were released before, despite Mickey's appearance in some of the other G&amp;W series games. Mickey Mouse can be seen as an alternate version of Donkey Kong Circus. Instead of controlling Donkey Kong, the player controls Mickey Mouse and Donald Duck is standing on the side instead of Mario. Compared to the mockery Mario displayed in Donkey Kong Circus, Donald isn't mocking Mickey. On the contrary, he jumps as if he was panicked and worried about Mickey's well-being. It's concept and gameplay are the same as Donkey Kong CircusThe product code of this game MK-95 and the sixth game in this series Donkey Kong Circus, codenamed MK-96, seemed to have their  code names switched, since MK (= Mickey Mouse) and DC (= Donkey Kong Circus), but this isn't the case.</plot>
				<genre>Action</genre>
				<studio>Nintendo of America Inc.</studio>
				<nplayers>1</nplayers>
				<ESRB>E - Everyone</ESRB>
				<thegamesdb_id>37218</thegamesdb_id>
				<mobygames_url>http://www.mobygames.com/game/dedicated-handheld/game-watch-panorama-screen-mickey-mouse</mobygames_url>
				<boxart1>https://raw.githubusercontent.com/libretro/libretro-thumbnails/master/Handheld%20Electronic%20Game/Named_Boxarts/Mickey%20Mouse%20(Nintendo%2C%20Panorama%20Screen).png</boxart1>
				<snapshot1>https://raw.githubusercontent.com/libretro/libretro-thumbnails/master/Handheld%20Electronic%20Game/Named_Snaps/Mickey%20Mouse%20(Nintendo%2C%20Panorama%20Screen).png</snapshot1>
			</game>
			<game name="Mickey Mouse (Nintendo, Wide Screen)">
				<description>Mickey Mouse (Nintendo, Wide Screen)</description>
				<rom name="Mickey%20Mouse%20%28Nintendo%2C%20Wide%20Screen%29.zip" size="421888" />
				<title_clean>Mickey Mouse</title_clean>
				<plot>There are four hens. In each corner of the game one hen is sitting on its shelf. They're laying eggs all the time. The eggs are rolling down the shelves and you have to move Mickey Mouse who has a basket in his arms, so that the eggs fall in Mickey's basket.</plot>
				<releasedate>10/09/1981</releasedate>
				<year>1981</year>
				<genre>Action</genre>
				<studio>Nintendo Co., Ltd.</studio>
				<nplayers>1</nplayers>
				<ESRB>E - Everyone</ESRB>
				<thegamesdb_id>33458</thegamesdb_id>
				<mobygames_url>http://www.mobygames.com/game/dedicated-handheld/game-watch-wide-screen-mickey-mouse</mobygames_url>
				<boxart1>https://raw.githubusercontent.com/libretro/libretro-thumbnails/master/Handheld%20Electronic%20Game/Named_Boxarts/Mickey%20Mouse%20(Nintendo%2C%20Wide%20Screen).png</boxart1>
				<snapshot1>https://raw.githubusercontent.com/libretro/libretro-thumbnails/master/Handheld%20Electronic%20Game/Named_Snaps/Mickey%20Mouse%20(Nintendo%2C%20Wide%20Screen).png</snapshot1>
			</game>
			<game name="Monkey (VTech, Time &amp; Fun)">
				<description>Monkey (VTech, Time &amp; Fun)</description>
				<rom name="Monkey%20%28VTech%2C%20Time%20%26%20Fun%29.zip" size="624640" />
				<title_clean>Monkey</title_clean>
				<nplayers>1</nplayers>
				<ESRB>E - Everyone</ESRB>
				<thegamesdb_id>37219</thegamesdb_id>
				<boxart1>https://raw.githubusercontent.com/libretro/libretro-thumbnails/master/Handheld%20Electronic%20Game/Named_Boxarts/Monkey%20(VTech%2C%20Time%20_%20Fun).png</boxart1>
				<snapshot1>https://raw.githubusercontent.com/libretro/libretro-thumbnails/master/Handheld%20Electronic%20Game/Named_Snaps/Monkey%20(VTech%2C%20Time%20_%20Fun).png</snapshot1>
			</game>
			<game name="Monkey Jump (VTech, Arcade Time &amp; Fun)">
				<description>Monkey Jump (VTech, Arcade Time &amp; Fun)</description>
				<rom name="Monkey%20Jump%20%28VTech%2C%20Arcade%20Time%20%26%20Fun%29.zip" size="1554432" />
				<title_clean>Monkey Jump</title_clean>
				<nplayers>1</nplayers>
				<ESRB>E - Everyone</ESRB>
				<thegamesdb_id>37220</thegamesdb_id>
				<boxart1>https://raw.githubusercontent.com/libretro/libretro-thumbnails/master/Handheld%20Electronic%20Game/Named_Boxarts/Monkey%20Jump%20(VTech%2C%20Arcade%20Time%20_%20Fun).png</boxart1>
				<snapshot1>https://raw.githubusercontent.com/libretro/libretro-thumbnails/master/Handheld%20Electronic%20Game/Named_Snaps/Monkey%20Jump%20(VTech%2C%20Arcade%20Time%20_%20Fun).png</snapshot1>
			</game>
			<game name="Motor Cross (Queentex)">
				<description>Motor Cross (Queentex)</description>
				<rom name="Motor%20Cross%20%28Queentex%29.zip" size="1727488" />
				<title_clean>Motor Cross</title_clean>
				<nplayers>1</nplayers>
				<ESRB>E - Everyone</ESRB>
				<thegamesdb_id>37221</thegamesdb_id>
				<boxart1>https://raw.githubusercontent.com/libretro/libretro-thumbnails/master/Handheld%20Electronic%20Game/Named_Boxarts/Motor%20Cross%20(Queentex).png</boxart1>
				<snapshot1>https://raw.githubusercontent.com/libretro/libretro-thumbnails/master/Handheld%20Electronic%20Game/Named_Snaps/Motor%20Cross%20(Queentex).png</snapshot1>
			</game>
			<game name="Pac Man (Tomytronic)">
				<description>Pac Man (Tomytronic)</description>
				<rom name="Pac%20Man%20%28Tomytronic%29.zip" size="781312" />
				<title_clean>Pac Man</title_clean>
				<nplayers>1</nplayers>
				<ESRB>E - Everyone</ESRB>
				<thegamesdb_id>37223</thegamesdb_id>
				<boxart1>https://raw.githubusercontent.com/libretro/libretro-thumbnails/master/Handheld%20Electronic%20Game/Named_Boxarts/Pac%20Man%20(Tomytronic).png</boxart1>
				<snapshot1>https://raw.githubusercontent.com/libretro/libretro-thumbnails/master/Handheld%20Electronic%20Game/Named_Snaps/Pac%20Man%20(Tomytronic).png</snapshot1>
			</game>
			<game name="Pancake (VTech, Time &amp; Fun)">
				<description>Pancake (VTech, Time &amp; Fun)</description>
				<rom name="Pancake%20%28VTech%2C%20Time%20%26%20Fun%29.zip" size="464896" />
				<title_clean>Pancake</title_clean>
				<nplayers>1</nplayers>
				<ESRB>E - Everyone</ESRB>
				<thegamesdb_id>37224</thegamesdb_id>
				<boxart1>https://raw.githubusercontent.com/libretro/libretro-thumbnails/master/Handheld%20Electronic%20Game/Named_Boxarts/Pancake%20(VTech%2C%20Time%20_%20Fun).png</boxart1>
				<snapshot1>https://raw.githubusercontent.com/libretro/libretro-thumbnails/master/Handheld%20Electronic%20Game/Named_Snaps/Pancake%20(VTech%2C%20Time%20_%20Fun).png</snapshot1>
			</game>
			<game name="Parachute (Nintendo, Wide Screen)">
				<description>Parachute (Nintendo, Wide Screen)</description>
				<rom name="Parachute%20%28Nintendo%2C%20Wide%20Screen%29.zip" size="376832" />
				<title_clean>Parachute</title_clean>
				<plot>You have to move a boat left and right, so that the skydivers, which jump out of a helicopter with their parachutes, land in the boat. If you miss a skydiver, he'll be eaten by a shark!</plot>
				<releasedate>06/19/1981</releasedate>
				<year>1981</year>
				<nplayers>1</nplayers>
				<ESRB>E - Everyone</ESRB>
				<videoid>8FZSmLgjxNk</videoid>
				<thegamesdb_id>33459</thegamesdb_id>
				<boxart1>https://raw.githubusercontent.com/libretro/libretro-thumbnails/master/Handheld%20Electronic%20Game/Named_Boxarts/Parachute%20(Nintendo%2C%20Wide%20Screen).png</boxart1>
				<snapshot1>https://raw.githubusercontent.com/libretro/libretro-thumbnails/master/Handheld%20Electronic%20Game/Named_Snaps/Parachute%20(Nintendo%2C%20Wide%20Screen).png</snapshot1>
			</game>
			<game name="Penguin Land (Bandai LSI Game Double Play)">
				<description>Penguin Land (Bandai LSI Game Double Play)</description>
				<rom name="Penguin%20Land%20%28Bandai%20LSI%20Game%20Double%20Play%29.zip" size="1403904" />
				<title_clean>Penguin Land</title_clean>
				<boxart1>https://i.ytimg.com/vi/y8-AdhqtkoE/hqdefault.jpg</boxart1>
			</game>
			<game name="Pirate (VTech, Time &amp; Fun)">
				<description>Pirate (VTech, Time &amp; Fun)</description>
				<rom name="Pirate%20%28VTech%2C%20Time%20%26%20Fun%29.zip" size="611328" />
				<title_clean>Pirate</title_clean>
				<plot>This may be one of those sites that really hits the nostalgia bone in a tasteful way. From what I can tell a Polish website by the name of "Hipopolam" has taken many of the Game &amp; Watch style handhelds and presented them in a way that you can really appreciate artwork and design of the device itself. It's kinda dumb but kinda great at the same time, I thoroughly recommend anyone have a browse who wants to jump back a few decades in LCD technology.</plot>
				<releasedate>01/01/1983</releasedate>
				<year>1983</year>
				<genre>Action</genre>
				<nplayers>1</nplayers>
				<ESRB>E - Everyone</ESRB>
				<thegamesdb_id>37186</thegamesdb_id>
				<boxart1>https://raw.githubusercontent.com/libretro/libretro-thumbnails/master/Handheld%20Electronic%20Game/Named_Boxarts/Pirate%20(VTech%2C%20Time%20_%20Fun).png</boxart1>
				<snapshot1>https://raw.githubusercontent.com/libretro/libretro-thumbnails/master/Handheld%20Electronic%20Game/Named_Snaps/Pirate%20(VTech%2C%20Time%20_%20Fun).png</snapshot1>
			</game>
			<game name="Roller Coaster (VTech, Explorer Time &amp; Fun)">
				<description>Roller Coaster (VTech, Explorer Time &amp; Fun)</description>
				<rom name="Roller%20Coaster%20%28VTech%2C%20Explorer%20Time%20%26%20Fun%29.zip" size="456704" />
				<title_clean>Roller Coaster</title_clean>
				<nplayers>1</nplayers>
				<ESRB>E - Everyone</ESRB>
				<thegamesdb_id>37225</thegamesdb_id>
				<boxart1>https://raw.githubusercontent.com/libretro/libretro-thumbnails/master/Handheld%20Electronic%20Game/Named_Boxarts/Roller%20Coaster%20(VTech%2C%20Explorer%20Time%20_%20Fun).png</boxart1>
				<snapshot1>https://raw.githubusercontent.com/libretro/libretro-thumbnails/master/Handheld%20Electronic%20Game/Named_Snaps/Roller%20Coaster%20(VTech%2C%20Explorer%20Time%20_%20Fun).png</snapshot1>
			</game>
			<game name="Safari (VTech, Time &amp; Fun)">
				<description>Safari (VTech, Time &amp; Fun)</description>
				<rom name="Safari%20%28VTech%2C%20Time%20%26%20Fun%29.zip" size="789504" />
				<title_clean>Safari</title_clean>
				<nplayers>1</nplayers>
				<ESRB>E - Everyone</ESRB>
				<thegamesdb_id>37226</thegamesdb_id>
				<boxart1>https://raw.githubusercontent.com/libretro/libretro-thumbnails/master/Handheld%20Electronic%20Game/Named_Boxarts/Safari%20(VTech%2C%20Time%20_%20Fun).png</boxart1>
				<snapshot1>https://raw.githubusercontent.com/libretro/libretro-thumbnails/master/Handheld%20Electronic%20Game/Named_Snaps/Safari%20(VTech%2C%20Time%20_%20Fun).png</snapshot1>
			</game>
			<game name="Sleep Walker (VTech, Time &amp; Fun)">
				<description>Sleep Walker (VTech, Time &amp; Fun)</description>
				<rom name="Sleep%20Walker%20%28VTech%2C%20Time%20%26%20Fun%29.zip" size="501760" />
				<title_clean>Sleep Walker</title_clean>
				<nplayers>1</nplayers>
				<ESRB>E - Everyone</ESRB>
				<thegamesdb_id>37227</thegamesdb_id>
				<boxart1>https://raw.githubusercontent.com/libretro/libretro-thumbnails/master/Handheld%20Electronic%20Game/Named_Boxarts/Sleep%20Walker%20(VTech%2C%20Time%20_%20Fun).png</boxart1>
				<snapshot1>https://raw.githubusercontent.com/libretro/libretro-thumbnails/master/Handheld%20Electronic%20Game/Named_Snaps/Sleep%20Walker%20(VTech%2C%20Time%20_%20Fun).png</snapshot1>
			</game>
			<game name="Snoopy (Nintendo, Panorama Screen)">
				<description>Snoopy (Nintendo, Panorama Screen)</description>
				<rom name="Snoopy%20%28Nintendo%2C%20Panorama%20Screen%29.zip" size="2304000" />
				<title_clean>Snoopy</title_clean>
				<plot>Snoopy is the same as the Tabletop version (SM-73). You operate Snoopy left and right to strike down the notes that come from Schroeders piano with his hammer, so Woodstock may sleep in peace. Watch out that you don't jump too far left or right or you will fall down.</plot>
				<releasedate>08/30/1983</releasedate>
				<year>1983</year>
				<nplayers>1</nplayers>
				<ESRB>E - Everyone</ESRB>
				<videoid>7Jezpy1wSoM</videoid>
				<thegamesdb_id>33460</thegamesdb_id>
				<boxart1>https://raw.githubusercontent.com/libretro/libretro-thumbnails/master/Handheld%20Electronic%20Game/Named_Boxarts/Snoopy%20(Nintendo%2C%20Panorama%20Screen).png</boxart1>
				<snapshot1>https://raw.githubusercontent.com/libretro/libretro-thumbnails/master/Handheld%20Electronic%20Game/Named_Snaps/Snoopy%20(Nintendo%2C%20Panorama%20Screen).png</snapshot1>
				<clearlogo1>http://thegamesdb.net/banners/clearlogo/33460.png</clearlogo1>
			</game>
			<game name="Snoopy (Nintendo, Table Top)">
				<description>Snoopy (Nintendo, Table Top)</description>
				<rom name="Snoopy%20%28Nintendo%2C%20Table%20Top%29.zip" size="2201600" />
				<title_clean>Snoopy</title_clean>
				<nplayers>1</nplayers>
				<ESRB>E - Everyone</ESRB>
				<thegamesdb_id>37212</thegamesdb_id>
				<boxart1>https://raw.githubusercontent.com/libretro/libretro-thumbnails/master/Handheld%20Electronic%20Game/Named_Boxarts/Snoopy%20(Nintendo%2C%20Table%20Top).png</boxart1>
				<snapshot1>https://raw.githubusercontent.com/libretro/libretro-thumbnails/master/Handheld%20Electronic%20Game/Named_Snaps/Snoopy%20(Nintendo%2C%20Table%20Top).png</snapshot1>
			</game>
			<game name="Snoopy Tennis (Nintendo, Wide Screen)">
				<description>Snoopy Tennis (Nintendo, Wide Screen)</description>
				<rom name="Snoopy%20Tennis%20%28Nintendo%2C%20Wide%20Screen%29.zip" size="556032" />
				<title_clean>Snoopy Tennis</title_clean>
				<plot>You are Snoopy and you're playing tennis with you friends Charlie Brown and Lucy. Charlie throws the balls against you and you have to throw them back by standing in the right position and hitting the ball. If you hit the ball, it will be thrown back and will fly over Charlie. Sometimes there's Lucy, who hits back the ball, so they come to you again and you have to hit them a second or a third time. If Lucy doesn't appear the tennis ball will fly out of the screen.</plot>
				<releasedate>04/28/1982</releasedate>
				<year>1982</year>
				<genre>Sports</genre>
				<studio>Nintendo Co., Ltd.</studio>
				<nplayers>1</nplayers>
				<ESRB>E - Everyone</ESRB>
				<videoid>TBHm5aper6k</videoid>
				<thegamesdb_id>33461</thegamesdb_id>
				<mobygames_url>http://www.mobygames.com/game/dedicated-handheld/game-watch-wide-screen-snoopy-tennis</mobygames_url>
				<boxart1>https://raw.githubusercontent.com/libretro/libretro-thumbnails/master/Handheld%20Electronic%20Game/Named_Boxarts/Snoopy%20Tennis%20(Nintendo%2C%20Wide%20Screen).png</boxart1>
				<snapshot1>https://raw.githubusercontent.com/libretro/libretro-thumbnails/master/Handheld%20Electronic%20Game/Named_Snaps/Snoopy%20Tennis%20(Nintendo%2C%20Wide%20Screen).png</snapshot1>
			</game>
			<game name="Sub Chase (Mattel Electronics)">
				<description>Sub Chase (Mattel Electronics)</description>
				<rom name="Sub%20Chase%20%28Mattel%20Electronics%29.zip" size="608256" />
				<title_clean>Sub Chase</title_clean>
				<nplayers>1</nplayers>
				<ESRB>E - Everyone</ESRB>
				<thegamesdb_id>37211</thegamesdb_id>
				<boxart1>https://raw.githubusercontent.com/libretro/libretro-thumbnails/master/Handheld%20Electronic%20Game/Named_Boxarts/Sub%20Chase%20(Mattel%20Electronics).png</boxart1>
				<snapshot1>https://raw.githubusercontent.com/libretro/libretro-thumbnails/master/Handheld%20Electronic%20Game/Named_Snaps/Sub%20Chase%20(Mattel%20Electronics).png</snapshot1>
			</game>
			<game name="Tennis Menace (VTech, Sporty Time &amp; Fun)">
				<description>Tennis Menace (VTech, Sporty Time &amp; Fun)</description>
				<rom name="Tennis%20Menace%20%28VTech%2C%20Sporty%20Time%20%26%20Fun%29.zip" size="803840" />
				<title_clean>Tennis Menace</title_clean>
				<nplayers>1</nplayers>
				<ESRB>E - Everyone</ESRB>
				<thegamesdb_id>37210</thegamesdb_id>
				<boxart1>https://raw.githubusercontent.com/libretro/libretro-thumbnails/master/Handheld%20Electronic%20Game/Named_Boxarts/Tennis%20Menace%20(VTech%2C%20Sporty%20Time%20_%20Fun).png</boxart1>
				<snapshot1>https://raw.githubusercontent.com/libretro/libretro-thumbnails/master/Handheld%20Electronic%20Game/Named_Snaps/Tennis%20Menace%20(VTech%2C%20Sporty%20Time%20_%20Fun).png</snapshot1>
			</game>
			<game name="Tom &amp; Jerry Popper (Gakken LCD Card Game)">
				<description>Tom &amp; Jerry Popper (Gakken LCD Card Game)</description>
				<rom name="Tom%20%26%20Jerry%20Popper%20%28Gakken%20LCD%20Card%20Game%29.zip" size="482304" />
				<title_clean>Tom &amp; Jerry Popper</title_clean>
				<releasedate>01/01/1983</releasedate>
				<year>1983</year>
				<genre>Puzzle</genre>
				<nplayers>1</nplayers>
				<thegamesdb_id>46142</thegamesdb_id>
				<boxart1>http://thegamesdb.net/banners/boxart/original/front/46142-1.jpg</boxart1>
			</game>
			<game name="Towering Rescue (Gakken, LCD Card Game)">
				<description>Towering Rescue (Gakken, LCD Card Game)</description>
				<rom name="Towering%20Rescue%20%28Gakken%2C%20LCD%20Card%20Game%29.zip" size="430080" />
				<title_clean>Towering Rescue</title_clean>
				<nplayers>1</nplayers>
				<ESRB>E - Everyone</ESRB>
				<thegamesdb_id>37209</thegamesdb_id>
				<boxart1>https://raw.githubusercontent.com/libretro/libretro-thumbnails/master/Handheld%20Electronic%20Game/Named_Boxarts/Towering%20Rescue%20(Gakken%2C%20LCD%20Card%20Game).png</boxart1>
				<snapshot1>https://raw.githubusercontent.com/libretro/libretro-thumbnails/master/Handheld%20Electronic%20Game/Named_Snaps/Towering%20Rescue%20(Gakken%2C%20LCD%20Card%20Game).png</snapshot1>
			</game>
			<game name="Tron (Tomytronic)">
				<description>Tron (Tomytronic)</description>
				<rom name="Tron%20%28Tomytronic%29.zip" size="1465344" />
				<title_clean>Tron</title_clean>
				<nplayers>1</nplayers>
				<ESRB>E - Everyone</ESRB>
				<thegamesdb_id>37208</thegamesdb_id>
				<boxart1>https://raw.githubusercontent.com/libretro/libretro-thumbnails/master/Handheld%20Electronic%20Game/Named_Boxarts/Tron%20(Tomytronic).png</boxart1>
				<snapshot1>https://raw.githubusercontent.com/libretro/libretro-thumbnails/master/Handheld%20Electronic%20Game/Named_Snaps/Tron%20(Tomytronic).png</snapshot1>
			</game>
			<game name="Turtle Bridge (Nintendo, Wide Screen)">
				<description>Turtle Bridge (Nintendo, Wide Screen)</description>
				<rom name="Turtle%20Bridge%20%28Nintendo%2C%20Wide%20Screen%29.zip" size="666624" />
				<title_clean>Turtle Bridge</title_clean>
				<plot>Your job is to bring parcels form one shore to the opposite. There are five turtles in the water between the two shores. You take one parcel, jump down on the first turtle and then on all the other turtles to reach the other shore. There you have give the parcel to another person. You have to go back to get a new parcel. Sometimes the turtles go down into the water to catch a fish, so you probably fall into the water and get a miss.</plot>
				<releasedate>02/01/1982</releasedate>
				<year>1982</year>
				<genre>Action</genre>
				<studio>Nintendo Co., Ltd.</studio>
				<nplayers>1</nplayers>
				<ESRB>E - Everyone</ESRB>
				<videoid>PNN9BfjlKkA</videoid>
				<thegamesdb_id>33462</thegamesdb_id>
				<mobygames_url>http://www.mobygames.com/game/dedicated-handheld/game-watch-wide-screen-turtle-bridge</mobygames_url>
				<boxart1>https://raw.githubusercontent.com/libretro/libretro-thumbnails/master/Handheld%20Electronic%20Game/Named_Boxarts/Turtle%20Bridge%20(Nintendo%2C%20Wide%20Screen).png</boxart1>
				<snapshot1>https://raw.githubusercontent.com/libretro/libretro-thumbnails/master/Handheld%20Electronic%20Game/Named_Snaps/Turtle%20Bridge%20(Nintendo%2C%20Wide%20Screen).png</snapshot1>
			</game>
			<game name="Wild Man Jump (VTech, Electronic Tini-Arcade)">
				<description>Wild Man Jump (VTech, Electronic Tini-Arcade)</description>
				<rom name="Wild%20Man%20Jump%20%28VTech%2C%20Electronic%20Tini-Arcade%29.zip" size="1666048" />
				<title_clean>Wild Man Jump</title_clean>
				<plot>Another tabletop game, basically a Donkey Kong clone. This game is identical to the Monkey Jump handheld game, and the tabletop version has also been released by Cheryco as Monkey Jump, Innovator Electronics as Jungle Rescue, and also by Ludotronic as Hop' Man in France.</plot>
				<nplayers>1</nplayers>
				<ESRB>E - Everyone</ESRB>
				<thegamesdb_id>36960</thegamesdb_id>
				<boxart1>https://raw.githubusercontent.com/libretro/libretro-thumbnails/master/Handheld%20Electronic%20Game/Named_Boxarts/Wild%20Man%20Jump%20(VTech%2C%20Electronic%20Tini-Arcade).png</boxart1>
				<boxart2>http://thegamesdb.net/banners/boxart/original/back/36960-1.jpg</boxart2>
				<snapshot1>https://raw.githubusercontent.com/libretro/libretro-thumbnails/master/Handheld%20Electronic%20Game/Named_Snaps/Wild%20Man%20Jump%20(VTech%2C%20Electronic%20Tini-Arcade).png</snapshot1>
			</game>
</datafile>